  0
SECTION
  2
HEADER
  9
$ACADVER
  1
AC1032
  9
$ACADMAINTVER
 90
      301
  9
$DWGCODEPAGE
  3
ANSI_949
  9
$LASTSAVEDBY
  1
PCuser
  9
$REQUIREDVERSIONS
160
                 0
  9
$INSBASE
 10
0.0
 20
0.0
 30
0.0
  9
$EXTMIN
 10
9.690952182105064
 20
0.5396790734867701
 30
-2.139243884770083
  9
$EXTMAX
 10
51.96406317431623
 20
38.05497057519067
 30
3.0
  9
$LIMMIN
 10
0.0
 20
0.0
  9
$LIMMAX
 10
12.0
 20
9.0
  9
$ORTHOMODE
 70
     1
  9
$REGENMODE
 70
     1
  9
$FILLMODE
 70
     1
  9
$QTEXTMODE
 70
     0
  9
$MIRRTEXT
 70
     0
  9
$LTSCALE
 40
1.0
  9
$ATTMODE
 70
     1
  9
$TEXTSIZE
 40
0.2
  9
$TRACEWID
 40
0.05
  9
$TEXTSTYLE
  7
Standard
  9
$CLAYER
  8
0
  9
$CELTYPE
  6
ByLayer
  9
$CECOLOR
 62
   256
  9
$CELTSCALE
 40
1.0
  9
$DISPSILH
 70
     0
  9
$DIMSCALE
 40
1.0
  9
$DIMASZ
 40
0.18
  9
$DIMEXO
 40
0.0625
  9
$DIMDLI
 40
0.38
  9
$DIMRND
 40
0.0
  9
$DIMDLE
 40
0.0
  9
$DIMEXE
 40
0.18
  9
$DIMTP
 40
0.0
  9
$DIMTM
 40
0.0
  9
$DIMTXT
 40
0.18
  9
$DIMCEN
 40
0.09
  9
$DIMTSZ
 40
0.0
  9
$DIMTOL
 70
     0
  9
$DIMLIM
 70
     0
  9
$DIMTIH
 70
     1
  9
$DIMTOH
 70
     1
  9
$DIMSE1
 70
     0
  9
$DIMSE2
 70
     0
  9
$DIMTAD
 70
     0
  9
$DIMZIN
 70
     0
  9
$DIMBLK
  1

  9
$DIMASO
 70
     1
  9
$DIMSHO
 70
     1
  9
$DIMPOST
  1
m
  9
$DIMAPOST
  1

  9
$DIMALT
 70
     0
  9
$DIMALTD
 70
     2
  9
$DIMALTF
 40
25.4
  9
$DIMLFAC
 40
1.0
  9
$DIMTOFL
 70
     0
  9
$DIMTVP
 40
0.0
  9
$DIMTIX
 70
     0
  9
$DIMSOXD
 70
     0
  9
$DIMSAH
 70
     0
  9
$DIMBLK1
  1

  9
$DIMBLK2
  1

  9
$DIMSTYLE
  2
Standard
  9
$DIMCLRD
 70
     0
  9
$DIMCLRE
 70
     0
  9
$DIMCLRT
 70
     0
  9
$DIMTFAC
 40
1.0
  9
$DIMGAP
 40
0.09
  9
$DIMJUST
 70
     0
  9
$DIMSD1
 70
     0
  9
$DIMSD2
 70
     0
  9
$DIMTOLJ
 70
     1
  9
$DIMTZIN
 70
     0
  9
$DIMALTZ
 70
     0
  9
$DIMALTTZ
 70
     0
  9
$DIMUPT
 70
     0
  9
$DIMDEC
 70
     1
  9
$DIMTDEC
 70
     1
  9
$DIMALTU
 70
     2
  9
$DIMALTTD
 70
     2
  9
$DIMTXSTY
  7
Standard
  9
$DIMAUNIT
 70
     0
  9
$DIMADEC
 70
     0
  9
$DIMALTRND
 40
0.0
  9
$DIMAZIN
 70
     0
  9
$DIMDSEP
 70
    46
  9
$DIMATFIT
 70
     3
  9
$DIMFRAC
 70
     0
  9
$DIMLDRBLK
  1

  9
$DIMLUNIT
 70
     2
  9
$DIMLWD
 70
    -2
  9
$DIMLWE
 70
    -2
  9
$DIMTMOVE
 70
     0
  9
$DIMFXL
 40
1.0
  9
$DIMFXLON
 70
     0
  9
$DIMJOGANG
 40
0.7853981633974483
  9
$DIMTFILL
 70
     0
  9
$DIMTFILLCLR
 70
     0
  9
$DIMARCSYM
 70
     0
  9
$DIMLTYPE
  6

  9
$DIMLTEX1
  6

  9
$DIMLTEX2
  6

  9
$DIMTXTDIRECTION
 70
     0
  9
$LUNITS
 70
     2
  9
$LUPREC
 70
     4
  9
$SKETCHINC
 40
0.1
  9
$FILLETRAD
 40
0.0
  9
$AUNITS
 70
     0
  9
$AUPREC
 70
     0
  9
$MENU
  1
.
  9
$ELEVATION
 40
0.0
  9
$PELEVATION
 40
0.0
  9
$THICKNESS
 40
0.0
  9
$LIMCHECK
 70
     0
  9
$CHAMFERA
 40
0.0
  9
$CHAMFERB
 40
0.0
  9
$CHAMFERC
 40
0.0
  9
$CHAMFERD
 40
0.0
  9
$SKPOLY
 70
     0
  9
$TDCREATE
 40
2459075.376203704
  9
$TDUCREATE
 40
2459075.001206354
  9
$TDUPDATE
 40
2460535.410416667
  9
$TDUUPDATE
 40
2460535.035416667
  9
$TDINDWG
 40
0.7097173958
  9
$TDUSRTIMER
 40
0.7097173843
  9
$USRTIMER
 70
     1
  9
$ANGBASE
 50
0.0
  9
$ANGDIR
 70
     0
  9
$PDMODE
 70
     0
  9
$PDSIZE
 40
0.0
  9
$PLINEWID
 40
0.0
  9
$SPLFRAME
 70
     0
  9
$SPLINETYPE
 70
     6
  9
$SPLINESEGS
 70
     8
  9
$HANDSEED
  5
32F1
  9
$SURFTAB1
 70
     6
  9
$SURFTAB2
 70
     6
  9
$SURFTYPE
 70
     6
  9
$SURFU
 70
     6
  9
$SURFV
 70
     6
  9
$UCSBASE
  2

  9
$UCSNAME
  2

  9
$UCSORG
 10
0.0
 20
0.0
 30
0.0
  9
$UCSXDIR
 10
1.0
 20
0.0
 30
0.0
  9
$UCSYDIR
 10
0.0
 20
1.0
 30
0.0
  9
$UCSORTHOREF
  2

  9
$UCSORTHOVIEW
 70
     0
  9
$UCSORGTOP
 10
0.0
 20
0.0
 30
0.0
  9
$UCSORGBOTTOM
 10
0.0
 20
0.0
 30
0.0
  9
$UCSORGLEFT
 10
0.0
 20
0.0
 30
0.0
  9
$UCSORGRIGHT
 10
0.0
 20
0.0
 30
0.0
  9
$UCSORGFRONT
 10
0.0
 20
0.0
 30
0.0
  9
$UCSORGBACK
 10
0.0
 20
0.0
 30
0.0
  9
$PUCSBASE
  2

  9
$PUCSNAME
  2

  9
$PUCSORG
 10
0.0
 20
0.0
 30
0.0
  9
$PUCSXDIR
 10
1.0
 20
0.0
 30
0.0
  9
$PUCSYDIR
 10
0.0
 20
1.0
 30
0.0
  9
$PUCSORTHOREF
  2

  9
$PUCSORTHOVIEW
 70
     0
  9
$PUCSORGTOP
 10
0.0
 20
0.0
 30
0.0
  9
$PUCSORGBOTTOM
 10
0.0
 20
0.0
 30
0.0
  9
$PUCSORGLEFT
 10
0.0
 20
0.0
 30
0.0
  9
$PUCSORGRIGHT
 10
0.0
 20
0.0
 30
0.0
  9
$PUCSORGFRONT
 10
0.0
 20
0.0
 30
0.0
  9
$PUCSORGBACK
 10
0.0
 20
0.0
 30
0.0
  9
$USERI1
 70
     0
  9
$USERI2
 70
     0
  9
$USERI3
 70
     0
  9
$USERI4
 70
     0
  9
$USERI5
 70
     0
  9
$USERR1
 40
0.0
  9
$USERR2
 40
0.0
  9
$USERR3
 40
0.0
  9
$USERR4
 40
0.0
  9
$USERR5
 40
0.0
  9
$WORLDVIEW
 70
     1
  9
$SHADEDGE
 70
     3
  9
$SHADEDIF
 70
    70
  9
$TILEMODE
 70
     1
  9
$MAXACTVP
 70
    64
  9
$PINSBASE
 10
0.0
 20
0.0
 30
0.0
  9
$PLIMCHECK
 70
     0
  9
$PEXTMIN
 10
0.0
 20
0.0
 30
0.0
  9
$PEXTMAX
 10
0.0
 20
0.0
 30
0.0
  9
$PLIMMIN
 10
0.0
 20
0.0
  9
$PLIMMAX
 10
12.0
 20
9.0
  9
$UNITMODE
 70
     0
  9
$VISRETAIN
 70
     1
  9
$PLINEGEN
 70
     0
  9
$PSLTSCALE
 70
     1
  9
$TREEDEPTH
 70
  3020
  9
$CMLSTYLE
  2
Standard
  9
$CMLJUST
 70
     0
  9
$CMLSCALE
 40
1.0
  9
$PROXYGRAPHICS
 70
     1
  9
$MEASUREMENT
 70
     0
  9
$CELWEIGHT
370
    -1
  9
$ENDCAPS
280
     0
  9
$JOINSTYLE
280
     0
  9
$LWDISPLAY
290
     0
  9
$INSUNITS
 70
     1
  9
$HYPERLINKBASE
  1

  9
$STYLESHEET
  1
Screening 100%.ctb
  9
$XEDIT
290
     1
  9
$CEPSNTYPE
380
     0
  9
$PSTYLEMODE
290
     1
  9
$FINGERPRINTGUID
  2
{103BE82E-E00D-4F9B-A429-5EE5B4C8583C}
  9
$VERSIONGUID
  2
{CC0EA781-B4D3-8E41-B32E-965C4387291E}
  9
$EXTNAMES
290
     1
  9
$PSVPSCALE
 40
0.0
  9
$OLESTARTUP
290
     0
  9
$SORTENTS
280
   127
  9
$INDEXCTL
280
     0
  9
$HIDETEXT
280
     1
  9
$XCLIPFRAME
280
     2
  9
$HALOGAP
280
     0
  9
$OBSCOLOR
 70
   257
  9
$OBSLTYPE
280
     0
  9
$INTERSECTIONDISPLAY
280
     0
  9
$INTERSECTIONCOLOR
 70
   257
  9
$DIMASSOC
280
     2
  9
$PROJECTNAME
  1

  9
$CAMERADISPLAY
290
     0
  9
$LENSLENGTH
 40
50.0
  9
$CAMERAHEIGHT
 40
0.0
  9
$STEPSPERSEC
 40
2.0
  9
$STEPSIZE
 40
100.0
  9
$3DDWFPREC
 40
2.0
  9
$PSOLWIDTH
 40
0.25
  9
$PSOLHEIGHT
 40
4.0
  9
$LOFTANG1
 40
1.570796326794896
  9
$LOFTANG2
 40
1.570796326794896
  9
$LOFTMAG1
 40
0.0
  9
$LOFTMAG2
 40
0.0
  9
$LOFTPARAM
 70
     7
  9
$LOFTNORMALS
280
     1
  9
$LATITUDE
 40
37.795
  9
$LONGITUDE
 40
-122.394
  9
$NORTHDIRECTION
 40
0.0
  9
$TIMEZONE
 70
 -8000
  9
$LIGHTGLYPHDISPLAY
280
     1
  9
$TILEMODELIGHTSYNCH
280
     1
  9
$CMATERIAL
347
96
  9
$SOLIDHIST
280
     0
  9
$SHOWHIST
280
     1
  9
$DWFFRAME
280
     2
  9
$DGNFRAME
280
     0
  9
$REALWORLDSCALE
290
     1
  9
$INTERFERECOLOR
 62
     1
  9
$INTERFEREOBJVS
345
A3
  9
$INTERFEREVPVS
346
A0
  9
$CSHADOW
280
     0
  9
$SHADOWPLANELOCATION
 40
0.0
  0
ENDSEC
  0
SECTION
  2
CLASSES
  0
CLASS
  1
ACDBDICTIONARYWDFLT
  2
AcDbDictionaryWithDefault
  3
ObjectDBX Classes
 90
        0
 91
        1
280
     0
281
     0
  0
CLASS
  1
ACDBPLACEHOLDER
  2
AcDbPlaceHolder
  3
ObjectDBX Classes
 90
        0
 91
        1
280
     0
281
     0
  0
CLASS
  1
LAYOUT
  2
AcDbLayout
  3
ObjectDBX Classes
 90
        0
 91
        3
280
     0
281
     0
  0
CLASS
  1
DICTIONARYVAR
  2
AcDbDictionaryVar
  3
ObjectDBX Classes
 90
        0
 91
        9
280
     0
281
     0
  0
CLASS
  1
TABLESTYLE
  2
AcDbTableStyle
  3
ObjectDBX Classes
 90
     4095
 91
        2
280
     0
281
     0
  0
CLASS
  1
MATERIAL
  2
AcDbMaterial
  3
ObjectDBX Classes
 90
     1153
 91
        3
280
     0
281
     0
  0
CLASS
  1
VISUALSTYLE
  2
AcDbVisualStyle
  3
ObjectDBX Classes
 90
     4095
 91
       25
280
     0
281
     0
  0
CLASS
  1
SCALE
  2
AcDbScale
  3
ObjectDBX Classes
 90
     1153
 91
       33
280
     0
281
     0
  0
CLASS
  1
MLEADERSTYLE
  2
AcDbMLeaderStyle
  3
ACDB_MLEADERSTYLE_CLASS
 90
     4095
 91
        2
280
     0
281
     0
  0
CLASS
  1
CELLSTYLEMAP
  2
AcDbCellStyleMap
  3
ObjectDBX Classes
 90
     1152
 91
        2
280
     0
281
     0
  0
CLASS
  1
EXACXREFPANELOBJECT
  2
ExAcXREFPanelObject
  3
EXAC_ESW
 90
     1025
 91
        0
280
     0
281
     0
  0
CLASS
  1
NPOCOLLECTION
  2
AcDbImpNonPersistentObjectsCollection
  3
ObjectDBX Classes
 90
     1153
 91
        0
280
     0
281
     0
  0
CLASS
  1
LAYER_INDEX
  2
AcDbLayerIndex
  3
ObjectDBX Classes
 90
        0
 91
        0
280
     0
281
     0
  0
CLASS
  1
SPATIAL_INDEX
  2
AcDbSpatialIndex
  3
ObjectDBX Classes
 90
        0
 91
        0
280
     0
281
     0
  0
CLASS
  1
IDBUFFER
  2
AcDbIdBuffer
  3
ObjectDBX Classes
 90
        0
 91
        0
280
     0
281
     0
  0
CLASS
  1
ACDBSECTIONVIEWSTYLE
  2
AcDbSectionViewStyle
  3
ObjectDBX Classes
 90
     1025
 91
        2
280
     0
281
     0
  0
CLASS
  1
ACDBDETAILVIEWSTYLE
  2
AcDbDetailViewStyle
  3
ObjectDBX Classes
 90
     1025
 91
        2
280
     0
281
     0
  0
CLASS
  1
DMMAPMANAGER
  2
AcMapDMMapManager
  3
AcMapDisplayManagement
 90
     1024
 91
        1
280
     0
281
     0
  0
CLASS
  1
DMSTYLELIBRARY
  2
AcMapDMStyleLibrary
  3
AcMapDisplayManagement
 90
     1024
 91
        1
280
     0
281
     0
  0
CLASS
  1
DMSTYLECATEGORY
  2
AcMapDMStyleCategory
  3
AcMapDisplayManagement
 90
     1024
 91
        1
280
     0
281
     0
  0
CLASS
  1
DATATABLE
  2
AcDbDataTable
  3
ObjectDBX Classes
 90
        0
 91
        1
280
     0
281
     0
  0
CLASS
  1
MAPRESOURCEMANAGEROBJECT
  2
AcMapResourceManager
  3
AcMapSharedComponents
 90
     1024
 91
        1
280
     0
281
     0
  0
CLASS
  1
MAPGWSUNDOOBJECT
  2
AcMapGWSUndoRecorder
  3
AcMapFeatureSourceManager
 90
     1025
 91
        0
280
     0
281
     0
  0
CLASS
  1
DMMAP
  2
AcMapDMMap
  3
AcMapDisplayManagement
 90
     1024
 91
        1
280
     0
281
     0
  0
CLASS
  1
DMBASEELEMENT
  2
AcMapDMBaseElement
  3
AcMapDisplayManagement
 90
     1024
 91
        1
280
     0
281
     0
  0
CLASS
  1
DMDEFAULTSTYLE
  2
AcMapDMDefaultStyle
  3
AcMapDisplayManagement
 90
     1024
 91
        1
280
     0
281
     0
  0
CLASS
  1
DMSTYLEREFERENCE
  2
AcMapDMStyleReference
  3
AcMapDisplayManagement
 90
     1024
 91
        1
280
     0
281
     0
  0
CLASS
  1
DMSURROGATESTYLESETS
  2
AcMapDMSurrogateStyleSets
  3
AcMapDisplayManagement
 90
     1153
 91
        1
280
     0
281
     0
  0
CLASS
  1
SORTENTSTABLE
  2
AcDbSortentsTable
  3
ObjectDBX Classes
 90
        0
 91
       12
280
     0
281
     0
  0
CLASS
  1
DMSTYLIZEDENTITIESTABLE
  2
AcMapDMStylizedEntitiesTable
  3
AcMapDisplayManagement
 90
     1024
 91
        1
280
     0
281
     0
  0
CLASS
  1
SUN
  2
AcDbSun
  3
SCENEOE
 90
     1153
 91
        1
280
     0
281
     0
  0
CLASS
  1
MULTILEADER
  2
AcDbMLeader
  3
ACDB_MLEADER_CLASS
 90
     1025
 91
        0
280
     0
281
     1
  0
CLASS
  1
DIMASSOC
  2
AcDbDimAssoc
  3
"AcDbDimAssoc|Product Desc:     AcDim ARX App For Dimension|Company:          Autodesk, Inc.|WEB Address:      www.autodesk.com"
 90
        0
 91
        2
280
     0
281
     0
  0
CLASS
  1
ACAD_EVALUATION_GRAPH
  2
AcDbEvalGraph
  3
ObjectDBX Classes
 90
     1153
 91
        0
280
     0
281
     0
  0
CLASS
  1
ACAECUSTOBJ
  2
AcAeEditorObj
  3
AcAeEditorObj
 90
     1024
 91
        0
280
     0
281
     0
  0
ENDSEC
  0
SECTION
  2
TABLES
  0
TABLE
  2
VPORT
  5
8
330
0
100
AcDbSymbolTable
 70
     1
  0
VPORT
  5
94
330
8
100
AcDbSymbolTableRecord
100
AcDbViewportTableRecord
  2
*Active
 70
     0
 10
0.0
 20
0.0
 11
1.0
 21
1.0
 12
38.78822536379133
 22
12.87027160761889
 13
0.0
 23
0.0
 14
0.5
 24
0.5
 15
0.5
 25
0.5
 16
0.0
 26
0.0
 36
1.0
 17
0.0
 27
0.0
 37
0.0
 40
13.96535460871948
 41
2.338748984565393
 42
50.0
 43
0.0
 44
0.0
 50
0.0
 51
0.0
 71
     0
 72
  1000
 73
     1
 74
     3
 75
     0
 76
     0
 77
     0
 78
     0
281
     0
 65
     1
110
0.0
120
0.0
130
0.0
111
1.0
121
0.0
131
0.0
112
0.0
122
1.0
132
0.0
 79
     0
146
0.0
348
9F
 60
     3
 61
     5
292
     1
282
     1
141
0.0
142
0.0
 63
   250
421
  3355443
361
1F3
1001
ACAD_NAV_VCDISPLAY
1070
     3
  0
ENDTAB
  0
TABLE
  2
LTYPE
  5
5
330
0
100
AcDbSymbolTable
 70
     6
  0
LTYPE
  5
14
330
5
100
AcDbSymbolTableRecord
100
AcDbLinetypeTableRecord
  2
ByBlock
 70
     0
  3

 72
    65
 73
     0
 40
0.0
  0
LTYPE
  5
15
330
5
100
AcDbSymbolTableRecord
100
AcDbLinetypeTableRecord
  2
ByLayer
 70
     0
  3

 72
    65
 73
     0
 40
0.0
  0
LTYPE
  5
16
330
5
100
AcDbSymbolTableRecord
100
AcDbLinetypeTableRecord
  2
Continuous
 70
     0
  3
Solid line
 72
    65
 73
     0
 40
0.0
  0
LTYPE
  5
333
330
5
100
AcDbSymbolTableRecord
100
AcDbLinetypeTableRecord
  2
CONTIN
 70
     0
  3
-----------------
 72
    65
 73
     0
 40
0.0
  0
LTYPE
  5
334
330
5
100
AcDbSymbolTableRecord
100
AcDbLinetypeTableRecord
  2
XREF1$0$HIDDEN2
 70
     0
  3
Hidden (.5x) _ _ _ _ _ _ _ _ _ _ _ _ _ _ _ _ _
 72
    65
 73
     2
 40
0.1875
 49
0.125
 74
     0
 49
-0.0625
 74
     0
  0
LTYPE
  5
335
330
5
100
AcDbSymbolTableRecord
100
AcDbLinetypeTableRecord
  2
DOT
 70
     0
  3
Dot . . . . . . . . . . . . . . . . . . . . . .
 72
    65
 73
     2
 40
0.25
 49
0.0
 74
     0
 49
-0.25
 74
     0
  0
LTYPE
  5
22FE
330
5
100
AcDbSymbolTableRecord
100
AcDbLinetypeTableRecord
  2
HIDDEN
 70
     0
  3
Hidden __ __ __ __ __ __ __ __ __ __ __ __ __ _
 72
    65
 73
     2
 40
0.375
 49
0.25
 74
     0
 49
-0.125
 74
     0
  0
LTYPE
  5
22FF
330
5
100
AcDbSymbolTableRecord
100
AcDbLinetypeTableRecord
  2
CENTER
 70
     0
  3
Center ____ _ ____ _ ____ _ ____ _ ____ _ ____
 72
    65
 73
     4
 40
32.5
 49
30.0
 74
     0
 49
-1.0
 74
     0
 49
0.5
 74
     0
 49
-1.0
 74
     0
  0
ENDTAB
  0
TABLE
  2
LAYER
  5
2
102
{ACAD_XDICTIONARY
360
18E
102
}
330
0
100
AcDbSymbolTable
 70
    34
  0
LAYER
  5
10
102
{ACAD_XDICTIONARY
360
E6
102
}
330
2
100
AcDbSymbolTableRecord
100
AcDbLayerTableRecord
  2
0
 70
     0
 62
     7
  6
Continuous
370
    -3
390
F
347
98
348
0
  0
LAYER
  5
336
330
2
100
AcDbSymbolTableRecord
100
AcDbLayerTableRecord
  2
Defpoints
 70
     0
 62
     7
  6
Continuous
290
     0
370
    -3
390
F
347
98
348
0
  0
LAYER
  5
337
330
2
100
AcDbSymbolTableRecord
100
AcDbLayerTableRecord
  2
-DIM
 70
     0
 62
     1
  6
Continuous
370
     9
390
F
347
98
348
0
  0
LAYER
  5
338
102
{ACAD_XDICTIONARY
360
339
102
}
330
2
100
AcDbSymbolTableRecord
100
AcDbLayerTableRecord
  2
TEXT
 70
     0
 62
     7
  6
Continuous
370
    -3
390
F
347
98
348
0
  0
LAYER
  5
33A
330
2
100
AcDbSymbolTableRecord
100
AcDbLayerTableRecord
  2
6구역
 70
     0
 62
     8
  6
Continuous
370
    -3
390
F
347
98
348
0
1001
AcAecLayerStandard
1000

1000

1001
AcCmTransparency
1071
        0
  0
LAYER
  5
33B
102
{ACAD_XDICTIONARY
360
33C
102
}
330
2
100
AcDbSymbolTableRecord
100
AcDbLayerTableRecord
  2
XREF1$0$토목WALL
 70
     0
 62
     8
  6
XREF1$0$HIDDEN2
370
    -3
390
F
347
98
348
0
  0
LAYER
  5
33D
102
{ACAD_XDICTIONARY
360
33E
102
}
330
2
100
AcDbSymbolTableRecord
100
AcDbLayerTableRecord
  2
HAT
 70
     0
 62
     8
  6
Continuous
370
    -3
390
F
347
98
348
0
  0
LAYER
  5
33F
102
{ACAD_XDICTIONARY
360
340
102
}
330
2
100
AcDbSymbolTableRecord
100
AcDbLayerTableRecord
  2
0-국내선주차장(변경)
 70
     0
 62
     8
  6
Continuous
370
    -3
390
F
347
98
348
0
1001
AcAecLayerStandard
1000

1000

  0
LAYER
  5
341
330
2
100
AcDbSymbolTableRecord
100
AcDbLayerTableRecord
  2
도곽-1
 70
     0
 62
     7
  6
Continuous
370
    -3
390
F
347
98
348
0
1001
AcAecLayerStandard
1000

1000

1001
AcCmTransparency
1071
        0
  0
LAYER
  5
342
102
{ACAD_XDICTIONARY
360
343
102
}
330
2
100
AcDbSymbolTableRecord
100
AcDbLayerTableRecord
  2
8
 70
     0
 62
     8
  6
Continuous
370
    -3
390
F
347
98
348
0
1001
AcAecLayerStandard
1000

1000

  0
LAYER
  5
344
102
{ACAD_XDICTIONARY
360
345
102
}
330
2
100
AcDbSymbolTableRecord
100
AcDbLayerTableRecord
  2
@SITE
 70
     0
 62
   252
  6
Continuous
370
    -3
390
F
347
98
348
0
1001
RAK
1000
{ACET-LAYISO
1070
     0
1070
    42
1000
CONTINUOUS
1071
       -3
1071
        1
1005
F
1000
ACET-LAYISO}
  0
LAYER
  5
346
102
{ACAD_XDICTIONARY
360
347
102
}
330
2
100
AcDbSymbolTableRecord
100
AcDbLayerTableRecord
  2
@MASS
 70
     0
 62
     3
  6
Continuous
370
    25
390
F
347
98
348
0
1001
AcAecLayerStandard
1000

1000

  0
LAYER
  5
348
102
{ACAD_XDICTIONARY
360
349
102
}
330
2
100
AcDbSymbolTableRecord
100
AcDbLayerTableRecord
  2
BORD
 70
     0
 62
     7
  6
Continuous
370
    -3
390
F
347
98
348
0
  0
LAYER
  5
34A
330
2
100
AcDbSymbolTableRecord
100
AcDbLayerTableRecord
  2
SYMB
 70
     0
 62
     7
  6
Continuous
370
    -3
390
F
347
98
348
0
1001
AcAecLayerStandard
1000

1000

1001
AcCmTransparency
1071
        0
  0
LAYER
  5
34B
330
2
100
AcDbSymbolTableRecord
100
AcDbLayerTableRecord
  2
DIMM
 70
     0
 62
     2
  6
CONTIN
370
    -3
390
F
347
98
348
0
1001
AcAecLayerStandard
1000

1000

1001
AcCmTransparency
1071
        0
  0
LAYER
  5
34C
330
2
100
AcDbSymbolTableRecord
100
AcDbLayerTableRecord
  2
FINC
 70
     0
 62
     7
  6
Continuous
370
    -3
390
F
347
98
348
0
  0
LAYER
  5
34D
330
2
100
AcDbSymbolTableRecord
100
AcDbLayerTableRecord
  2
종단면도_그리드_수평
 70
     0
 62
   253
  6
DOT
370
    -3
390
F
347
98
348
0
  0
LAYER
  5
34E
102
{ACAD_XDICTIONARY
360
34F
102
}
330
2
100
AcDbSymbolTableRecord
100
AcDbLayerTableRecord
  2
00.도곽-확대평면도$0$BORD
 70
     0
 62
     7
  6
Continuous
370
    -3
390
F
347
98
348
0
  0
LAYER
  5
350
102
{ACAD_XDICTIONARY
360
351
102
}
330
2
100
AcDbSymbolTableRecord
100
AcDbLayerTableRecord
  2
00.도곽-확대평면도$0$00.도곽- 글씨및수정$0$BORD
 70
     0
 62
     7
  6
Continuous
370
    -3
390
F
347
98
348
0
  0
LAYER
  5
2300
102
{ACAD_XDICTIONARY
360
2301
102
}
330
2
100
AcDbSymbolTableRecord
100
AcDbLayerTableRecord
  2
범례
 70
     0
 62
     7
  6
Continuous
370
    -3
390
F
347
98
348
0
1001
RAK
1000
{ACET-LAYISO
1070
     0
1070
     7
1000
CONTINUOUS
1071
       -3
1071
        1
1005
F
1000
ACET-LAYISO}
  0
LAYER
  5
2302
102
{ACAD_XDICTIONARY
360
2303
102
}
330
2
100
AcDbSymbolTableRecord
100
AcDbLayerTableRecord
  2
PIPE
 70
     0
 62
     2
  6
Continuous
370
    -3
390
F
347
98
348
0
1001
RAK
1000
{ACET-LAYISO
1070
     0
1070
     2
1000
CONTINUOUS
1071
       -3
1071
        1
1005
F
1000
ACET-LAYISO}
  0
LAYER
  5
2304
102
{ACAD_XDICTIONARY
360
2305
102
}
330
2
100
AcDbSymbolTableRecord
100
AcDbLayerTableRecord
  2
PipeTools
 70
     0
 62
     7
  6
Continuous
370
    -3
390
F
347
98
348
0
1001
RAK
1000
{ACET-LAYISO
1070
     0
1070
     7
1000
Continuous
1071
       -3
1071
        1
1005
F
1000
ACET-LAYISO}
  0
LAYER
  5
2306
102
{ACAD_XDICTIONARY
360
2307
102
}
330
2
100
AcDbSymbolTableRecord
100
AcDbLayerTableRecord
  2
GL
 70
     0
 62
     1
  6
Continuous
370
    -3
390
F
347
98
348
0
1001
RAK
1000
{ACET-LAYISO
1070
     0
1070
     1
1000
Continuous
1070
     1
1071
       -3
1071
        1
1005
F
1000
ACET-LAYISO}
  0
LAYER
  5
2308
102
{ACAD_XDICTIONARY
360
2309
102
}
330
2
100
AcDbSymbolTableRecord
100
AcDbLayerTableRecord
  2
PIPES
 70
     0
 62
     7
  6
Continuous
370
    -3
390
F
347
98
348
0
1001
RAK
1000
{ACET-LAYISO
1070
     0
1070
     7
1000
Continuous
1071
       -3
1071
        1
1005
F
1000
ACET-LAYISO}
  0
LAYER
  5
230A
102
{ACAD_XDICTIONARY
360
230B
102
}
330
2
100
AcDbSymbolTableRecord
100
AcDbLayerTableRecord
  2
MH
 70
     0
 62
     5
  6
Continuous
370
    -3
390
F
347
98
348
0
1001
RAK
1000
{ACET-LAYISO
1070
     0
1070
     5
1000
Continuous
1071
       -3
1071
        1
1005
F
1000
ACET-LAYISO}
  0
LAYER
  5
230C
102
{ACAD_XDICTIONARY
360
230D
102
}
330
2
100
AcDbSymbolTableRecord
100
AcDbLayerTableRecord
  2
TXTbox
 70
     0
 62
     6
  6
Continuous
370
    -3
390
F
347
98
348
0
1001
RAK
1000
{ACET-LAYISO
1070
     0
1070
     6
1000
Continuous
1071
       -3
1071
        1
1005
F
1000
ACET-LAYISO}
  0
LAYER
  5
230E
102
{ACAD_XDICTIONARY
360
230F
102
}
330
2
100
AcDbSymbolTableRecord
100
AcDbLayerTableRecord
  2
form_j
 70
     0
 62
     7
  6
Continuous
370
    -3
390
F
347
98
348
0
1001
RAK
1000
{ACET-LAYISO
1070
     0
1070
     7
1000
Continuous
1071
       -3
1071
        1
1005
F
1000
ACET-LAYISO}
  0
LAYER
  5
2310
102
{ACAD_XDICTIONARY
360
2311
102
}
330
2
100
AcDbSymbolTableRecord
100
AcDbLayerTableRecord
  2
1
 70
     0
 62
   254
  6
Continuous
370
    -3
390
F
347
98
348
0
1001
RAK
1000
{ACET-LAYISO
1070
     0
1070
     1
1000
Continuous
1071
       -3
1071
        1
1005
F
1000
ACET-LAYISO}
  0
LAYER
  5
2312
102
{ACAD_XDICTIONARY
360
2313
102
}
330
2
100
AcDbSymbolTableRecord
100
AcDbLayerTableRecord
  2
DIM1
 70
     0
 62
     4
  6
Continuous
370
    -3
390
F
347
98
348
0
1001
RAK
1000
{ACET-LAYISO
1070
     0
1070
     4
1000
Continuous
1071
       -3
1071
        1
1005
F
1000
ACET-LAYISO}
  0
LAYER
  5
2314
102
{ACAD_XDICTIONARY
360
2315
102
}
330
2
100
AcDbSymbolTableRecord
100
AcDbLayerTableRecord
  2
FORM
 70
     0
 62
     7
  6
Continuous
370
    -3
390
F
347
98
348
0
  0
LAYER
  5
2316
330
2
100
AcDbSymbolTableRecord
100
AcDbLayerTableRecord
  2
TEXT_Title
 70
     0
 62
     3
  6
Continuous
370
    -3
390
F
347
98
348
0
1001
AcAecLayerStandard
1000

1000

  0
LAYER
  5
2317
330
2
100
AcDbSymbolTableRecord
100
AcDbLayerTableRecord
  2
주변
 70
     0
 62
   251
  6
Continuous
370
    -3
390
F
347
98
348
0
1001
AcAecLayerStandard
1000

1000

  0
LAYER
  5
2318
330
2
100
AcDbSymbolTableRecord
100
AcDbLayerTableRecord
  2
TITL
 70
     0
 62
     2
  6
Continuous
370
    -3
390
F
347
98
348
0
  0
LAYER
  5
2319
102
{ACAD_XDICTIONARY
360
231A
102
}
330
2
100
AcDbSymbolTableRecord
100
AcDbLayerTableRecord
  2
SYMB_싸인
 70
     0
 62
     3
  6
Continuous
370
    -3
390
F
347
98
348
0
  0
ENDTAB
  0
TABLE
  2
STYLE
  5
3
330
0
100
AcDbSymbolTable
 70
    16
  0
STYLE
  5
11
330
3
100
AcDbSymbolTableRecord
100
AcDbTextStyleTableRecord
  2
Standard
 70
     0
 40
0.0
 41
1.0
 50
0.0
 71
     0
 42
0.2
  3
calibri.ttf
  4

1001
ACAD
1000
Calibri
1071
       34
  0
STYLE
  5
DC
330
3
100
AcDbSymbolTableRecord
100
AcDbTextStyleTableRecord
  2
주석
 70
     0
 40
0.0
 41
1.0
 50
0.0
 71
     0
 42
0.2
  3
arial.ttf
  4

1001
AcadAnnotative
1000
AnnotativeData
1002
{
1070
     1
1070
     1
1002
}
1001
ACAD
1000
Arial
1071
       34
  0
STYLE
  5
1E8
330
3
100
AcDbSymbolTableRecord
100
AcDbTextStyleTableRecord
  2
Legend
 70
     0
 40
0.0
 41
1.0
 50
0.0
 71
     0
 42
0.2
  3
calibri.ttf
  4

1001
ACAD
1000
Calibri
1071
      256
  0
STYLE
  5
352
330
3
100
AcDbSymbolTableRecord
100
AcDbTextStyleTableRecord
  2
돋움
 70
     0
 40
0.0
 41
1.0
 50
0.0
 71
     0
 42
117.9710475142155
  3

  4

1001
ACAD
1000
Dotum
1071
    33074
  0
STYLE
  5
353
330
3
100
AcDbSymbolTableRecord
100
AcDbTextStyleTableRecord
  2
HY울릉도L
 70
     0
 40
0.0
 41
1.0
 50
0.0
 71
     0
 42
2.5
  3

  4

1001
ACAD
1000
HY울릉도L
1071
    33042
  0
STYLE
  5
354
330
3
100
AcDbSymbolTableRecord
100
AcDbTextStyleTableRecord
  2
KOREA
 70
     0
 40
0.0
 41
0.65
 50
0.0
 71
     0
 42
2.5
  3

  4

1001
ACAD
1000
BatangChe
1071
    33041
  0
STYLE
  5
355
330
3
100
AcDbSymbolTableRecord
100
AcDbTextStyleTableRecord
  2
HY울릉도M
 70
     0
 40
0.0
 41
1.0
 50
0.0
 71
     0
 42
3.0
  3

  4

1001
ACAD
1000
HY울릉도M
1071
    33042
  0
STYLE
  5
356
330
3
100
AcDbSymbolTableRecord
100
AcDbTextStyleTableRecord
  2
GHS
 70
     0
 40
0.0
 41
1.0
 50
0.0
 71
     0
 42
0.7
  3

  4

1001
ACAD
1000
BatangChe
1071
    33041
  0
STYLE
  5
357
330
3
100
AcDbSymbolTableRecord
100
AcDbTextStyleTableRecord
  2
222
 70
     0
 40
2.0
 41
1.0
 50
0.0
 71
     0
 42
2.0
  3

  4

1001
ACAD
1000
BatangChe
1071
    33041
  0
STYLE
  5
358
330
3
100
AcDbSymbolTableRecord
100
AcDbTextStyleTableRecord
  2
굴림
 70
     0
 40
0.0
 41
1.0
 50
0.0
 71
     0
 42
2.5
  3

  4

1001
ACAD
1000
GulimChe
1071
    33073
  0
STYLE
  5
359
330
3
100
AcDbSymbolTableRecord
100
AcDbTextStyleTableRecord
  2
Gtx
 70
     0
 40
0.0
 41
1.0
 50
0.0
 71
     0
 42
1000.0
  3

  4

1001
ACAD
1000
Gulim
1071
    33074
  0
STYLE
  5
35A
330
3
100
AcDbSymbolTableRecord
100
AcDbTextStyleTableRecord
  2
00.도곽-확대평면도$0$00.도곽- 글씨및수정$0$STANDARD
 70
     0
 40
0.0
 41
1.0
 50
0.0
 71
     0
 42
20.0
  3

  4

1001
ACAD
1000
Gulim
1071
    33074
  0
STYLE
  5
231B
330
3
100
AcDbSymbolTableRecord
100
AcDbTextStyleTableRecord
  2
PipeTools
 70
     0
 40
1500.0
 41
1.0
 50
0.0
 71
     0
 42
3000.0
  3

  4

1001
ACAD
1000
DotumChe
1071
    33073
  0
STYLE
  5
231C
330
3
100
AcDbSymbolTableRecord
100
AcDbTextStyleTableRecord
  2
나눔고딕
 70
     0
 40
0.0
 41
1.0
 50
0.0
 71
     0
 42
2.5
  3

  4

1001
ACAD
1000
DotumChe
1071
    33073
  0
STYLE
  5
231D
330
3
100
AcDbSymbolTableRecord
100
AcDbTextStyleTableRecord
  2
나눔고딕 ExtraBold
 70
     0
 40
0.0
 41
1.0
 50
0.0
 71
     0
 42
600.0
  3

  4

1001
ACAD
1000
DotumChe
1071
    33073
  0
STYLE
  5
231E
330
3
100
AcDbSymbolTableRecord
100
AcDbTextStyleTableRecord
  2
WHGTXT
 70
     0
 40
0.0
 41
0.8
 50
0.0
 71
     0
 42
2400.0
  3

  4

1001
ACAD
1000
DotumChe
1071
    33073
  0
ENDTAB
  0
TABLE
  2
VIEW
  5
6
330
0
100
AcDbSymbolTable
 70
     0
  0
ENDTAB
  0
TABLE
  2
UCS
  5
7
330
0
100
AcDbSymbolTable
 70
     0
  0
ENDTAB
  0
TABLE
  2
APPID
  5
9
330
0
100
AcDbSymbolTable
 70
    22
  0
APPID
  5
12
330
9
100
AcDbSymbolTableRecord
100
AcDbRegAppTableRecord
  2
ACAD
 70
     0
  0
APPID
  5
DD
330
9
100
AcDbSymbolTableRecord
100
AcDbRegAppTableRecord
  2
AcadAnnoPO
 70
     0
  0
APPID
  5
DE
330
9
100
AcDbSymbolTableRecord
100
AcDbRegAppTableRecord
  2
AcadAnnotative
 70
     0
  0
APPID
  5
DF
330
9
100
AcDbSymbolTableRecord
100
AcDbRegAppTableRecord
  2
ACAD_DSTYLE_DIMJAG
 70
     0
  0
APPID
  5
E0
330
9
100
AcDbSymbolTableRecord
100
AcDbRegAppTableRecord
  2
ACAD_DSTYLE_DIMTALN
 70
     0
  0
APPID
  5
107
330
9
100
AcDbSymbolTableRecord
100
AcDbRegAppTableRecord
  2
ACAD_MLEADERVER
 70
     0
  0
APPID
  5
1A6
330
9
100
AcDbSymbolTableRecord
100
AcDbRegAppTableRecord
  2
ACAD_NAV_VCDISPLAY
 70
     0
  0
APPID
  5
1EC
330
9
100
AcDbSymbolTableRecord
100
AcDbRegAppTableRecord
  2
AcMapDMDisplayStyleRegapp
 70
     0
  0
APPID
  5
1F5
330
9
100
AcDbSymbolTableRecord
100
AcDbRegAppTableRecord
  2
ADE
 70
     0
  0
APPID
  5
1FA
330
9
100
AcDbSymbolTableRecord
100
AcDbRegAppTableRecord
  2
DCO15
 70
     0
  0
APPID
  5
1FC
330
9
100
AcDbSymbolTableRecord
100
AcDbRegAppTableRecord
  2
MapGWS
 70
     0
  0
APPID
  5
35E
330
9
100
AcDbSymbolTableRecord
100
AcDbRegAppTableRecord
  2
ACAD_PSEXT
 70
     0
  0
APPID
  5
35F
330
9
100
AcDbSymbolTableRecord
100
AcDbRegAppTableRecord
  2
AcAecLayerStandard
 70
     0
  0
APPID
  5
360
330
9
100
AcDbSymbolTableRecord
100
AcDbRegAppTableRecord
  2
AcCmTransparency
 70
     0
  0
APPID
  5
361
330
9
100
AcDbSymbolTableRecord
100
AcDbRegAppTableRecord
  2
GradientColor1ACI
 70
     0
  0
APPID
  5
362
330
9
100
AcDbSymbolTableRecord
100
AcDbRegAppTableRecord
  2
GradientColor2ACI
 70
     0
  0
APPID
  5
363
330
9
100
AcDbSymbolTableRecord
100
AcDbRegAppTableRecord
  2
ACAD_DSTYLE_DIMJOGGED_JOGANGLE_SYMBOL
 70
     0
  0
APPID
  5
364
330
9
100
AcDbSymbolTableRecord
100
AcDbRegAppTableRecord
  2
ACAD_DSTYLE_DIMBREAK
 70
     0
  0
APPID
  5
365
330
9
100
AcDbSymbolTableRecord
100
AcDbRegAppTableRecord
  2
RAK
 70
     0
  0
APPID
  5
2320
330
9
100
AcDbSymbolTableRecord
100
AcDbRegAppTableRecord
  2
AcDbBlockRepETag
 70
     0
  0
APPID
  5
270D
330
9
100
AcDbSymbolTableRecord
100
AcDbRegAppTableRecord
  2
ACAD_EXEMPT_FROM_CAD_STANDARDS
 70
     0
  0
APPID
  5
2D46
330
9
100
AcDbSymbolTableRecord
100
AcDbRegAppTableRecord
  2
AcadAnnoMonitorAlertIconDisabled
 70
     0
  0
ENDTAB
  0
TABLE
  2
DIMSTYLE
  5
A
330
0
100
AcDbSymbolTable
 70
     6
100
AcDbDimStyleTable
 71
     2
340
27
340
E1
  0
DIMSTYLE
105
27
102
{ACAD_REACTORS
330
2D5D
330
2D77
330
2DF2
330
2E0C
330
2E26
330
3124
330
3178
102
}
330
A
100
AcDbSymbolTableRecord
100
AcDbDimStyleTableRecord
  2
Standard
 70
     0
  3
m
271
     1
272
     1
340
11
1001
ACAD_DSTYLE_DIMJAG
1070
   388
1040
1.5
1001
ACAD_DSTYLE_DIMTALN
1070
   392
1070
     0
  0
DIMSTYLE
105
E1
330
A
100
AcDbSymbolTableRecord
100
AcDbDimStyleTableRecord
  2
주석
 70
     0
 40
0.0
340
11
1001
AcadAnnotative
1000
AnnotativeData
1002
{
1070
     1
1070
     1
1002
}
1001
ACAD_DSTYLE_DIMJAG
1070
   388
1040
1.5
1001
ACAD_DSTYLE_DIMTALN
1070
   392
1070
     0
  0
DIMSTYLE
105
35B
330
A
100
AcDbSymbolTableRecord
100
AcDbDimStyleTableRecord
  2
JM(60)
 70
     0
 40
60.0
 41
1.199999999999999
 42
1.5
 43
10.0
 44
1.0
 50
90.0
 73
     0
 74
     0
 77
     1
 78
     8
 79
     2
140
3.0
141
0.0
147
1.0
174
     1
176
     1
177
     1
178
     7
271
     0
272
     0
279
     2
340
353
341
210
342
210
1001
ACAD_DSTYLE_DIMBREAK
1070
   391
1040
3.75
1001
ACAD_DSTYLE_DIMJAG
1070
   388
1040
1.5
1001
ACAD_DSTYLE_DIMTALN
1070
   392
1070
     0
1001
ACAD_DSTYLE_DIMJOGGED_JOGANGLE_SYMBOL
1070
   384
1040
1.570796326794896
  0
DIMSTYLE
105
35C
330
A
100
AcDbSymbolTableRecord
100
AcDbDimStyleTableRecord
  2
JM(80)
 70
     0
 40
80.0
 41
1.199999999999999
 42
1.5
 43
10.0
 44
1.0
 50
90.0
 73
     0
 74
     0
 77
     1
 78
     8
 79
     2
140
3.0
141
0.0
147
1.0
174
     1
176
     1
177
     1
178
     7
271
     0
272
     0
279
     2
340
352
341
210
342
210
1001
ACAD_DSTYLE_DIMBREAK
1070
   391
1040
3.75
1001
ACAD_DSTYLE_DIMJAG
1070
   388
1040
1.5
1001
ACAD_DSTYLE_DIMTALN
1070
   392
1070
     0
1001
ACAD_DSTYLE_DIMJOGGED_JOGANGLE_SYMBOL
1070
   384
1040
1.570796326794896
  0
DIMSTYLE
105
35D
330
A
100
AcDbSymbolTableRecord
100
AcDbDimStyleTableRecord
  2
단면2
 70
     0
 41
0.7
 42
0.0
 43
0.0
 44
0.5
 73
     0
 77
     1
140
0.7
141
3.0
147
0.3
171
     1
174
     1
176
     7
177
     7
178
     7
271
     2
272
     2
274
     1
279
     2
340
356
  0
DIMSTYLE
105
231F
330
A
100
AcDbSymbolTableRecord
100
AcDbDimStyleTableRecord
  2
800S
 70
     0
 40
800.0
 41
1.0
 42
0.0
 43
8.0
 44
0.0
 46
1.5
 73
     0
 74
     0
 77
     1
 78
     8
140
3.0
141
2.5
145
1.0
147
1.0
172
     1
174
     1
176
     1
177
     1
178
     2
271
     0
272
     0
273
     8
277
     6
279
     2
340
356
341
210
342
210
  0
ENDTAB
  0
TABLE
  2
BLOCK_RECORD
  5
1
330
0
100
AcDbSymbolTable
 70
    23
  0
BLOCK_RECORD
  5
1F
102
{ACAD_XDICTIONARY
360
15D
102
}
330
1
100
AcDbSymbolTableRecord
100
AcDbBlockTableRecord
  2
*Model_Space
340
22
 70
     0
280
     1
281
     0
  0
BLOCK_RECORD
  5
58
330
1
100
AcDbSymbolTableRecord
100
AcDbBlockTableRecord
  2
*Paper_Space
340
59
 70
     0
280
     1
281
     0
  0
BLOCK_RECORD
  5
5D
330
1
100
AcDbSymbolTableRecord
100
AcDbBlockTableRecord
  2
*Paper_Space0
340
5E
 70
     0
280
     1
281
     0
  0
BLOCK_RECORD
  5
210
102
{ACAD_XDICTIONARY
360
211
102
}
330
1
100
AcDbSymbolTableRecord
100
AcDbBlockTableRecord
  2
_Dot
340
0
 70
     0
280
     1
281
     0
  0
BLOCK_RECORD
  5
217
330
1
100
AcDbSymbolTableRecord
100
AcDbBlockTableRecord
  2
공사로고
340
0
310
28000000200000002000000001000800000000000004000000000000000000000000000000000000000000004000000080000000FF000000002000004020000080200000FF200000004000004040000080400000FF400000006000004060000080600000FF600000008000004080000080800000FF80000000A0000040A000
310
0080A00000FFA0000000C0000040C0000080C00000FFC0000000FF000040FF000080FF0000FFFF0000000020004000200080002000FF002000002020004020200080202000FF202000004020004040200080402000FF402000006020004060200080602000FF602000008020004080200080802000FF80200000A0200040A0
310
200080A02000FFA0200000C0200040C0200080C02000FFC0200000FF200040FF200080FF2000FFFF2000000040004000400080004000FF004000002040004020400080204000FF204000004040004040400080404000FF404000006040004060400080604000FF604000008040004080400080804000FF80400000A0400040
310
A0400080A04000FFA0400000C0400040C0400080C04000FFC0400000FF400040FF400080FF4000FFFF4000000060004000600080006000FF006000002060004020600080206000FF206000004060004040600080406000FF406000006060004060600080606000FF606000008060004080600080806000FF80600000A06000
310
40A0600080A06000FFA0600000C0600040C0600080C06000FFC0600000FF600040FF600080FF6000FFFF6000000080004000800080008000FF008000002080004020800080208000FF208000004080004040800080408000FF408000006080004060800080608000FF608000008080004080800080808000FF80800000A080
310
0040A0800080A08000FFA0800000C0800040C0800080C08000FFC0800000FF800040FF800080FF8000FFFF80000000A0004000A0008000A000FF00A0000020A0004020A0008020A000FF20A0000040A0004040A0008040A000FF40A0000060A0004060A0008060A000FF60A0000080A0004080A0008080A000FF80A00000A0
310
A00040A0A00080A0A000FFA0A00000C0A00040C0A00080C0A000FFC0A00000FFA00040FFA00080FFA000FFFFA0000000C0004000C0008000C000FF00C0000020C0004020C0008020C000FF20C0000040C0004040C0008040C000FF40C0000060C0004060C0008060C000FF60C0000080C0004080C0008080C000FF80C00000
310
A0C00040A0C00080A0C000FFA0C00000C0C00040C0C00080C0C000FFC0C00000FFC00040FFC00080FFC000FFFFC0000000FF004000FF008000FF00FF00FF000020FF004020FF008020FF00FF20FF000040FF004040FF008040FF00FF40FF000060FF004060FF008060FF00FF60FF000080FF004080FF008080FF00FF80FF00
310
00A0FF0040A0FF0080A0FF00FFA0FF0000C0FF0040C0FF0080C0FF00FFC0FF0000FFFF0040FFFF0080FFFF00FFFFFF0000000000000000000000000000000000000000000000000000000000000000000000000000000000000000000000000000000000000000000000000000000000000000000000000000000000000000
310
00000000000000000000000000000000000000000000000000000000000000000000000000000000000000000000000000000000000000000000000000000000000000000000000000000000000000000000000000000000000000000000000000000000000000000000000000000000000000000000000000000000000000
310
00000000000000000000000000000000000000000000000000000000000000000000000000000000000000000000000000000000000000000000000000000000000000000000000000000000000000000000000000000000000000000000000000000000000000000000000000000000000000000000000000000000000000
310
00000000000000000000000000000000000000000000808080800080808080808080800000008080808000008080808080800000000080000080008000000080000080000000800000800080000000000080000000008000008080000000800080000080008000008000800000008080008000000000800000808000008000
310
00800000800080000080808000008000008080000080808080808080808080008080808080808080808080808080000000000000008080808080808080800000808080808080808080808080808000000000000000008080000080800000800000808000808000008000808000808000000080000000008000008080000000
310
80000080000080000080000080000000808080800000000080000080008000008000000080000000800000000080000000000080000000008080808000808080808000008080808080000000000080808080808000000000000000000000000000000000000000000000000000000000000000000000000000000000000000
310
00000000000000000000000000000000000000000000000000000000000000000000000000000000000000000000000000000000000000000000000000000000000000000000000000000000000000000000000000000000000000000000000000000000000000000000000000000000000000000000000000000000000000
310
00000000000000000000000000000000000000000000000000000000000000000000000000000000000000000000000000000000000000000000000000000000000000000000000000000000000000000000000000000000000000000000000000000000000000000000000000000000000000000000000000000000000000
310
0000000000000000000000000000000000000000000000000000000000000000000000000000000000000000000000000000000000000000
102
{BLKREFS
331
2922
331
28DF
102
}
 70
     4
280
     1
281
     0
  0
BLOCK_RECORD
  5
22E5
102
{ACAD_XDICTIONARY
360
22E6
102
}
330
1
100
AcDbSymbolTableRecord
100
AcDbBlockTableRecord
  2
POL_1
340
0
102
{BLKREFS
331
2B67
331
2B68
331
2B69
102
}
 70
     0
280
     1
281
     0
  0
BLOCK_RECORD
  5
22EE
102
{ACAD_XDICTIONARY
360
22EF
102
}
330
1
100
AcDbSymbolTableRecord
100
AcDbBlockTableRecord
  2
arrow1
340
0
 70
     0
280
     1
281
     0
  0
BLOCK_RECORD
  5
22F3
102
{ACAD_XDICTIONARY
360
22F4
102
}
330
1
100
AcDbSymbolTableRecord
100
AcDbBlockTableRecord
  2
chain-1
340
0
 70
     0
280
     1
281
     0
  0
BLOCK_RECORD
  5
28D8
102
{ACAD_XDICTIONARY
360
28F2
102
}
330
1
100
AcDbSymbolTableRecord
100
AcDbBlockTableRecord
  2
A$C138952CF
340
0
 70
     1
280
     1
281
     0
  0
BLOCK_RECORD
  5
295A
102
{ACAD_XDICTIONARY
360
295D
102
}
330
1
100
AcDbSymbolTableRecord
100
AcDbBlockTableRecord
  2
A$C7DC11083
340
0
 70
     1
280
     1
281
     0
  0
BLOCK_RECORD
  5
29A2
102
{ACAD_XDICTIONARY
360
29A7
102
}
330
1
100
AcDbSymbolTableRecord
100
AcDbBlockTableRecord
  2
A$C150E67F6
340
0
 70
     1
280
     1
281
     0
  0
BLOCK_RECORD
  5
2B63
102
{ACAD_XDICTIONARY
360
2B6B
102
}
330
1
100
AcDbSymbolTableRecord
100
AcDbBlockTableRecord
  2
A$C4349675D
340
0
 70
     1
280
     1
281
     0
  0
BLOCK_RECORD
  5
2BB7
102
{ACAD_XDICTIONARY
360
2BB9
102
}
330
1
100
AcDbSymbolTableRecord
100
AcDbBlockTableRecord
  2
A$C68A50E68
340
0
 70
     1
280
     1
281
     0
  0
BLOCK_RECORD
  5
2BC0
102
{ACAD_XDICTIONARY
360
2BC4
102
}
330
1
100
AcDbSymbolTableRecord
100
AcDbBlockTableRecord
  2
A$C741467A0
340
0
 70
     1
280
     1
281
     0
  0
BLOCK_RECORD
  5
2BD4
102
{ACAD_XDICTIONARY
360
2BD8
102
}
330
1
100
AcDbSymbolTableRecord
100
AcDbBlockTableRecord
  2
A$C0F2C6115
340
0
 70
     1
280
     1
281
     0
  0
BLOCK_RECORD
  5
2C0C
102
{ACAD_XDICTIONARY
360
2C10
102
}
330
1
100
AcDbSymbolTableRecord
100
AcDbBlockTableRecord
  2
A$C7DDD0A8B
340
0
 70
     1
280
     1
281
     0
  0
BLOCK_RECORD
  5
2CAC
102
{ACAD_XDICTIONARY
360
2CAE
102
}
330
1
100
AcDbSymbolTableRecord
100
AcDbBlockTableRecord
  2
A$C425A15DE
340
0
 70
     1
280
     1
281
     0
  0
BLOCK_RECORD
  5
2CF2
102
{ACAD_XDICTIONARY
360
2CF4
102
}
330
1
100
AcDbSymbolTableRecord
100
AcDbBlockTableRecord
  2
A$C22950B9F
340
0
 70
     1
280
     1
281
     0
  0
BLOCK_RECORD
  5
2D5E
330
1
100
AcDbSymbolTableRecord
100
AcDbBlockTableRecord
  2
*D16
340
0
 70
     0
280
     1
281
     0
  0
BLOCK_RECORD
  5
2D78
330
1
100
AcDbSymbolTableRecord
100
AcDbBlockTableRecord
  2
*D17
340
0
 70
     0
280
     1
281
     0
  0
BLOCK_RECORD
  5
2DF3
330
1
100
AcDbSymbolTableRecord
100
AcDbBlockTableRecord
  2
*D18
340
0
 70
     0
280
     1
281
     0
  0
BLOCK_RECORD
  5
2E0D
330
1
100
AcDbSymbolTableRecord
100
AcDbBlockTableRecord
  2
*D19
340
0
 70
     0
280
     1
281
     0
  0
BLOCK_RECORD
  5
2E27
330
1
100
AcDbSymbolTableRecord
100
AcDbBlockTableRecord
  2
*D20
340
0
 70
     0
280
     1
281
     0
  0
BLOCK_RECORD
  5
3125
330
1
100
AcDbSymbolTableRecord
100
AcDbBlockTableRecord
  2
*D21
340
0
 70
     0
280
     1
281
     0
  0
BLOCK_RECORD
  5
3179
330
1
100
AcDbSymbolTableRecord
100
AcDbBlockTableRecord
  2
*D22
340
0
 70
     0
280
     1
281
     0
  0
ENDTAB
  0
ENDSEC
  0
SECTION
  2
BLOCKS
  0
BLOCK
  5
20
330
1F
100
AcDbEntity
  8
0
100
AcDbBlockBegin
  2
*Model_Space
 70
     0
 10
0.0
 20
0.0
 30
0.0
  3
*Model_Space
  1

  0
ENDBLK
  5
21
330
1F
100
AcDbEntity
  8
0
100
AcDbBlockEnd
  0
BLOCK
  5
5A
330
58
100
AcDbEntity
 67
     1
  8
0
100
AcDbBlockBegin
  2
*Paper_Space
 70
     0
 10
0.0
 20
0.0
 30
0.0
  3
*Paper_Space
  1

  0
ENDBLK
  5
5B
330
58
100
AcDbEntity
 67
     1
  8
0
100
AcDbBlockEnd
  0
BLOCK
  5
5F
330
5D
100
AcDbEntity
 67
     1
  8
0
100
AcDbBlockBegin
  2
*Paper_Space0
 70
     0
 10
0.0
 20
0.0
 30
0.0
  3
*Paper_Space0
  1

  0
ENDBLK
  5
60
330
5D
100
AcDbEntity
 67
     1
  8
0
100
AcDbBlockEnd
  0
BLOCK
  5
213
330
210
100
AcDbEntity
  8
0
100
AcDbBlockBegin
  2
_Dot
 70
     0
 10
0.0
 20
0.0
 30
0.0
  3
_Dot
  1

  0
LWPOLYLINE
  5
214
330
210
100
AcDbEntity
  8
0
  6
ByBlock
 62
     0
100
AcDbPolyline
 90
        2
 70
     1
 43
0.5
 10
-0.25
 20
0.0
 42
1.0
 10
0.25
 20
0.0
 42
1.0
  0
LINE
  5
215
330
210
100
AcDbEntity
  8
0
  6
ByBlock
 62
     0
370
    -2
100
AcDbLine
 10
-0.5
 20
0.0
 30
0.0
 11
-1.0
 21
0.0
 31
0.0
  0
ENDBLK
  5
216
330
210
100
AcDbEntity
  8
0
100
AcDbBlockEnd
  0
BLOCK
  5
218
330
217
100
AcDbEntity
  8
0
 62
    16
100
AcDbBlockBegin
  2
공사로고
 70
     0
 10
0.0
 20
0.0
 30
0.0
  3
공사로고
  1

  0
HATCH
  5
219
330
217
100
AcDbEntity
  8
TEXT
 62
    14
100
AcDbHatch
 10
0.0
 20
0.0
 30
0.0
210
0.0
220
0.0
230
1.0
  2
SOLID
 70
     1
 71
     0
 91
        8
 92
        7
 72
     1
 73
     1
 93
        7
 10
4.620000000000004
 20
12.0
 42
0.0
 10
0.0
 20
12.0
 42
0.0
 10
0.0
 20
8.700000000000017
 42
-0.2463100345026421
 10
-0.899999999999153
 20
7.500000000000397
 42
-0.1097722286465072
 10
-2.197012135642268
 20
7.200000000000017
 42
0.0
 10
3.299999999999982
 20
7.199999999999988
 42
0.352038893487218
 10
4.620000000000004
 20
8.700000000000045
 42
0.0
 97
        0
 92
        7
 72
     1
 73
     1
 93
        6
 10
5.313717799887285
 20
8.356196333145504
 42
-0.2591260281973968
 10
3.600000000000022
 20
7.200000000000017
 42
0.0
 10
7.800000000000039
 20
7.200000000000017
 42
0.2099573614211426
 10
10.20000000000002
 20
8.400000000000005
 42
0.0
 10
12.75
 20
12.0
 42
0.0
 10
7.5
 20
12.0
 42
0.0
 97
        0
 92
        7
 72
     1
 73
     1
 93
        7
 10
4.620000000000004
 20
3.899999999999977
 42
0.3520388934872184
 10
3.299999999999982
 20
5.400000000000005
 42
0.0
 10
-2.197012135642353
 20
5.400000000000005
 42
-0.1097722286465546
 10
-0.8999999999987267
 20
5.099999999999397
 42
-0.2463100345025628
 10
0.0
 20
3.900000000000005
 42
0.0
 10
0.0
 20
0.0
 42
0.0
 10
4.620000000000004
 20
0.0
 42
0.0
 97
        0
 92
        7
 72
     1
 73
     1
 93
       13
 10
7.620000000000004
 20
0.0
 42
0.0
 10
16.80000000000001
 20
0.0
 42
0.0
 10
18.0
 20
4.19999999999996
 42
0.196262923639985
 10
17.95913461272997
 20
4.805744344545814
 42
0.2619414504210447
 10
16.79999999999984
 20
5.400000000000005
 42
0.0
 10
12.30000000000001
 20
5.400000000000005
 42
0.0
 10
13.19999999999999
 20
5.340000000000003
 42
-0.4754222887856967
 10
13.73693289123565
 20
4.320165075998716
 42
0.0
 10
12.53750000000002
 20
0.8999999999999914
 42
0.0
 10
10.19999999999999
 20
4.200000000000017
 42
0.209957361421143
 10
7.800000000000011
 20
5.400000000000005
 42
0.0
 10
3.633368600762679
 20
5.400000000000005
 42
-0.2360679774997842
 10
4.800000000000011
 20
4.800000000000011
 42
0.0
 97
        0
 92
        7
 72
     1
 73
     1
 93
       12
 10
19.52720265998354
 20
9.360000000000013
 42
0.0
 10
19.80000000000001
 20
8.699999999999988
 42
-0.4698160659617733
 10
19.20244248573112
 20
7.276074464244771
 42
0.0
 10
18.45000000000002
 20
7.200000000000017
 42
0.0
 10
23.10000000000002
 20
7.200000000000017
 42
0.478671253123899
 10
24.00296638971705
 20
8.691842428278164
 42
0.0
 10
22.80000000000001
 20
12.0
 42
0.0
 10
16.5
 20
12.0
 42
0.0
 10
15.33380175075916
 20
8.890138002024457
 42
-0.3131682400535116
 10
12.98638785905854
 20
7.200000000000017
 42
0.0
 10
17.4
 20
7.200000000000017
 42
0.3329174932112422
 10
19.37091772038994
 20
8.867893124840861
 42
0.0
 97
        0
 92
        7
 72
     1
 73
     1
 93
        7
 10
27.06000000000003
 20
0.0
 42
0.0
 10
25.42791885629018
 20
4.545403137394714
 42
0.2792036223354084
 10
23.70000000000002
 20
5.400000000000005
 42
0.0
 10
18.66000000000002
 20
5.400000000000005
 42
0.0
 10
19.50000000000003
 20
5.340000000000003
 42
-0.2637048524443444
 10
20.81538461538463
 20
4.5
 42
0.0
 10
22.20000000000002
 20
0.0
 42
0.0
 97
        0
 92
        7
 72
     1
 73
     1
 93
        7
 10
27.96000000000006
 20
8.700000000000073
 42
-0.2707238584700697
 10
25.31467407622364
 20
7.140000000000014
 42
0.0
 10
30.58669977807489
 20
7.140000000000014
 42
0.2380571335860238
 10
32.10000000000005
 20
7.800000000000039
 42
-0.3418658258608348
 10
37.89000000000001
 20
8.700000000000017
 42
0.0
 10
38.01000000000002
 20
12.0
 42
0.1164690588558427
 10
33.02170241558434
 20
12.36972571964739
 42
0.2655073604568451
 97
        0
 92
        7
 72
     1
 73
     1
 93
        8
 10
32.09999999999997
 20
4.800000000000125
 42
0.2812361157382038
 10
30.90000000000003
 20
5.460000000000007
 42
0.0
 10
25.28999999999985
 20
5.460000000000007
 42
-0.2173860798380415
 10
27.58267369244908
 20
4.350742275704362
 42
0.2480788115192782
 10
31.45503640637938
 20
0.1610637739088361
 42
0.1579140238441878
 10
38.00789386426456
 20
0.1516044702621144
 42
0.0
 10
37.89000000000001
 20
3.599999999999965
 42
-0.0964035089784557
 10
35.55862111366685
 20
3.073912900920845
 42
-0.2720715849877164
 97
        0
 75
     0
 76
     1
 47
0.8659397711587679
 98
        8
 10
2.865920633165529
 20
10.06785615226798
 10
7.962163325429088
 20
9.548292254724429
 10
2.91792313974625
 20
2.69004928784895
 10
7.858158312267647
 20
2.534180127487729
 10
18.57066827049408
 20
10.43155080043189
 10
23.5629059495962
 20
1.495052332400575
 10
32.03930943713925
 20
10.22372531262923
 10
31.77929706827157
 20
2.326354550666593
450
        0
451
        0
460
0.0
461
0.0
452
        0
462
0.0
453
        0
470

  0
ENDBLK
  5
21A
330
217
100
AcDbEntity
  8
0
 62
    16
100
AcDbBlockEnd
  0
BLOCK
  5
22E7
330
22E5
100
AcDbEntity
  8
0
100
AcDbBlockBegin
  2
POL_1
 70
     0
 10
0.0
 20
0.0
 30
0.0
  3
POL_1
  1

  0
LINE
  5
22E8
330
22E5
100
AcDbEntity
  8
form_j
100
AcDbLine
 10
0.0
 20
10.0
 30
0.0
 11
-1.0
 21
10.0
 31
0.0
  0
LINE
  5
22E9
330
22E5
100
AcDbEntity
  8
form_j
100
AcDbLine
 10
-1.0
 20
10.0
 30
0.0
 11
-1.0
 21
0.0
 31
0.0
  0
LINE
  5
22EA
330
22E5
100
AcDbEntity
  8
form_j
100
AcDbLine
 10
-1.0
 20
0.0
 30
0.0
 11
0.0
 21
0.0
 31
0.0
  0
LINE
  5
22EB
330
22E5
100
AcDbEntity
  8
form_j
100
AcDbLine
 10
0.0
 20
0.0
 30
0.0
 11
0.0
 21
10.0
 31
0.0
  0
HATCH
  5
22EC
330
22E5
100
AcDbEntity
  8
0
100
AcDbHatch
 10
0.0
 20
0.0
 30
0.0
210
0.0
220
0.0
230
1.0
  2
SOLID
 70
     1
 71
     0
 91
        1
 92
        7
 72
     0
 73
     1
 93
        4
 10
0.0
 20
10.0
 10
-1.0
 20
10.0
 10
-1.0
 20
0.0
 10
0.0
 20
0.0
 97
        0
 75
     0
 76
     1
 47
0.0360865209700476
 98
        1
 10
-0.5637465288164094
 20
5.908875955094117
450
        0
451
        0
460
0.0
461
0.0
452
        0
462
0.0
453
        0
470

  0
ENDBLK
  5
22ED
330
22E5
100
AcDbEntity
  8
0
100
AcDbBlockEnd
  0
BLOCK
  5
22F0
330
22EE
100
AcDbEntity
  8
0
100
AcDbBlockBegin
  2
arrow1
 70
     0
 10
0.0
 20
0.0
 30
0.0
  3
arrow1
  1

  0
LWPOLYLINE
  5
22F1
330
22EE
100
AcDbEntity
  8
DIM1
100
AcDbPolyline
 90
        2
 70
     1
 43
0.9600000000000063
 10
-0.4800000000000182
 20
0.0
 42
1.0
 10
0.4800000000000182
 20
0.0
 42
1.0
  0
ENDBLK
  5
22F2
330
22EE
100
AcDbEntity
  8
0
100
AcDbBlockEnd
  0
BLOCK
  5
22F5
330
22F3
100
AcDbEntity
  8
0
 48
3.0
100
AcDbBlockBegin
  2
chain-1
 70
     0
 10
0.0
 20
0.0
 30
0.0
  3
chain-1
  1

  0
LINE
  5
22F6
330
22F3
100
AcDbEntity
  8
1
100
AcDbLine
 10
0.0000000000000142
 20
88.80000000001805
 30
0.0
 11
0.0000000000000142
 21
90.00000000001803
 31
0.0
  0
LINE
  5
22F7
330
22F3
100
AcDbEntity
  8
1
100
AcDbLine
 10
0.0000000000000107
 20
73.95000000001511
 30
0.0
 11
0.0000000000000036
 21
76.05000000001528
 31
0.0
  0
LINE
  5
22F8
330
22F3
100
AcDbEntity
  8
1
100
AcDbLine
 10
0.0000000000000107
 20
58.9500000000121
 30
0.0
 11
0.0000000000000036
 21
61.05000000001227
 31
0.0
  0
LINE
  5
22F9
330
22F3
100
AcDbEntity
  8
1
100
AcDbLine
 10
0.0000000000000107
 20
43.95000000000908
 30
0.0
 11
0.0000000000000036
 21
46.05000000000927
 31
0.0
  0
LINE
  5
22FA
330
22F3
100
AcDbEntity
  8
1
100
AcDbLine
 10
0.0000000000000107
 20
28.95000000000607
 30
0.0
 11
0.0000000000000036
 21
31.05000000000627
 31
0.0
  0
LINE
  5
22FB
330
22F3
100
AcDbEntity
  8
1
100
AcDbLine
 10
0.0000000000000107
 20
13.95000000000307
 30
0.0
 11
0.0000000000000036
 21
16.05000000000326
 31
0.0
  0
LINE
  5
22FC
330
22F3
100
AcDbEntity
  8
1
100
AcDbLine
 10
0.0
 20
0.0
 30
0.0
 11
0.0
 21
1.200000000000238
 31
0.0
  0
ENDBLK
  5
22FD
330
22F3
100
AcDbEntity
  8
0
 48
3.0
100
AcDbBlockEnd
  0
BLOCK
  5
28F4
330
28D8
100
AcDbEntity
  8
0
100
AcDbBlockBegin
  2
A$C138952CF
 70
     0
 10
0.0
 20
0.0
 30
0.0
  3
A$C138952CF
  1

  0
TEXT
  5
28D9
330
28D8
100
AcDbEntity
  8
BORD
100
AcDbText
 10
83.59524850998857
 20
7.468784425001821
 30
-0.2983111986770733
 40
0.6749999999999653
  1
H = 1 : 10
 50
0.0000000216583052
  7
HY울릉도M
 72
     2
 11
89.54167708141685
 21
7.468784427249623
 31
-0.2983111986770733
210
-0.0040942368142974
220
0.0000000000000001
230
0.9999916185773301
100
AcDbText
  0
TEXT
  5
28DA
330
28D8
100
AcDbEntity
  8
BORD
100
AcDbText
 10
83.64367373624981
 20
6.227999815265964
 30
-0.2982462615387776
 40
0.6749999999999653
  1
V = 1 : 10
 50
0.0000000216583052
  7
HY울릉도M
 72
     2
 11
89.52581659339235
 21
6.227999817489465
 31
-0.2982462615387776
210
-0.0040942368142974
220
0.0000000000000001
230
0.9999916185773301
100
AcDbText
  0
TEXT
  5
28DB
330
28D8
100
AcDbEntity
  8
BORD
100
AcDbText
 10
81.64017136705302
 20
6.82799981638379
 30
-0.0302261446572017
 40
0.6749999999999653
  1
S = (
 50
0.0000000216583052
  7
HY울릉도M
 72
     2
 11
84.56517136705286
 21
6.827999817489465
 31
-0.0302261446572017
210
-0.0040942368142974
220
0.0000000000000001
230
0.9999916185773301
100
AcDbText
  0
MTEXT
  5
28DC
330
28D8
100
AcDbEntity
  8
0
100
AcDbMText
 10
22.85631727541413
 20
7.212391891478609
 30
0.0
 40
1.747816329747486
 41
0.0
 46
0.0
 71
     1
 72
     5
  1
{\fHY견고딕|b0|i0|c129|p18;한 국 공 항 공 사}
 73
     1
 44
1.0
  0
MTEXT
  5
28DD
330
28D8
100
AcDbEntity
  8
0
100
AcDbMText
 10
23.05554877167824
 20
4.47940447825501
 30
0.0
 40
1.106950342173408
 41
0.0
 46
0.0
 71
     1
 72
     5
  1
{\fHY견고딕|b0|i0|c129|p18;KOREA AIRPORTS CORPORATION}
  7
KOREA
 73
     1
 44
1.0
  0
LWPOLYLINE
  5
28DE
330
28D8
100
AcDbEntity
  8
0
100
AcDbPolyline
 90
        2
 70
     0
 43
0.2060171647160391
 10
-22.79891993784614
 20
8.16105457264609
 10
95.44257157928452
 20
8.16105457264609
  0
INSERT
  5
28DF
330
28D8
100
AcDbEntity
  8
0
100
AcDbBlockReference
  2
공사로고
 10
10.1278563193723
 20
3.557466978046859
 30
0.0
 41
0.2913027216245811
 42
0.2913027216245811
 43
0.2913027216245811
  0
LINE
  5
28E0
330
28D8
100
AcDbEntity
  8
0
100
AcDbLine
 10
8.776396540011855
 20
8.218628393075476
 30
0.0
 11
8.776396540011855
 21
2.392573960582076
 31
0.0
  0
LINE
  5
28E1
330
28D8
100
AcDbEntity
  8
0
100
AcDbLine
 10
56.03487070226775
 20
5.276814266605351
 30
0.0
 11
79.89218243794541
 21
5.276814266605351
 31
0.0
  0
LINE
  5
28E2
330
28D8
100
AcDbEntity
  8
0
100
AcDbLine
 10
41.587228514284
 20
6.23822731739171
 30
0.0
 11
56.03487070226775
 21
6.23822731739171
 31
0.0
  0
LINE
  5
28E3
330
28D8
100
AcDbEntity
  8
0
100
AcDbLine
 10
41.587228514284
 20
4.315400638986893
 30
0.0
 11
56.03487070226775
 21
4.315400638986893
 31
0.0
  0
MTEXT
  5
28E4
330
28D8
100
AcDbEntity
  8
0
100
AcDbMText
 10
42.52943472353007
 20
3.995570177826148
 30
0.0
 40
0.4614784489639276
 41
5.768480612049093
 46
0.0
 71
     1
 72
     5
  1
\f굴림|b0|i0|c129|p50;제    도\PDRAWING BY
 73
     1
 44
1.0
  0
LINE
  5
28E5
330
28D8
100
AcDbEntity
  8
0
100
AcDbLine
 10
41.587228514284
 20
8.16105457264609
 30
0.0
 11
41.587228514284
 21
2.392573960582076
 31
0.0
  0
MTEXT
  5
28E6
330
28D8
100
AcDbEntity
  8
0
100
AcDbMText
 10
42.52943472353007
 20
7.831800589730546
 30
0.0
 40
0.4614784489639276
 41
5.768480612049093
 46
0.0
 71
     1
 72
     5
  1
\f굴림|b0|i0|c129|p50;심    사\PCHECKD BY
 73
     1
 44
1.0
  0
MTEXT
  5
28E7
330
28D8
100
AcDbEntity
  8
0
100
AcDbMText
 10
42.52943472353007
 20
5.874102979109438
 30
0.0
 40
0.4614784489639276
 41
5.768480612049093
 46
0.0
 71
     1
 72
     5
  1
\f굴림|b0|i0|c129|p50;설    계\PDESIGNED BY
 73
     1
 44
1.0
  0
LINE
  5
28E8
330
28D8
100
AcDbEntity
  8
0
100
AcDbLine
 10
56.03487070226775
 20
8.16105457264609
 30
0.0
 11
56.03487070226775
 21
2.392573960582076
 31
0.0
  0
MTEXT
  5
28E9
330
28D8
100
AcDbEntity
  8
0
100
AcDbMText
 10
56.44134313730839
 20
4.739908597405583
 30
0.0
 40
0.4614784489639276
 41
8.249161607403747
 46
0.0
 71
     1
 72
     5
  1
\f굴림|b0|i0|c129|p50;도   면   명\PNAME OF DRAWING
 73
     1
 44
1.0
  0
MTEXT
  5
28EA
330
28D8
100
AcDbEntity
  8
0
100
AcDbMText
 10
56.44134313730839
 20
7.239027829965625
 30
0.0
 40
0.4614784489639276
 41
5.768480612049093
 46
0.0
 71
     1
 72
     5
  1
\f굴림|b0|i0|c129|p50;공  사   명\PPROJECT TITLE
 73
     1
 44
1.0
  0
LINE
  5
28EB
330
28D8
100
AcDbEntity
  8
0
100
AcDbLine
 10
79.89218243794541
 20
4.315400638986893
 30
0.0
 11
95.44257157928452
 21
4.315400638986893
 31
0.0
  0
LINE
  5
28EC
330
28D8
100
AcDbEntity
  8
0
100
AcDbLine
 10
79.89218243794541
 20
6.23822731739171
 30
0.0
 11
95.44257157928452
 21
6.23822731739171
 31
0.0
  0
LINE
  5
28ED
330
28D8
100
AcDbEntity
  8
0
100
AcDbLine
 10
79.89218243794541
 20
8.16105457264609
 30
0.0
 11
79.89218243794541
 21
2.392573960582076
 31
0.0
  0
MTEXT
  5
28EE
330
28D8
100
AcDbEntity
  8
0
100
AcDbMText
 10
80.29865487298604
 20
4.098993163459518
 30
0.0
 40
0.4614784489639276
 41
5.768480612049093
 46
0.0
 71
     1
 72
     5
  1
\f굴림|b0|i0|c129|p50;도면번호\PDRAWING NO.
 73
     1
 44
1.0
  0
MTEXT
  5
28EF
330
28D8
100
AcDbEntity
  8
0
100
AcDbMText
 10
80.29865487298604
 20
5.907441099299166
 30
0.0
 40
0.4614784489639276
 41
5.768480612049093
 46
0.0
 71
     1
 72
     5
  1
\f굴림|b0|i0|c129|p50;일 자\PDATE
 73
     1
 44
1.0
  0
MTEXT
  5
28F0
330
28D8
100
AcDbEntity
  8
0
100
AcDbMText
 10
80.29865487298604
 20
7.794432315459989
 30
0.0
 40
0.4614784489639276
 41
5.768480612049093
 46
0.0
 71
     1
 72
     5
  1
\f굴림|b0|i0|c129|p50;축   척\PSCALE
 73
     1
 44
1.0
  0
MTEXT
  5
28F1
330
28D8
100
AcDbEntity
  8
도곽-1
100
AcDbMText
 10
62.41418498610229
 20
7.233980343342109
 30
0.0
 40
0.6
 41
0.0
 46
0.0
 71
     1
 72
     5
  1
{\fHYGothic-Extra|b0|i0|c129|p18;김포국제공항 국내선 제1주차장 시설개선공사}
 73
     1
 44
1.0
  0
ENDBLK
  5
28F5
330
28D8
100
AcDbEntity
  8
0
100
AcDbBlockEnd
  0
BLOCK
  5
295F
330
295A
100
AcDbEntity
  8
0
100
AcDbBlockBegin
  2
A$C7DC11083
 70
     0
 10
0.0
 20
0.0
 30
0.0
  3
A$C7DC11083
  1

  0
LWPOLYLINE
  5
295B
330
295A
100
AcDbEntity
  8
MH
 48
3.0
100
AcDbPolyline
 90
        4
 70
     1
 43
0.0
 38
-0.0299585000000042
 10
0.000366335574995
 20
1.725129374687362
 10
0.000366335574995
 20
0.0001293746873685
 10
0.6503663355750007
 20
0.0001293746873685
 10
0.6503663355750007
 20
1.725129374687362
  0
LINE
  5
295C
330
295A
100
AcDbEntity
  8
0
100
AcDbLine
 10
0.6503663355750007
 20
0.0001293746873685
 30
-0.0299585000000042
 11
0.325366335575012
 21
0.0001293746873685
 31
-0.0299585000000042
  0
ENDBLK
  5
2960
330
295A
100
AcDbEntity
  8
0
100
AcDbBlockEnd
  0
BLOCK
  5
29A9
330
29A2
100
AcDbEntity
  8
0
100
AcDbBlockBegin
  2
A$C150E67F6
 70
     0
 10
0.0
 20
0.0
 30
0.0
  3
A$C150E67F6
  1

  0
LINE
  5
29A3
330
29A2
100
AcDbEntity
  8
GL
 48
3.0
100
AcDbLine
 10
0.2315087947063148
 20
3.951980323960214
 30
0.0
 11
2.883159224156315
 21
6.603630753409724
 31
0.0
  0
TEXT
  5
29A4
330
29A2
100
AcDbEntity
  8
TEXT
 48
3.0
100
AcDbText
 10
0.3640913161786851
 20
3.444397802487629
 30
0.0
 40
0.375
  1
  H=5.0m
 50
44.9999999999536
  7
PipeTools
 11
0.2315087947063148
 21
3.576980323960214
 31
0.0
100
AcDbText
 73
     2
  0
TEXT
  5
29A5
330
29A2
100
AcDbEntity
  8
TEXT
 48
3.0
100
AcDbText
 10
0.3640913161786851
 20
4.194397802487628
 30
0.0
 40
0.375
  1
담장기초 상부
 50
44.9999999999536
  7
PipeTools
 11
0.2315087947063148
 21
4.326980323960214
 31
0.0
100
AcDbText
 73
     2
  0
LINE
  5
29A6
330
29A2
100
AcDbEntity
  8
0
100
AcDbLine
 10
0.0690087947062921
 20
1.382386374985799
 30
0.0
 11
0.0690087947062921
 21
0.0003863749858013
 31
0.0
  0
ENDBLK
  5
29AA
330
29A2
100
AcDbEntity
  8
0
100
AcDbBlockEnd
  0
BLOCK
  5
2B6D
330
2B63
100
AcDbEntity
  8
0
100
AcDbBlockBegin
  2
A$C4349675D
 70
     0
 10
0.0
 20
0.0
 30
0.0
  3
A$C4349675D
  1

  0
LINE
  5
2B64
330
2B63
100
AcDbEntity
  8
PipeTools
 48
3.0
100
AcDbLine
 10
1.650243825977668
 20
0.0003461927408495
 30
0.0
 11
1.650243825977668
 21
7.500346192740821
 31
0.0
  0
LINE
  5
2B65
330
2B63
100
AcDbEntity
  8
PipeTools
 48
3.0
100
AcDbLine
 10
1.50024382597769
 20
7.500346192740821
 30
0.0
 11
1.50024382597769
 21
0.0003461927408495
 31
0.0
  0
LINE
  5
2B66
330
2B63
100
AcDbEntity
  8
PipeTools
 48
3.0
100
AcDbLine
 10
0.0002438259776909
 20
0.0003461927408495
 30
0.0
 11
1.50024382597769
 21
0.0003461927408495
 31
0.0
  0
INSERT
  5
2B67
330
2B63
100
AcDbEntity
  8
PipeTools
 48
3.0
100
AcDbBlockReference
  2
POL_1
 10
1.650243825977668
 20
0.0003461927408495
 30
0.0
 41
0.15
 42
0.075
 43
0.00025
  0
INSERT
  5
2B68
330
2B63
100
AcDbEntity
  8
PipeTools
 48
3.0
100
AcDbBlockReference
  2
POL_1
 10
1.650243825977668
 20
1.500346192740849
 30
0.0
 41
0.15
 42
0.075
 43
0.00025
  0
INSERT
  5
2B69
330
2B63
100
AcDbEntity
  8
PipeTools
 48
3.0
100
AcDbBlockReference
  2
POL_1
 10
1.650243825977668
 20
3.000346192740849
 30
0.0
 41
0.15
 42
0.075
 43
0.00025
  0
TEXT
  5
2B6A
330
2B63
100
AcDbEntity
  8
TEXT
 48
3.0
100
AcDbText
 10
0.4434528805715657
 20
0.1878461927408494
 30
0.0
 40
0.375
  1
0.0
 41
0.8
  7
PipeTools
 72
     1
 11
0.7502438259776909
 21
0.3753461927408495
 31
0.0
100
AcDbText
 73
     2
  0
ENDBLK
  5
2B6E
330
2B63
100
AcDbEntity
  8
0
100
AcDbBlockEnd
  0
BLOCK
  5
2BBB
330
2BB7
100
AcDbEntity
  8
0
100
AcDbBlockBegin
  2
A$C68A50E68
 70
     0
 10
0.0
 20
0.0
 30
0.0
  3
A$C68A50E68
  1

  0
LINE
  5
2BB8
330
2BB7
100
AcDbEntity
  8
0
 62
     1
100
AcDbLine
 10
0.0001177600792879
 20
0.3209484522112973
 30
0.0
 11
0.0001177600792879
 21
-0.0000182733197391
 31
0.0
  0
ENDBLK
  5
2BBC
330
2BB7
100
AcDbEntity
  8
0
100
AcDbBlockEnd
  0
BLOCK
  5
2BC6
330
2BC0
100
AcDbEntity
  8
0
100
AcDbBlockBegin
  2
A$C741467A0
 70
     0
 10
0.0
 20
0.0
 30
0.0
  3
A$C741467A0
  1

  0
LINE
  5
2BC1
330
2BC0
100
AcDbEntity
  8
GL
 48
3.0
100
AcDbLine
 10
0.2317836154252291
 20
0.5808670221477144
 30
0.0
 11
2.88343404487523
 21
3.232517451597225
 31
0.0
  0
TEXT
  5
2BC2
330
2BC0
100
AcDbEntity
  8
TEXT
 48
3.0
100
AcDbText
 10
0.3643661368975994
 20
0.0732845006751293
 30
0.0
 40
0.375
  1
  H=5.0m
 50
44.9999999999536
  7
PipeTools
 11
0.2317836154252291
 21
0.2058670221477143
 31
0.0
100
AcDbText
 73
     2
  0
TEXT
  5
2BC3
330
2BC0
100
AcDbEntity
  8
TEXT
 48
3.0
100
AcDbText
 10
0.3643661368975994
 20
0.8232845006751292
 30
0.0
 40
0.375
  1
담장기초 상부
 50
44.9999999999536
  7
PipeTools
 11
0.2317836154252291
 21
0.9558670221477143
 31
0.0
100
AcDbText
 73
     2
  0
ENDBLK
  5
2BC7
330
2BC0
100
AcDbEntity
  8
0
100
AcDbBlockEnd
  0
BLOCK
  5
2BDA
330
2BD4
100
AcDbEntity
  8
0
100
AcDbBlockBegin
  2
A$C0F2C6115
 70
     0
 10
0.0
 20
0.0
 30
0.0
  3
A$C0F2C6115
  1

  0
LINE
  5
2BD5
330
2BD4
100
AcDbEntity
  8
GL
 48
3.0
100
AcDbLine
 10
0.232516063537755
 20
0.5917226488920875
 30
0.0
 11
2.884166492987755
 21
3.243373078341598
 31
0.0
  0
TEXT
  5
2BD6
330
2BD4
100
AcDbEntity
  8
TEXT
 48
3.0
100
AcDbText
 10
0.3650985850101253
 20
0.0841401274195024
 30
0.0
 40
0.375
  1
 맨홀 H=1.44m
 50
44.9999999999536
  7
PipeTools
 11
0.232516063537755
 21
0.2167226488920875
 31
0.0
100
AcDbText
 73
     2
  0
TEXT
  5
2BD7
330
2BD4
100
AcDbEntity
  8
TEXT
 48
3.0
100
AcDbText
 10
0.3650985850101253
 20
0.8341401274195023
 30
0.0
 40
0.375
  1
경계석 n.1
 50
44.9999999999536
  7
PipeTools
 11
0.232516063537755
 21
0.9667226488920874
 31
0.0
100
AcDbText
 73
     2
  0
ENDBLK
  5
2BDB
330
2BD4
100
AcDbEntity
  8
0
100
AcDbBlockEnd
  0
BLOCK
  5
2C12
330
2C0C
100
AcDbEntity
  8
0
100
AcDbBlockBegin
  2
A$C7DDD0A8B
 70
     0
 10
0.0
 20
0.0
 30
0.0
  3
A$C7DDD0A8B
  1

  0
LINE
  5
2C0D
330
2C0C
100
AcDbEntity
  8
GL
 48
3.0
100
AcDbLine
 10
0.1385301937606336
 20
0.3552142444414414
 30
0.0
 11
1.72952045143063
 21
1.946204502111147
 31
0.0
  0
TEXT
  5
2C0E
330
2C0C
100
AcDbEntity
  8
TEXT
 48
3.0
100
AcDbText
 10
0.2180797066440557
 20
0.050664731557889
 30
0.0
 40
0.225
  1
 맨홀 H=1.44m
 50
44.99999999995358
  7
PipeTools
 11
0.1385301937606336
 21
0.13021424444144
 31
0.0
100
AcDbText
 73
     2
  0
TEXT
  5
2C0F
330
2C0C
100
AcDbEntity
  8
TEXT
 48
3.0
100
AcDbText
 10
0.2180797066440557
 20
0.5006647315578919
 30
0.0
 40
0.225
  1
경계석 n.1
 50
44.99999999995358
  7
PipeTools
 11
0.1385301937606336
 21
0.5802142444414429
 31
0.0
100
AcDbText
 73
     2
  0
ENDBLK
  5
2C13
330
2C0C
100
AcDbEntity
  8
0
100
AcDbBlockEnd
  0
BLOCK
  5
2CB0
330
2CAC
100
AcDbEntity
  8
0
100
AcDbBlockBegin
  2
A$C425A15DE
 70
     0
 10
0.0
 20
0.0
 30
0.0
  3
A$C425A15DE
  1

  0
SOLID
  5
2CAD
330
2CAC
100
AcDbEntity
  8
FINC
100
AcDbTrace
 10
0.1499937612016424
 20
0.0000000019375079
 30
0.0
 11
0.0000000053175313
 21
0.0000000019375079
 31
0.0
 12
0.1499937612016424
 22
1.000000879905485
 32
0.0
 13
0.0000000058996079
 23
1.000000879905485
 33
0.0
  0
ENDBLK
  5
2CB1
330
2CAC
100
AcDbEntity
  8
0
100
AcDbBlockEnd
  0
BLOCK
  5
2CF6
330
2CF2
100
AcDbEntity
  8
0
100
AcDbBlockBegin
  2
A$C22950B9F
 70
     0
 10
0.0
 20
0.0
 30
0.0
  3
A$C22950B9F
  1

  0
LINE
  5
2CF3
330
2CF2
100
AcDbEntity
  8
0
 62
     5
100
AcDbLine
 10
0.0000000389212715
 20
-0.0000000095556416
 30
0.0
 11
0.3500000389212658
 21
-0.0000000095556416
 31
0.0
  0
ENDBLK
  5
2CF7
330
2CF2
100
AcDbEntity
  8
0
100
AcDbBlockEnd
  0
BLOCK
  5
2D5F
330
2D5E
100
AcDbEntity
  8
0
100
AcDbBlockBegin
  2
*D16
 70
     1
 10
0.0
 20
0.0
 30
0.0
  3
*D16
  1

  0
LINE
  5
322E
330
2D5E
100
AcDbEntity
  8
0
 62
     0
440
 16777216
370
    -2
100
AcDbLine
 10
39.51762101981477
 20
18.45472341577258
 30
0.0
 11
39.51762101981477
 21
19.1089251169709
 31
0.0
  0
LINE
  5
322F
330
2D5E
100
AcDbEntity
  8
0
 62
     0
440
 16777216
370
    -2
100
AcDbLine
 10
38.01762101981477
 20
18.45472341577258
 30
0.0
 11
38.01762101981477
 21
19.1089251169709
 31
0.0
  0
LINE
  5
3230
330
2D5E
100
AcDbEntity
  8
0
 62
     0
440
 16777216
370
    -2
100
AcDbLine
 10
39.33762101981477
 20
18.9289251169709
 30
0.0
 11
39.15815948135323
 21
18.9289251169709
 31
0.0
  0
LINE
  5
3231
330
2D5E
100
AcDbEntity
  8
0
 62
     0
440
 16777216
370
    -2
100
AcDbLine
 10
38.19762101981477
 20
18.9289251169709
 30
0.0
 11
38.37708255827631
 21
18.9289251169709
 31
0.0
  0
SOLID
  5
3232
330
2D5E
100
AcDbEntity
  8
0
 62
     0
440
 16777216
100
AcDbTrace
 10
39.33762101981477
 20
18.95892511697091
 30
0.0
 11
39.33762101981477
 21
18.8989251169709
 31
0.0
 12
39.51762101981477
 22
18.9289251169709
 32
0.0
 13
39.51762101981477
 23
18.9289251169709
 33
0.0
  0
SOLID
  5
3233
330
2D5E
100
AcDbEntity
  8
0
 62
     0
440
 16777216
100
AcDbTrace
 10
38.19762101981477
 20
18.95892511697091
 30
0.0
 11
38.19762101981477
 21
18.8989251169709
 31
0.0
 12
38.01762101981477
 22
18.9289251169709
 32
0.0
 13
38.01762101981477
 23
18.9289251169709
 33
0.0
  0
MTEXT
  5
3234
330
2D5E
100
AcDbEntity
  8
0
 62
     0
440
 16777216
100
AcDbMText
 10
38.76762101981477
 20
18.9289251169709
 30
0.0
 40
0.2
 41
0.0
 46
0.0
 71
     5
 72
     1
  1
\A1;1.5m
 73
     1
 44
1.0
  0
POINT
  5
3235
330
2D5E
100
AcDbEntity
  8
Defpoints
 62
     0
440
 16777216
100
AcDbPoint
 10
39.51762101981477
 20
18.39222341577258
 30
0.0
  0
POINT
  5
3236
330
2D5E
100
AcDbEntity
  8
Defpoints
 62
     0
440
 16777216
100
AcDbPoint
 10
38.01762101981477
 20
18.39222341577258
 30
0.0
  0
POINT
  5
3237
330
2D5E
100
AcDbEntity
  8
Defpoints
 62
     0
440
 16777216
100
AcDbPoint
 10
38.01762101981477
 20
18.9289251169709
 30
0.0
  0
ENDBLK
  5
2D60
330
2D5E
100
AcDbEntity
  8
0
100
AcDbBlockEnd
  0
BLOCK
  5
2D79
330
2D78
100
AcDbEntity
  8
0
100
AcDbBlockBegin
  2
*D17
 70
     1
 10
0.0
 20
0.0
 30
0.0
  3
*D17
  1

  0
LINE
  5
3224
330
2D78
100
AcDbEntity
  8
0
 62
     0
440
 16777216
370
    -2
100
AcDbLine
 10
38.01762101981477
 20
18.45472341577258
 30
0.0
 11
38.01762101981477
 21
19.1089251169709
 31
0.0
  0
LINE
  5
3225
330
2D78
100
AcDbEntity
  8
0
 62
     0
440
 16777216
370
    -2
100
AcDbLine
 10
31.01010618427237
 20
18.45472341577258
 30
0.0
 11
31.01010618427237
 21
19.1089251169709
 31
0.0
  0
LINE
  5
3226
330
2D78
100
AcDbEntity
  8
0
 62
     0
440
 16777216
370
    -2
100
AcDbLine
 10
37.83762101981477
 20
18.9289251169709
 30
0.0
 11
34.91017129435126
 21
18.9289251169709
 31
0.0
  0
LINE
  5
3227
330
2D78
100
AcDbEntity
  8
0
 62
     0
440
 16777216
370
    -2
100
AcDbLine
 10
31.19010618427236
 20
18.9289251169709
 30
0.0
 11
34.11755590973587
 21
18.9289251169709
 31
0.0
  0
SOLID
  5
3228
330
2D78
100
AcDbEntity
  8
0
 62
     0
440
 16777216
100
AcDbTrace
 10
37.83762101981477
 20
18.95892511697091
 30
0.0
 11
37.83762101981477
 21
18.8989251169709
 31
0.0
 12
38.01762101981477
 22
18.9289251169709
 32
0.0
 13
38.01762101981477
 23
18.9289251169709
 33
0.0
  0
SOLID
  5
3229
330
2D78
100
AcDbEntity
  8
0
 62
     0
440
 16777216
100
AcDbTrace
 10
31.19010618427236
 20
18.95892511697091
 30
0.0
 11
31.19010618427236
 21
18.8989251169709
 31
0.0
 12
31.01010618427237
 22
18.9289251169709
 32
0.0
 13
31.01010618427237
 23
18.9289251169709
 33
0.0
  0
MTEXT
  5
322A
330
2D78
100
AcDbEntity
  8
0
 62
     0
440
 16777216
100
AcDbMText
 10
34.51386360204356
 20
18.9289251169709
 30
0.0
 40
0.2
 41
0.0
 46
0.0
 71
     5
 72
     1
  1
\A1;7.0m
 73
     1
 44
1.0
  0
POINT
  5
322B
330
2D78
100
AcDbEntity
  8
Defpoints
 62
     0
440
 16777216
100
AcDbPoint
 10
38.01762101981477
 20
18.39222341577258
 30
0.0
  0
POINT
  5
322C
330
2D78
100
AcDbEntity
  8
Defpoints
 62
     0
440
 16777216
100
AcDbPoint
 10
31.01010618427237
 20
18.39222341577258
 30
0.0
  0
POINT
  5
322D
330
2D78
100
AcDbEntity
  8
Defpoints
 62
     0
440
 16777216
100
AcDbPoint
 10
31.01010618427237
 20
18.9289251169709
 30
0.0
  0
ENDBLK
  5
2D7A
330
2D78
100
AcDbEntity
  8
0
100
AcDbBlockEnd
  0
BLOCK
  5
2DF4
330
2DF3
100
AcDbEntity
  8
0
100
AcDbBlockBegin
  2
*D18
 70
     1
 10
0.0
 20
0.0
 30
0.0
  3
*D18
  1

  0
LINE
  5
321A
330
2DF3
100
AcDbEntity
  8
0
 62
     0
440
 16777216
370
    -2
100
AcDbLine
 10
31.01010618427237
 20
18.45472341577258
 30
0.0
 11
31.01010618427237
 21
19.1089251169709
 31
0.0
  0
LINE
  5
321B
330
2DF3
100
AcDbEntity
  8
0
 62
     0
440
 16777216
370
    -2
100
AcDbLine
 10
27.91263585535717
 20
18.45472341577258
 30
0.0
 11
27.91263585535717
 21
19.1089251169709
 31
0.0
  0
LINE
  5
321C
330
2DF3
100
AcDbEntity
  8
0
 62
     0
440
 16777216
370
    -2
100
AcDbLine
 10
30.83010618427236
 20
18.9289251169709
 30
0.0
 11
29.85737101981476
 21
18.9289251169709
 31
0.0
  0
LINE
  5
321D
330
2DF3
100
AcDbEntity
  8
0
 62
     0
440
 16777216
370
    -2
100
AcDbLine
 10
28.09263585535716
 20
18.9289251169709
 30
0.0
 11
29.06537101981476
 21
18.9289251169709
 31
0.0
  0
SOLID
  5
321E
330
2DF3
100
AcDbEntity
  8
0
 62
     0
440
 16777216
100
AcDbTrace
 10
30.83010618427236
 20
18.95892511697091
 30
0.0
 11
30.83010618427236
 21
18.8989251169709
 31
0.0
 12
31.01010618427237
 22
18.9289251169709
 32
0.0
 13
31.01010618427237
 23
18.9289251169709
 33
0.0
  0
SOLID
  5
321F
330
2DF3
100
AcDbEntity
  8
0
 62
     0
440
 16777216
100
AcDbTrace
 10
28.09263585535716
 20
18.95892511697091
 30
0.0
 11
28.09263585535716
 21
18.8989251169709
 31
0.0
 12
27.91263585535717
 22
18.9289251169709
 32
0.0
 13
27.91263585535717
 23
18.9289251169709
 33
0.0
  0
MTEXT
  5
3220
330
2DF3
100
AcDbEntity
  8
0
 62
     0
440
 16777216
100
AcDbMText
 10
29.46137101981476
 20
18.9289251169709
 30
0.0
 40
0.2
 41
0.0
 46
0.0
 71
     5
 72
     1
  1
\A1;3.1m
 73
     1
 44
1.0
  0
POINT
  5
3221
330
2DF3
100
AcDbEntity
  8
Defpoints
 62
     0
440
 16777216
100
AcDbPoint
 10
31.01010618427237
 20
18.39222341577258
 30
0.0
  0
POINT
  5
3222
330
2DF3
100
AcDbEntity
  8
Defpoints
 62
     0
440
 16777216
100
AcDbPoint
 10
27.91263585535717
 20
18.39222341577258
 30
0.0
  0
POINT
  5
3223
330
2DF3
100
AcDbEntity
  8
Defpoints
 62
     0
440
 16777216
100
AcDbPoint
 10
27.91263585535717
 20
18.9289251169709
 30
0.0
  0
ENDBLK
  5
2DF5
330
2DF3
100
AcDbEntity
  8
0
100
AcDbBlockEnd
  0
BLOCK
  5
2E0E
330
2E0D
100
AcDbEntity
  8
0
100
AcDbBlockBegin
  2
*D19
 70
     1
 10
0.0
 20
0.0
 30
0.0
  3
*D19
  1

  0
LINE
  5
3210
330
2E0D
100
AcDbEntity
  8
0
 62
     0
440
 16777216
370
    -2
100
AcDbLine
 10
27.91263585535717
 20
18.45472341577258
 30
0.0
 11
27.91263585535717
 21
19.1089251169709
 31
0.0
  0
LINE
  5
3211
330
2E0D
100
AcDbEntity
  8
0
 62
     0
440
 16777216
370
    -2
100
AcDbLine
 10
24.32275361543645
 20
18.45472341577258
 30
0.0
 11
24.32275361543645
 21
19.1089251169709
 31
0.0
  0
LINE
  5
3212
330
2E0D
100
AcDbEntity
  8
0
 62
     0
440
 16777216
370
    -2
100
AcDbLine
 10
27.73263585535716
 20
18.9289251169709
 30
0.0
 11
26.51369473539681
 21
18.9289251169709
 31
0.0
  0
LINE
  5
3213
330
2E0D
100
AcDbEntity
  8
0
 62
     0
440
 16777216
370
    -2
100
AcDbLine
 10
24.50275361543645
 20
18.9289251169709
 30
0.0
 11
25.72169473539681
 21
18.9289251169709
 31
0.0
  0
SOLID
  5
3214
330
2E0D
100
AcDbEntity
  8
0
 62
     0
440
 16777216
100
AcDbTrace
 10
27.73263585535716
 20
18.95892511697091
 30
0.0
 11
27.73263585535716
 21
18.8989251169709
 31
0.0
 12
27.91263585535717
 22
18.9289251169709
 32
0.0
 13
27.91263585535717
 23
18.9289251169709
 33
0.0
  0
SOLID
  5
3215
330
2E0D
100
AcDbEntity
  8
0
 62
     0
440
 16777216
100
AcDbTrace
 10
24.50275361543645
 20
18.95892511697091
 30
0.0
 11
24.50275361543645
 21
18.8989251169709
 31
0.0
 12
24.32275361543645
 22
18.9289251169709
 32
0.0
 13
24.32275361543645
 23
18.9289251169709
 33
0.0
  0
MTEXT
  5
3216
330
2E0D
100
AcDbEntity
  8
0
 62
     0
440
 16777216
100
AcDbMText
 10
26.11769473539681
 20
18.9289251169709
 30
0.0
 40
0.2
 41
0.0
 46
0.0
 71
     5
 72
     1
  1
\A1;3.6m
 73
     1
 44
1.0
  0
POINT
  5
3217
330
2E0D
100
AcDbEntity
  8
Defpoints
 62
     0
440
 16777216
100
AcDbPoint
 10
27.91263585535717
 20
18.39222341577258
 30
0.0
  0
POINT
  5
3218
330
2E0D
100
AcDbEntity
  8
Defpoints
 62
     0
440
 16777216
100
AcDbPoint
 10
24.32275361543645
 20
18.39222341577258
 30
0.0
  0
POINT
  5
3219
330
2E0D
100
AcDbEntity
  8
Defpoints
 62
     0
440
 16777216
100
AcDbPoint
 10
24.32275361543645
 20
18.9289251169709
 30
0.0
  0
ENDBLK
  5
2E0F
330
2E0D
100
AcDbEntity
  8
0
100
AcDbBlockEnd
  0
BLOCK
  5
2E28
330
2E27
100
AcDbEntity
  8
0
100
AcDbBlockBegin
  2
*D20
 70
     1
 10
0.0
 20
0.0
 30
0.0
  3
*D20
  1

  0
LINE
  5
3206
330
2E27
100
AcDbEntity
  8
0
 62
     0
440
 16777216
370
    -2
100
AcDbLine
 10
24.32275361543645
 20
18.45472341577258
 30
0.0
 11
24.32275361543645
 21
19.1089251169709
 31
0.0
  0
LINE
  5
3207
330
2E27
100
AcDbEntity
  8
0
 62
     0
440
 16777216
370
    -2
100
AcDbLine
 10
23.46877213030029
 20
18.45472341577258
 30
0.0
 11
23.46877213030029
 21
19.1089251169709
 31
0.0
  0
LINE
  5
3208
330
2E27
100
AcDbEntity
  8
0
 62
     0
440
 16777216
370
    -2
100
AcDbLine
 10
24.50275361543645
 20
18.9289251169709
 30
0.0
 11
24.68275361543645
 21
18.9289251169709
 31
0.0
  0
LINE
  5
3209
330
2E27
100
AcDbEntity
  8
0
 62
     0
440
 16777216
370
    -2
100
AcDbLine
 10
23.28877213030029
 20
18.9289251169709
 30
0.0
 11
23.10877213030029
 21
18.9289251169709
 31
0.0
  0
SOLID
  5
320A
330
2E27
100
AcDbEntity
  8
0
 62
     0
440
 16777216
100
AcDbTrace
 10
24.50275361543645
 20
18.95892511697091
 30
0.0
 11
24.50275361543645
 21
18.8989251169709
 31
0.0
 12
24.32275361543645
 22
18.9289251169709
 32
0.0
 13
24.32275361543645
 23
18.9289251169709
 33
0.0
  0
SOLID
  5
320B
330
2E27
100
AcDbEntity
  8
0
 62
     0
440
 16777216
100
AcDbTrace
 10
23.28877213030029
 20
18.95892511697091
 30
0.0
 11
23.28877213030029
 21
18.8989251169709
 31
0.0
 12
23.46877213030029
 22
18.9289251169709
 32
0.0
 13
23.46877213030029
 23
18.9289251169709
 33
0.0
  0
MTEXT
  5
320C
330
2E27
100
AcDbEntity
  8
0
 62
     0
440
 16777216
100
AcDbMText
 10
23.89576287286837
 20
18.9289251169709
 30
0.0
 40
0.2
 41
0.0
 46
0.0
 71
     5
 72
     1
  1
\A1;0.9m
 73
     1
 44
1.0
  0
POINT
  5
320D
330
2E27
100
AcDbEntity
  8
Defpoints
 62
     0
440
 16777216
100
AcDbPoint
 10
24.32275361543645
 20
18.39222341577258
 30
0.0
  0
POINT
  5
320E
330
2E27
100
AcDbEntity
  8
Defpoints
 62
     0
440
 16777216
100
AcDbPoint
 10
23.46877213030029
 20
18.39222341577258
 30
0.0
  0
POINT
  5
320F
330
2E27
100
AcDbEntity
  8
Defpoints
 62
     0
440
 16777216
100
AcDbPoint
 10
23.46877213030029
 20
18.9289251169709
 30
0.0
  0
ENDBLK
  5
2E29
330
2E27
100
AcDbEntity
  8
0
100
AcDbBlockEnd
  0
BLOCK
  5
3126
330
3125
100
AcDbEntity
  8
0
100
AcDbBlockBegin
  2
*D21
 70
     1
 10
0.0
 20
0.0
 30
0.0
  3
*D21
  1

  0
LINE
  5
323F
330
3125
100
AcDbEntity
  8
0
 62
     0
440
 16777216
370
    -2
100
AcDbLine
 10
35.10090418910298
 20
15.72893643290606
 30
0.0
 11
38.07519034989251
 21
15.72893643290605
 31
0.0
  0
LINE
  5
3240
330
3125
100
AcDbEntity
  8
0
 62
     0
440
 16777216
370
    -2
100
AcDbLine
 10
37.84887101981477
 20
12.33893643290606
 30
0.0
 11
37.71519034989252
 21
12.33893643290606
 31
0.0
  0
LINE
  5
3241
330
3125
100
AcDbEntity
  8
0
 62
     0
440
 16777216
370
    -2
100
AcDbLine
 10
37.89519034989252
 20
15.54893643290605
 30
0.0
 11
37.89519034989252
 21
14.22639797136759
 31
0.0
  0
LINE
  5
3242
330
3125
100
AcDbEntity
  8
0
 62
     0
440
 16777216
370
    -2
100
AcDbLine
 10
37.89519034989252
 20
12.51893643290605
 30
0.0
 11
37.89519034989252
 21
13.84147489444451
 31
0.0
  0
SOLID
  5
3243
330
3125
100
AcDbEntity
  8
0
 62
     0
440
 16777216
100
AcDbTrace
 10
37.86519034989252
 20
15.54893643290605
 30
0.0
 11
37.92519034989252
 21
15.54893643290605
 31
0.0
 12
37.89519034989252
 22
15.72893643290605
 32
0.0
 13
37.89519034989252
 23
15.72893643290605
 33
0.0
  0
SOLID
  5
3244
330
3125
100
AcDbEntity
  8
0
 62
     0
440
 16777216
100
AcDbTrace
 10
37.86519034989252
 20
12.51893643290605
 30
0.0
 11
37.92519034989252
 21
12.51893643290605
 31
0.0
 12
37.89519034989252
 22
12.33893643290606
 32
0.0
 13
37.89519034989252
 23
12.33893643290606
 33
0.0
  0
MTEXT
  5
3245
330
3125
100
AcDbEntity
  8
0
 62
     0
440
 16777216
100
AcDbMText
 10
37.89519034989252
 20
14.03393643290606
 30
0.0
 40
0.2
 41
0.0
 46
0.0
 71
     5
 72
     1
  1
\A1;3.4m
 73
     1
 44
1.0
  0
POINT
  5
3246
330
3125
100
AcDbEntity
  8
Defpoints
 62
     0
440
 16777216
100
AcDbPoint
 10
35.03840418910298
 20
15.72893643290606
 30
0.0
  0
POINT
  5
3247
330
3125
100
AcDbEntity
  8
Defpoints
 62
     0
440
 16777216
100
AcDbPoint
 10
37.91137101981477
 20
12.33893643290606
 30
0.0
  0
POINT
  5
3248
330
3125
100
AcDbEntity
  8
Defpoints
 62
     0
440
 16777216
100
AcDbPoint
 10
37.89519034989252
 20
12.33893643290606
 30
0.0
  0
ENDBLK
  5
3127
330
3125
100
AcDbEntity
  8
0
100
AcDbBlockEnd
  0
BLOCK
  5
317A
330
3179
100
AcDbEntity
  8
0
100
AcDbBlockBegin
  2
*D22
 70
     1
 10
0.0
 20
0.0
 30
0.0
  3
*D22
  1

  0
LINE
  5
3249
330
3179
100
AcDbEntity
  8
0
 62
     0
440
 16777216
370
    -2
100
AcDbLine
 10
38.39887101981478
 20
11.27293643290606
 30
0.0
 11
23.5262450131331
 21
11.27293643290606
 31
0.0
  0
LINE
  5
324A
330
3179
100
AcDbEntity
  8
0
 62
     0
440
 16777216
370
    -2
100
AcDbLine
 10
24.26025361543645
 20
11.73693643290605
 30
0.0
 11
23.5262450131331
 21
11.73693643290605
 31
0.0
  0
LINE
  5
324B
330
3179
100
AcDbEntity
  8
0
 62
     0
440
 16777216
370
    -2
100
AcDbLine
 10
23.7062450131331
 20
11.09293643290606
 30
0.0
 11
23.7062450131331
 21
10.91293643290606
 31
0.0
  0
LINE
  5
324C
330
3179
100
AcDbEntity
  8
0
 62
     0
440
 16777216
370
    -2
100
AcDbLine
 10
23.7062450131331
 20
11.91693643290605
 30
0.0
 11
23.7062450131331
 21
12.09693643290605
 31
0.0
  0
SOLID
  5
324D
330
3179
100
AcDbEntity
  8
0
 62
     0
440
 16777216
100
AcDbTrace
 10
23.6762450131331
 20
11.09293643290606
 30
0.0
 11
23.7362450131331
 21
11.09293643290606
 31
0.0
 12
23.7062450131331
 22
11.27293643290606
 32
0.0
 13
23.7062450131331
 23
11.27293643290606
 33
0.0
  0
SOLID
  5
324E
330
3179
100
AcDbEntity
  8
0
 62
     0
440
 16777216
100
AcDbTrace
 10
23.6762450131331
 20
11.91693643290605
 30
0.0
 11
23.7362450131331
 21
11.91693643290605
 31
0.0
 12
23.7062450131331
 22
11.73693643290605
 32
0.0
 13
23.7062450131331
 23
11.73693643290605
 33
0.0
  0
MTEXT
  5
324F
330
3179
100
AcDbEntity
  8
0
 62
     0
440
 16777216
100
AcDbMText
 10
23.7062450131331
 20
11.50493643290606
 30
0.0
 40
0.2
 41
0.0
 46
0.0
 71
     5
 72
     1
  1
\A1;0.5m
 73
     1
 44
1.0
  0
POINT
  5
3250
330
3179
100
AcDbEntity
  8
Defpoints
 62
     0
440
 16777216
100
AcDbPoint
 10
38.46137101981478
 20
11.27293643290606
 30
0.0
  0
POINT
  5
3251
330
3179
100
AcDbEntity
  8
Defpoints
 62
     0
440
 16777216
100
AcDbPoint
 10
24.32275361543645
 20
11.73693643290605
 30
0.0
  0
POINT
  5
3252
330
3179
100
AcDbEntity
  8
Defpoints
 62
     0
440
 16777216
100
AcDbPoint
 10
23.7062450131331
 20
11.73693643290605
 30
0.0
  0
ENDBLK
  5
317B
330
3179
100
AcDbEntity
  8
0
100
AcDbBlockEnd
  0
ENDSEC
  0
SECTION
  2
ENTITIES
  0
LINE
  5
1FE3
330
1F
100
AcDbEntity
  8
6구역
 62
    18
420
        0
370
     0
100
AcDbLine
 39
3.0
 10
47.20568223695866
 20
9.418936432906054
 30
0.0
 11
45.59877223628558
 21
13.98772639391609
 31
0.0
  0
LINE
  5
1FE4
330
1F
100
AcDbEntity
  8
6구역
 62
    18
420
        0
370
     0
100
AcDbLine
 39
3.0
 10
47.52208418862461
 20
9.418936432906054
 30
0.0
 11
45.91814541038695
 21
13.98785048400679
 31
0.0
  0
LINE
  5
20CF
330
1F
100
AcDbEntity
  8
XREF1$0$토목WALL
  6
Continuous
100
AcDbLine
 10
9.694106001276765
 20
38.05497057519067
 30
-2.139243884770083
 11
9.690952182105064
 21
38.00376863976388
 31
-2.139243884770083
  0
LINE
  5
25CA
330
1F
100
AcDbEntity
  8
FORM
100
AcDbLine
 10
48.04906317409268
 20
1.259679073485023
 30
0.0000000000009038
 11
51.06406317431623
 21
1.259679073485023
 31
0.0000000000009038
  0
LWPOLYLINE
  5
2613
330
1F
100
AcDbEntity
  8
FORM
 62
     1
100
AcDbPolyline
 90
        4
 70
     1
 43
0.0
 10
14.16406317431618
 20
0.5396790734867701
 10
51.96406317431623
 20
0.5396790734867701
 10
51.96406317431623
 20
27.26967907348852
 10
14.16406317431618
 20
27.26967907348852
  0
LWPOLYLINE
  5
2614
330
1F
100
AcDbEntity
  8
FORM
100
AcDbPolyline
 90
        4
 70
     1
 43
0.0674999999990177
 10
15.06406317431619
 20
1.259679073485023
 10
51.06406317431623
 20
1.259679073485023
 10
51.06406317431623
 20
26.54967907349027
 10
15.06406317431619
 20
26.54967907349027
  0
LINE
  5
266C
330
1F
100
AcDbEntity
  8
PipeTools
 48
3.0
100
AcDbLine
 10
20.19091828654686
 20
9.445093097978787
 30
0.0
 11
20.19091104149084
 21
18.44509397788395
 31
0.0
  0
LINE
  5
266D
330
1F
100
AcDbEntity
  8
PipeTools
 48
3.0
100
AcDbLine
 10
20.19091808529532
 20
17.19509309797876
 30
0.0
 11
20.04091808529535
 21
17.19509309797876
 31
0.0
  0
LINE
  5
266E
330
1F
100
AcDbEntity
  8
PipeTools
 48
3.0
100
AcDbLine
 10
20.04091808529535
 20
18.44509309797879
 30
0.0
 11
20.04091808529535
 21
9.445093097978787
 31
0.0
  0
LINE
  5
267E
330
1F
100
AcDbEntity
  8
PipeTools
 48
3.0
100
AcDbLine
 10
18.54091808529534
 20
13.44509309797879
 30
0.0
 11
20.04091808529535
 21
13.44509309797879
 31
0.0
  0
TEXT
  5
269B
330
1F
100
AcDbEntity
  8
TEXT
 48
2.0
100
AcDbText
 10
19.04548532897045
 20
13.67009309797879
 30
0.0
 40
0.3
  1
5.0
 41
0.8
  7
PipeTools
 72
     1
 11
19.29091808529534
 21
13.82009309797879
 31
0.0
100
AcDbText
 73
     2
  0
LWPOLYLINE
  5
26EE
330
1F
100
AcDbEntity
  8
MH
 62
     5
 48
3.0
100
AcDbPolyline
 90
        4
 70
     1
 43
0.0
 10
39.41137101981477
 20
13.41893643290605
 10
39.41137101981477
 20
11.69393643290606
 10
40.06137101981477
 20
11.69393643290606
 10
40.06137101981477
 20
13.41893643290605
  0
LINE
  5
2707
330
1F
100
AcDbEntity
  8
GL
 48
3.0
100
AcDbLine
 10
39.50067355439579
 20
15.33544293129907
 30
0.0
 11
41.45404929837718
 21
17.28631406184536
 31
0.0
  0
TEXT
  5
2708
330
1F
100
AcDbEntity
  8
TEXT
 48
3.0
100
AcDbText
 10
39.69147707818923
 20
15.004376914121
 30
0.0
 40
0.3
  1
  H=5.0m
 50
44.99999999995358
  7
PipeTools
 11
39.58541106101133
 21
15.11044293129907
 31
0.0
100
AcDbText
 73
     2
  0
TEXT
  5
270C
330
1F
100
AcDbEntity
  8
TEXT
 48
3.0
100
AcDbText
 10
39.43726473786325
 20
15.45437691412101
 30
0.0
 40
0.3
  1
담장기초 상부
 50
44.99999999995358
  7
PipeTools
 11
39.33119872068535
 21
15.56044293129907
 31
0.0
100
AcDbText
 73
     2
  0
MTEXT
  5
291E
330
1F
100
AcDbEntity
  8
0
100
AcDbMText
 10
29.28818688315516
 20
2.705624452753983
 30
0.0
 40
0.5243448989242462
 41
0.0
 46
0.0
 71
     1
 72
     5
  1
{\fHY견고딕|b0|i0|c129|p18;한 국 공 항 공 사}
 73
     1
 44
1.0
  0
MTEXT
  5
291F
330
1F
100
AcDbEntity
  8
0
100
AcDbMText
 10
29.34795633203436
 20
1.885728228786903
 30
0.0
 40
0.3320851026520225
 41
0.0
 46
0.0
 71
     1
 72
     5
  1
{\fHY견고딕|b0|i0|c129|p18;KOREA AIRPORTS CORPORATION}
  7
KOREA
 73
     1
 44
1.0
  0
LWPOLYLINE
  5
2921
330
1F
100
AcDbEntity
  8
0
100
AcDbPolyline
 90
        2
 70
     0
 43
0.0618051494148117
 10
15.59161571917705
 20
2.990223257104227
 10
51.06406317431623
 20
2.990223257104227
  0
INSERT
  5
2922
330
1F
100
AcDbEntity
  8
0
100
AcDbBlockReference
  2
공사로고
 10
25.46964859634258
 20
1.609146978724458
 30
0.0
 41
0.0873908164873744
 42
0.0873908164873744
 43
0.0873908164873744
  0
LINE
  5
2923
330
1F
100
AcDbEntity
  8
0
100
AcDbLine
 10
25.06421066253444
 20
3.007495403233043
 30
0.0
 11
25.06421066253444
 21
1.259679073485023
 31
0.0
  0
LINE
  5
2924
330
1F
100
AcDbEntity
  8
0
100
AcDbLine
 10
39.24175291121122
 20
2.124951165292006
 30
0.0
 11
46.39894643191451
 21
2.124951165292006
 31
0.0
  0
LINE
  5
2925
330
1F
100
AcDbEntity
  8
0
100
AcDbLine
 10
34.9074602548161
 20
2.413375080527913
 30
0.0
 11
39.24175291121122
 21
2.413375080527913
 31
0.0
  0
LINE
  5
2926
330
1F
100
AcDbEntity
  8
0
100
AcDbLine
 10
34.9074602548161
 20
1.836527077006468
 30
0.0
 11
39.24175291121122
 21
1.836527077006468
 31
0.0
  0
MTEXT
  5
2927
330
1F
100
AcDbEntity
  8
0
100
AcDbMText
 10
35.19012211758991
 20
1.740577938658245
 30
0.0
 40
0.1384435346891782
 41
1.730544183614727
 46
0.0
 71
     1
 72
     5
  1
\f굴림|b0|i0|c129|p50;제    도\PDRAWING BY
 73
     1
 44
1.0
  0
LINE
  5
2928
330
1F
100
AcDbEntity
  8
0
100
AcDbLine
 10
34.9074602548161
 20
2.990223257104227
 30
0.0
 11
34.9074602548161
 21
1.259679073485023
 31
0.0
  0
MTEXT
  5
2929
330
1F
100
AcDbEntity
  8
0
100
AcDbMText
 10
35.19012211758991
 20
2.891447062229564
 30
0.0
 40
0.1384435346891782
 41
1.730544183614727
 46
0.0
 71
     1
 72
     5
  1
\f굴림|b0|i0|c129|p50;심    사\PCHECKD BY
 73
     1
 44
1.0
  0
MTEXT
  5
292A
330
1F
100
AcDbEntity
  8
0
100
AcDbMText
 10
35.19012211758991
 20
2.304137779043232
 30
0.0
 40
0.1384435346891782
 41
1.730544183614727
 46
0.0
 71
     1
 72
     5
  1
\f굴림|b0|i0|c129|p50;설    계\PDESIGNED BY
 73
     1
 44
1.0
  0
LINE
  5
292B
330
1F
100
AcDbEntity
  8
0
100
AcDbLine
 10
39.24175291121122
 20
2.990223257104227
 30
0.0
 11
39.24175291121122
 21
1.259679073485023
 31
0.0
  0
MTEXT
  5
292C
330
1F
100
AcDbEntity
  8
0
100
AcDbMText
 10
39.36369464172341
 20
1.963879464532075
 30
0.0
 40
0.1384435346891782
 41
2.474748482221124
 46
0.0
 71
     1
 72
     5
  1
\f굴림|b0|i0|c129|p50;도   면   명\PNAME OF DRAWING
 73
     1
 44
1.0
  0
MTEXT
  5
292D
330
1F
100
AcDbEntity
  8
0
100
AcDbMText
 10
39.36369464172341
 20
2.713615234300088
 30
0.0
 40
0.1384435346891782
 41
1.730544183614727
 46
0.0
 71
     1
 72
     5
  1
\f굴림|b0|i0|c129|p50;공  사   명\PPROJECT TITLE
 73
     1
 44
1.0
  0
LINE
  5
292E
330
1F
100
AcDbEntity
  8
0
100
AcDbLine
 10
46.39894643191451
 20
1.836527077006468
 30
0.0
 11
51.06406317431623
 21
1.836527077006468
 31
0.0
  0
LINE
  5
292F
330
1F
100
AcDbEntity
  8
0
100
AcDbLine
 10
46.39894643191451
 20
2.413375080527913
 30
0.0
 11
51.06406317431623
 21
2.413375080527913
 31
0.0
  0
LINE
  5
2930
330
1F
100
AcDbEntity
  8
0
100
AcDbLine
 10
46.39894643191451
 20
2.990223257104227
 30
0.0
 11
46.39894643191451
 21
1.259679073485023
 31
0.0
  0
MTEXT
  5
2931
330
1F
100
AcDbEntity
  8
0
100
AcDbMText
 10
46.52088816242669
 20
1.771604834348256
 30
0.0
 40
0.1384435346891782
 41
1.730544183614727
 46
0.0
 71
     1
 72
     5
  1
\f굴림|b0|i0|c129|p50;도면번호\PDRAWING NO.
 73
     1
 44
1.0
  0
MTEXT
  5
2932
330
1F
100
AcDbEntity
  8
0
100
AcDbMText
 10
46.52088816242669
 20
2.31413921510015
 30
0.0
 40
0.1384435346891782
 41
1.730544183614727
 46
0.0
 71
     1
 72
     5
  1
\f굴림|b0|i0|c129|p50;일 자\PDATE
 73
     1
 44
1.0
  0
MTEXT
  5
2933
330
1F
100
AcDbEntity
  8
0
100
AcDbMText
 10
46.52088816242669
 20
2.880236579948397
 30
0.0
 40
0.1384435346891782
 41
1.730544183614727
 46
0.0
 71
     1
 72
     5
  1
\f굴림|b0|i0|c129|p50;축   척\PSCALE
 73
     1
 44
1.0
  0
LINE
  5
2934
330
1F
100
AcDbEntity
  8
6구역
 62
    18
420
        0
370
     0
100
AcDbLine
 10
30.84069815981664
 20
2.990223257104227
 30
0.0
 11
15.06406317431619
 21
2.990223257104228
 31
0.0
  0
LINE
  5
2938
330
1F
100
AcDbEntity
  8
0
100
AcDbLine
 10
51.06406317431623
 20
2.990223257104227
 30
0.0
 11
51.06406317431623
 21
1.259679073485023
 31
0.0
  0
LWPOLYLINE
  5
2945
330
1F
100
AcDbEntity
  8
MH
 62
     5
 48
3.0
100
AcDbPolyline
 90
        6
 70
     1
 43
0.0
 38
-0.0299585000000042
 10
39.62427202499032
 20
14.9936306224171
 10
39.62427202499032
 20
14.88113062241711
 10
39.62427202499032
 20
13.41863062241711
 10
39.84927202499023
 20
13.41863062241711
 10
39.84927202499023
 20
14.88113062241711
 10
39.84927202499023
 20
14.9936306224171
  0
LINE
  5
2955
330
1F
100
AcDbEntity
  8
0
 62
     5
100
AcDbLine
 10
38.86137101981475
 20
12.33893643290606
 30
0.0
 11
39.41137101981477
 21
12.33893643290606
 31
0.0
  0
LINE
  5
296D
330
1F
100
AcDbEntity
  8
0
 62
     5
100
AcDbLine
 10
34.21258831308845
 20
15.72893643290606
 30
0.0
 11
31.10010618427236
 21
13.36613038059113
 31
0.0
  0
LWPOLYLINE
  5
2972
330
1F
100
AcDbEntity
  8
0
 62
     5
100
AcDbPolyline
 90
        4
 70
     1
 43
0.0
 10
30.91137101981477
 20
13.35493643290605
 10
31.10010618427236
 20
13.35493643290605
 10
31.10010618427236
 20
13.58812956680404
 10
30.91137101981477
 20
13.58812956680404
  0
LINE
  5
2973
330
1F
100
AcDbEntity
  8
0
 62
     5
100
AcDbLine
 10
30.91137101981477
 20
13.35493643290605
 30
0.0
 11
28.01137101981476
 21
13.18293643290606
 31
0.0
  0
LWPOLYLINE
  5
297B
330
1F
100
AcDbEntity
  8
0
 62
     5
100
AcDbPolyline
 90
        4
 70
     1
 43
0.0
 10
27.82263585535716
 20
13.18293643290606
 10
28.01137101981476
 20
13.18293643290606
 10
28.01137101981476
 20
13.41612956680405
 10
27.82263585535716
 20
13.41612956680405
  0
LINE
  5
2992
330
1F
100
AcDbEntity
  8
0
 62
     5
100
AcDbLine
 10
35.03840418910298
 20
15.72893643290606
 30
0.0
 11
37.91137101981477
 21
12.33893643290606
 31
0.0
  0
LINE
  5
29C0
330
1F
100
AcDbEntity
  8
GL
 48
3.0
100
AcDbLine
 10
34.57039835937943
 20
16.3094971074115
 30
0.0
 11
36.16138861704943
 21
17.90048736508121
 31
0.0
  0
TEXT
  5
29C1
330
1F
100
AcDbEntity
  8
TEXT
 48
3.0
100
AcDbText
 10
34.86288667568671
 20
15.97843109023344
 30
0.0
 40
0.3
  1
  H=7.310m
 50
44.99999999995358
  7
PipeTools
 11
34.75682065850882
 21
16.08449710741151
 31
0.0
100
AcDbText
 73
     2
  0
TEXT
  5
29C2
330
1F
100
AcDbEntity
  8
TEXT
 48
3.0
100
AcDbText
 10
34.50698954284691
 20
16.42843109023344
 30
0.0
 40
0.3
  1
마운딩상부
 50
44.99999999995358
  7
PipeTools
 11
34.40092352566902
 21
16.5344971074115
 31
0.0
100
AcDbText
 73
     2
  0
LINE
  5
29DE
330
1F
100
AcDbEntity
  8
6구역
 62
     5
370
     0
100
AcDbLine
 39
1.5
 10
23.468932476234
 20
12.48693556825867
 30
0.0
 11
23.46893247609866
 21
11.62093556809278
 31
0.0
  0
LINE
  5
29FA
102
{ACAD_REACTORS
330
313D
102
}
330
1F
100
AcDbEntity
  8
0
 62
     5
100
AcDbLine
 10
34.21258831308845
 20
15.72893643290606
 30
0.0
 11
35.03840418910298
 21
15.72893643290606
 31
0.0
  0
LINE
  5
2B3C
330
1F
100
AcDbEntity
  8
0
 62
     5
100
AcDbLine
 10
27.82263585535716
 20
13.18293643290606
 30
0.0
 11
24.32275361543645
 21
12.03693643290605
 31
0.0
  0
LINE
  5
2B41
102
{ACAD_REACTORS
330
313D
102
}
330
1F
100
AcDbEntity
  8
0
 62
     5
100
AcDbLine
 10
37.91137101981477
 20
12.33893643290606
 30
0.0
 11
38.46137101981478
 21
12.33893643290606
 31
0.0
  0
LINE
  5
2B43
330
1F
100
AcDbEntity
  8
0
 62
     5
100
AcDbLine
 10
38.66137101981477
 20
10.77293643290605
 30
0.0
 11
38.26137101981476
 21
10.77293643290605
 31
0.0
  0
LINE
  5
2B44
330
1F
100
AcDbEntity
  8
0
 62
     5
100
AcDbLine
 10
38.26137101981476
 20
10.77293643290605
 30
0.0
 11
38.26137101981476
 21
12.33893643290606
 31
0.0
  0
LINE
  5
2B49
330
1F
100
AcDbEntity
  8
0
 62
     5
100
AcDbLine
 10
39.06137101981477
 20
12.33893643290606
 30
0.0
 11
39.06137101981477
 21
10.77293643290605
 31
0.0
  0
LINE
  5
2B4A
330
1F
100
AcDbEntity
  8
0
 62
     5
100
AcDbLine
 10
39.06137101981477
 20
10.77293643290605
 30
0.0
 11
38.66137101981477
 21
10.77293643290605
 31
0.0
  0
LINE
  5
2B4B
330
1F
100
AcDbEntity
  8
0
 62
     5
100
AcDbLine
 10
40.06137101981477
 20
12.33893643290606
 30
0.0
 11
46.17650907119426
 21
12.33893643290606
 31
0.0
  0
LINE
  5
2B4C
330
1F
100
AcDbEntity
  8
0
 62
     5
100
AcDbLine
 10
22.66893247623399
 20
12.48693556825867
 30
0.0
 11
20.17282537024172
 21
12.48693556825867
 31
0.0
  0
LINE
  5
2B4D
330
1F
100
AcDbEntity
  8
0
 62
     5
100
AcDbLine
 10
38.46137101981478
 20
10.97293643290606
 30
0.0
 11
38.46137101981478
 21
12.33893643290606
 31
0.0
  0
LINE
  5
2B4E
330
1F
100
AcDbEntity
  8
0
 62
     5
100
AcDbLine
 10
38.66137101981477
 20
10.97293643290606
 30
0.0
 11
38.46137101981478
 21
10.97293643290606
 31
0.0
  0
LINE
  5
2B4F
330
1F
100
AcDbEntity
  8
0
 62
     5
100
AcDbLine
 10
38.86137101981475
 20
12.33893643290606
 30
0.0
 11
38.86137101981475
 21
10.97293643290606
 31
0.0
  0
LINE
  5
2B50
330
1F
100
AcDbEntity
  8
0
 62
     5
100
AcDbLine
 10
38.86137101981475
 20
10.97293643290606
 30
0.0
 11
38.66137101981477
 21
10.97293643290606
 31
0.0
  0
LINE
  5
2B61
330
1F
100
AcDbEntity
  8
6구역
 62
    18
420
        0
370
     0
100
AcDbLine
 39
3.0
 10
45.59839298897062
 20
13.99876265443091
 30
0.0
 11
47.02313013310709
 21
17.47452347387372
 31
0.0
  0
LINE
  5
2B62
330
1F
100
AcDbEntity
  8
6구역
 62
    18
420
        0
370
     0
100
AcDbLine
 39
3.0
 10
45.91814541038695
 20
13.98785048400679
 30
0.0
 11
47.34393667928165
 21
17.46618292554558
 31
0.0
  0
LINE
  5
2B7E
330
1F
100
AcDbEntity
  8
0
 62
     1
100
AcDbLine
 10
34.57039835937943
 20
16.3094971074115
 30
0.0
 11
34.57039835937943
 21
15.98853038188047
 31
0.0
  0
LINE
  5
2B86
330
1F
100
AcDbEntity
  8
0
 62
     1
100
AcDbLine
 10
39.50067355439579
 20
15.33544293129907
 30
0.0
 11
39.50067355439579
 21
15.01447620576804
 31
0.0
  0
LINE
  5
2B87
330
1F
100
AcDbEntity
  8
0
 62
     5
100
AcDbLine
 10
27.82263585535716
 20
13.18293643290606
 30
0.0
 11
27.91263585535717
 21
13.18293643290606
 31
0.0
  0
LINE
  5
2B8A
330
1F
100
AcDbEntity
  8
0
 62
     5
100
AcDbLine
 10
31.10010618427236
 20
13.35493643290605
 30
0.0
 11
31.01010618427237
 21
13.35493643290605
 31
0.0
  0
LINE
  5
2B93
330
1F
100
AcDbEntity
  8
0
 62
     1
100
AcDbLine
 10
31.01010618427237
 20
16.30948797075163
 30
0.0
 11
31.01010618427237
 21
15.9885212452206
 31
0.0
  0
LINE
  5
2B9B
330
1F
100
AcDbEntity
  8
0
 62
     1
100
AcDbLine
 10
27.91263585535717
 20
16.30948797075163
 30
0.0
 11
27.91263585535717
 21
15.9885212452206
 31
0.0
  0
LINE
  5
2BA5
330
1F
100
AcDbEntity
  8
0
 62
     1
100
AcDbLine
 10
23.46877213030029
 20
16.30947883409177
 30
0.0
 11
23.46877213030029
 21
15.98851210856073
 31
0.0
  0
LINE
  5
2BAD
330
1F
100
AcDbEntity
  8
0
 62
     1
100
AcDbLine
 10
24.32275361543645
 20
15.58108906852013
 30
0.0
 11
24.32275361543645
 21
15.26012234298909
 31
0.0
  0
LINE
  5
2BB6
330
1F
100
AcDbEntity
  8
0
 62
     1
100
AcDbLine
 10
38.66148877989406
 20
16.04334189984965
 30
0.0
 11
38.66148877989406
 21
15.72237517431862
 31
0.0
  0
LINE
  5
2BBF
330
1F
100
AcDbEntity
  8
0
 62
     1
100
AcDbLine
 10
37.94983097861824
 20
16.76683979073053
 30
0.0
 11
37.94983097861824
 21
16.44587306519949
 31
0.0
  0
LINE
  5
2BD1
330
1F
100
AcDbEntity
  8
GL
 48
3.0
100
AcDbLine
 10
31.01010618427237
 20
16.30948797075163
 30
0.0
 11
33.04809478172277
 21
18.30267189866512
 31
0.0
  0
TEXT
  5
2BD2
330
1F
100
AcDbEntity
  8
TEXT
 48
3.0
100
AcDbText
 10
31.26869956974172
 20
15.97842195357357
 30
0.0
 40
0.3
  1
 맨홀 H=4.936m
 50
44.99999999995358
  7
PipeTools
 11
31.16263355256382
 21
16.08448797075163
 31
0.0
100
AcDbText
 73
     2
  0
TEXT
  5
2BD3
330
1F
100
AcDbEntity
  8
TEXT
 48
3.0
100
AcDbText
 10
30.96364483315883
 20
16.42842195357357
 30
0.0
 40
0.3
  1
경계석 n.1
 50
44.99999999995358
  7
PipeTools
 11
30.85757881598093
 21
16.53448797075164
 31
0.0
100
AcDbText
 73
     2
  0
LINE
  5
2BF1
330
1F
100
AcDbEntity
  8
GL
 48
3.0
100
AcDbLine
 10
27.91263585535717
 20
16.30948797075163
 30
0.0
 11
29.98059923239248
 21
18.35348977302358
 31
0.0
  0
TEXT
  5
2BF2
330
1F
100
AcDbEntity
  8
TEXT
 48
3.0
100
AcDbText
 10
28.15428177540751
 20
15.97842195357357
 30
0.0
 40
0.3
  1
 맨홀 H=4.764m
 50
44.99999999995358
  7
PipeTools
 11
28.04821575822961
 21
16.08448797075163
 31
0.0
100
AcDbText
 73
     2
  0
TEXT
  5
2BF3
330
1F
100
AcDbEntity
  8
TEXT
 48
3.0
100
AcDbText
 10
27.88312196966261
 20
16.42842195357357
 30
0.0
 40
0.3
  1
경계석 n.2
 50
44.99999999995358
  7
PipeTools
 11
27.77705595248471
 21
16.53448797075164
 31
0.0
100
AcDbText
 73
     2
  0
LINE
  5
2BFD
330
1F
100
AcDbEntity
  8
GL
 48
3.0
100
AcDbLine
 10
24.32275361543645
 20
15.58108906852013
 30
0.0
 11
26.31994167531542
 21
17.57428213309349
 31
0.0
  0
TEXT
  5
2BFE
330
1F
100
AcDbEntity
  8
TEXT
 48
3.0
100
AcDbText
 10
24.54745207006782
 20
15.25002305134206
 30
0.0
 40
0.3
  1
 맨홀 H=3.618m
 50
44.99999999995358
  7
PipeTools
 11
24.44138605288992
 21
15.35608906852013
 31
0.0
100
AcDbText
 73
     2
  0
TEXT
  5
2BFF
330
1F
100
AcDbEntity
  8
TEXT
 48
3.0
100
AcDbText
 10
24.29323972974187
 20
15.70002305134206
 30
0.0
 40
0.3
  1
수로관 상부
 50
44.99999999995358
  7
PipeTools
 11
24.18717371256397
 21
15.80608906852013
 31
0.0
100
AcDbText
 73
     2
  0
LINE
  5
2C09
330
1F
100
AcDbEntity
  8
GL
 48
3.0
100
AcDbLine
 10
23.46877213030029
 20
16.30947883409177
 30
0.0
 11
25.45561986182372
 21
18.26879328662193
 31
0.0
  0
TEXT
  5
2C0A
330
1F
100
AcDbEntity
  8
TEXT
 48
3.0
100
AcDbText
 10
23.57483814747819
 20
15.87677706819679
 30
0.0
 40
0.3
  1
 맨홀 H=4.068m
 50
44.99999999995358
  7
PipeTools
 11
23.46877213030029
 21
15.98284308537486
 31
0.0
100
AcDbText
 73
     2
  0
TEXT
  5
2C0B
330
1F
100
AcDbEntity
  8
TEXT
 48
3.0
100
AcDbText
 10
23.45620571002472
 20
16.4284128169137
 30
0.0
 40
0.3
  1
개거 상부
 50
44.99999999995358
  7
PipeTools
 11
23.35013969284682
 21
16.53447883409176
 31
0.0
100
AcDbText
 73
     2
  0
LINE
  5
2C1D
330
1F
100
AcDbEntity
  8
GL
 48
3.0
100
AcDbLine
 10
37.94983097861824
 20
16.76683979073053
 30
0.0
 11
39.54082123628824
 21
18.35783004840024
 31
0.0
  0
TEXT
  5
2C1E
330
1F
100
AcDbEntity
  8
TEXT
 48
3.0
100
AcDbText
 10
38.15758196783065
 20
16.43577377355246
 30
0.0
 40
0.3
  1
  H=3.915m
 50
44.99999999995358
  7
PipeTools
 11
38.05151595065276
 21
16.54183979073053
 31
0.0
100
AcDbText
 73
     2
  0
TEXT
  5
2C1F
330
1F
100
AcDbEntity
  8
TEXT
 48
3.0
100
AcDbText
 10
37.9033696275047
 20
16.88577377355246
 30
0.0
 40
0.3
  1
표면
 50
44.99999999995358
  7
PipeTools
 11
37.79730361032681
 21
16.99183979073053
 31
0.0
100
AcDbText
 73
     2
  0
LINE
  5
2C29
330
1F
100
AcDbEntity
  8
GL
 48
3.0
100
AcDbLine
 10
38.66148877989406
 20
16.04334189984965
 30
0.0
 11
41.84384136205497
 21
19.2173938993553
 31
0.0
  0
TEXT
  5
2C2A
330
1F
100
AcDbEntity
  8
TEXT
 48
3.0
100
AcDbText
 10
40.55556966706522
 20
17.38294218883477
 30
0.0
 40
0.3
  1
  H=2.345m
 50
44.99999999995358
  7
PipeTools
 11
40.44950364988733
 21
17.48900820601283
 31
0.0
100
AcDbText
 73
     2
  0
TEXT
  5
2C2B
330
1F
100
AcDbEntity
  8
TEXT
 48
3.0
100
AcDbText
 10
39.98279312389501
 20
17.55798010050878
 30
0.0
 40
0.3
  1
집수정 하부
 50
44.99999999995358
  7
PipeTools
 11
39.87672710671711
 21
17.66404611768685
 31
0.0
100
AcDbText
 73
     2
  0
LINE
  5
2C5C
330
1F
100
AcDbEntity
  8
0
 62
     5
100
AcDbLine
 10
23.068932476234
 20
11.55493556825866
 30
0.0
 11
22.66893247623399
 21
11.55493556825866
 31
0.0
  0
LINE
  5
2C5D
330
1F
100
AcDbEntity
  8
0
 62
     5
100
AcDbLine
 10
23.068932476234
 20
11.75493556825867
 30
0.0
 11
22.86893247623401
 21
11.75493556825867
 31
0.0
  0
LINE
  5
2C5E
330
1F
100
AcDbEntity
  8
0
 62
     5
100
AcDbLine
 10
22.66893247623399
 20
11.55493556825866
 30
0.0
 11
22.66893247623399
 21
12.48693554557499
 31
0.0
  0
LINE
  5
2C5F
330
1F
100
AcDbEntity
  8
0
 62
     5
100
AcDbLine
 10
22.86893247623401
 20
11.75493556825867
 30
0.0
 11
22.86893247623401
 21
12.48693554557499
 31
0.0
  0
LINE
  5
2C60
330
1F
100
AcDbEntity
  8
0
 62
     5
100
AcDbLine
 10
23.468932476234
 20
12.48693556825867
 30
0.0
 11
23.468932476234
 21
11.55493556825866
 31
0.0
  0
LINE
  5
2C61
330
1F
100
AcDbEntity
  8
0
 62
     5
100
AcDbLine
 10
23.26893247623399
 20
12.48693554557499
 30
0.0
 11
23.26893247623399
 21
11.75493556825867
 31
0.0
  0
LINE
  5
2C62
330
1F
100
AcDbEntity
  8
0
 62
     5
100
AcDbLine
 10
23.468932476234
 20
11.55493556825866
 30
0.0
 11
23.068932476234
 21
11.55493556825866
 31
0.0
  0
LINE
  5
2C63
330
1F
100
AcDbEntity
  8
0
 62
     5
100
AcDbLine
 10
23.26893247623399
 20
11.75493556825867
 30
0.0
 11
23.068932476234
 21
11.75493556825867
 31
0.0
  0
LINE
  5
2C6F
330
1F
100
AcDbEntity
  8
0
 62
   253
100
AcDbLine
 10
20.17207428778367
 20
13.41893643290605
 30
0.0
 11
45.79807652583891
 21
13.41893643290605
 31
0.0
  0
LINE
  5
2C70
330
1F
100
AcDbEntity
  8
0
100
AcDbLine
 10
45.79807652583891
 20
13.41893643290605
 30
0.0
 11
45.79807652583891
 21
13.41893643290605
 31
0.0
  0
LINE
  5
2C73
330
1F
100
AcDbEntity
  8
0
 62
   253
100
AcDbLine
 10
20.17309576511073
 20
14.16893643290605
 30
0.0
 11
45.66814833628778
 21
14.16893643290605
 31
0.0
  0
LINE
  5
2C74
330
1F
100
AcDbEntity
  8
0
 62
   253
100
AcDbLine
 10
20.17309576511073
 20
14.91893643290605
 30
0.0
 11
45.97557825267474
 21
14.91893643290605
 31
0.0
  0
LINE
  5
2C75
330
1F
100
AcDbEntity
  8
0
 62
   253
100
AcDbLine
 10
20.17309576511073
 20
15.66893643290605
 30
0.0
 11
46.28300816906168
 21
15.66893643290605
 31
0.0
  0
SOLID
  5
2C8D
330
1F
100
AcDbEntity
  8
FINC
100
AcDbTrace
 10
20.19091808529532
 20
14.44509222001081
 30
0.0
 11
20.04092432941121
 21
14.44509222001081
 31
0.0
 12
20.19091808529532
 22
15.44509309797879
 32
0.0
 13
20.04092432999329
 23
15.44509309797879
 33
0.0
  0
SOLID
  5
2C95
330
1F
100
AcDbEntity
  8
FINC
100
AcDbTrace
 10
20.19091184649699
 20
16.44509309991629
 30
0.0
 11
20.04091809061288
 21
16.44509309991629
 31
0.0
 12
20.19091184649699
 22
17.44509397788427
 32
0.0
 13
20.04091809119495
 23
17.44509397788427
 33
0.0
  0
LINE
  5
2C96
330
1F
100
AcDbEntity
  8
0
100
AcDbLine
 10
20.04091808529535
 20
18.44509309797879
 30
0.0
 11
20.19091104149155
 21
18.44509309797879
 31
0.0
  0
LINE
  5
2CA1
330
1F
100
AcDbEntity
  8
0
100
AcDbLine
 10
20.04091801931687
 20
18.44509309797879
 30
0.0
 11
18.54091808529534
 21
18.44509309797879
 31
0.0
  0
LINE
  5
2CAA
330
1F
100
AcDbEntity
  8
PipeTools
 48
3.0
100
AcDbLine
 10
18.54091805017263
 20
18.44509308465819
 30
0.0
 11
20.04091805017264
 21
18.44509308465819
 31
0.0
  0
TEXT
  5
2CAB
330
1F
100
AcDbEntity
  8
TEXT
 48
2.0
100
AcDbText
 10
18.96367437507277
 20
18.67009308465819
 30
0.0
 40
0.3
  1
10.0
 41
0.8
  7
PipeTools
 72
     1
 11
19.29091805017263
 21
18.82009308465819
 31
0.0
100
AcDbText
 73
     2
  0
SOLID
  5
2CB2
330
1F
100
AcDbEntity
  8
FINC
100
AcDbTrace
 10
20.19091506652228
 20
12.44509222001081
 30
0.0
 11
20.04092131063817
 21
12.44509222001081
 31
0.0
 12
20.19091506652228
 22
13.44509309797879
 32
0.0
 13
20.04092131122024
 23
13.44509309797879
 33
0.0
  0
LINE
  5
2CB6
330
1F
100
AcDbEntity
  8
PipeTools
 48
3.0
100
AcDbLine
 10
18.54092456578546
 20
8.445092233331404
 30
0.0
 11
20.19092476703697
 21
8.445092233331404
 31
0.0
  0
LINE
  5
2CBF
330
1F
100
AcDbEntity
  8
PipeTools
 48
3.0
100
AcDbLine
 10
18.54092453066275
 20
8.44509222001081
 30
0.0
 11
20.04092453066275
 21
8.44509222001081
 31
0.0
  0
TEXT
  5
2CC0
330
1F
100
AcDbEntity
  8
TEXT
 48
2.0
100
AcDbText
 10
19.04549177433785
 20
8.670092220010809
 30
0.0
 40
0.3
  1
0.0
 41
0.8
  7
PipeTools
 72
     1
 11
19.29092453066275
 21
8.82009222001081
 31
0.0
100
AcDbText
 73
     2
  0
SOLID
  5
2CC8
330
1F
100
AcDbEntity
  8
FINC
100
AcDbTrace
 10
20.19091186023381
 20
10.44509308297074
 30
0.0
 11
20.0409181043497
 21
10.44509308297074
 31
0.0
 12
20.19091186023381
 22
11.44509396093871
 32
0.0
 13
20.04091810493177
 23
11.44509396093871
 33
0.0
  0
LINE
  5
2CCC
330
1F
100
AcDbEntity
  8
0
 62
   253
100
AcDbLine
 10
20.17207428778367
 20
10.41893643290605
 30
0.0
 11
46.84927804071487
 21
10.41893643290605
 31
0.0
  0
SOLID
  5
2CDD
330
1F
100
AcDbEntity
  8
FINC
100
AcDbTrace
 10
28.01137076677209
 20
13.18293641789801
 30
0.0
 11
27.82263587441152
 21
13.18293641789801
 31
0.0
 12
28.01137101981476
 22
13.41612956680405
 32
0.0
 13
27.82263585535716
 23
13.41612956680405
 33
0.0
  0
LWPOLYLINE
  5
2CE6
330
1F
100
AcDbEntity
  8
0
 62
     5
100
AcDbPolyline
 90
        4
 70
     1
 43
0.0
 10
30.91137100027528
 20
13.35493644983023
 10
31.10010616473288
 20
13.35493644983023
 10
31.10010616473288
 20
13.58812958372822
 10
30.91137100027528
 20
13.58812958372822
  0
SOLID
  5
2CE7
330
1F
100
AcDbEntity
  8
FINC
100
AcDbTrace
 10
31.10010591169021
 20
13.35493643482218
 30
0.0
 11
30.91137101932963
 21
13.35493643482218
 31
0.0
 12
31.10010616473288
 22
13.58812958372822
 32
0.0
 13
30.91137100027528
 23
13.58812958372822
 33
0.0
  0
LINE
  5
2D17
330
1F
100
AcDbEntity
  8
0
 62
     5
100
AcDbLine
 10
22.86893247303077
 20
12.48693554557499
 30
0.0
 11
22.66893247303075
 21
12.48693554557499
 31
0.0
  0
LINE
  5
2D18
330
1F
100
AcDbEntity
  8
0
 62
     5
100
AcDbLine
 10
23.26893247303075
 20
12.48693554557499
 30
0.0
 11
23.46893247303076
 21
12.48693554557499
 31
0.0
  0
LINE
  5
2D21
330
1F
100
AcDbEntity
  8
PIPE
 62
     5
 48
3.0
100
AcDbLine
 10
24.32275361543645
 20
12.03693643290605
 30
0.0
 11
38.46137101981478
 21
11.57293643290606
 31
0.0
  0
DIMENSION
  5
2D5D
330
1F
100
AcDbEntity
  8
0
 62
     1
100
AcDbDimension
280
     0
  2
*D16
 10
38.01762101981477
 20
18.9289251169709
 30
0.0
 11
38.76762101981477
 21
18.9289251169709
 31
0.0
 70
    32
 71
     5
 42
1.5
 73
     0
 74
     0
 75
     0
  3
Standard
100
AcDbAlignedDimension
 13
39.51762101981477
 23
18.39222341577258
 33
0.0
 14
38.01762101981477
 24
18.39222341577258
 34
0.0
100
AcDbRotatedDimension
1001
ACAD
1000
DSTYLE
1002
{
1070
   140
1040
0.2
1002
}
  0
DIMENSION
  5
2D77
330
1F
100
AcDbEntity
  8
0
 62
     1
100
AcDbDimension
280
     0
  2
*D17
 10
31.01010618427237
 20
18.9289251169709
 30
0.0
 11
34.51386360204356
 21
18.9289251169709
 31
0.0
 70
    32
 71
     5
 42
7.007514835542405
 73
     0
 74
     0
 75
     0
  3
Standard
100
AcDbAlignedDimension
 13
38.01762101981477
 23
18.39222341577258
 33
0.0
 14
31.01010618427237
 24
18.39222341577258
 34
0.0
100
AcDbRotatedDimension
1001
ACAD
1000
DSTYLE
1002
{
1070
   140
1040
0.2
1002
}
  0
DIMENSION
  5
2DF2
330
1F
100
AcDbEntity
  8
0
 62
     1
100
AcDbDimension
280
     0
  2
*D18
 10
27.91263585535717
 20
18.9289251169709
 30
0.0
 11
29.46137101981476
 21
18.9289251169709
 31
0.0
 70
    32
 71
     5
 42
3.0974703289152
 73
     0
 74
     0
 75
     0
  3
Standard
100
AcDbAlignedDimension
 13
31.01010618427237
 23
18.39222341577258
 33
0.0
 14
27.91263585535717
 24
18.39222341577258
 34
0.0
100
AcDbRotatedDimension
1001
ACAD
1000
DSTYLE
1002
{
1070
   140
1040
0.2
1002
}
  0
DIMENSION
  5
2E0C
330
1F
100
AcDbEntity
  8
0
 62
     1
100
AcDbDimension
280
     0
  2
*D19
 10
24.32275361543645
 20
18.9289251169709
 30
0.0
 11
26.11769473539681
 21
18.9289251169709
 31
0.0
 70
    32
 71
     5
 42
3.589882239920711
 73
     0
 74
     0
 75
     0
  3
Standard
100
AcDbAlignedDimension
 13
27.91263585535717
 23
18.39222341577258
 33
0.0
 14
24.32275361543645
 24
18.39222341577258
 34
0.0
100
AcDbRotatedDimension
1001
ACAD
1000
DSTYLE
1002
{
1070
   140
1040
0.2
1002
}
  0
DIMENSION
  5
2E26
330
1F
100
AcDbEntity
  8
0
 62
     1
100
AcDbDimension
280
     0
  2
*D20
 10
23.46877213030029
 20
18.9289251169709
 30
0.0
 11
23.89576287286837
 21
18.9289251169709
 31
0.0
 70
    32
 71
     5
 42
0.8539814851361597
 73
     0
 74
     0
 75
     0
  3
Standard
100
AcDbAlignedDimension
 13
24.32275361543645
 23
18.39222341577258
 33
0.0
 14
23.46877213030029
 24
18.39222341577258
 34
0.0
100
AcDbRotatedDimension
1001
ACAD
1000
DSTYLE
1002
{
1070
   140
1040
0.2
1002
}
  0
TEXT
  5
2EEE
330
1F
100
AcDbEntity
  8
BORD
100
AcDbText
 10
48.28842977019639
 20
2.715504833492627
 30
-0.1819591061889698
 40
0.2249999999999884
  1
H = 1 : 1
 50
0.0000000216583052
  7
HY울릉도M
 72
     2
 11
50.00271548448201
 21
2.715504834140642
 31
-0.1819591061889698
210
-0.0040942368142974
220
0.0000000000000001
230
0.9999916185773301
100
AcDbText
  0
TEXT
  5
2EEF
330
1F
100
AcDbEntity
  8
BORD
100
AcDbText
 10
48.30457285469158
 20
2.432826515066841
 30
-0.1819374659723874
 40
0.2249999999999884
  1
V = 1 : 1
 50
0.0000000216583052
  7
HY울릉도M
 72
     2
 11
49.99742999754864
 21
2.432826515706755
 31
-0.1819374659723874
210
-0.0040942368142974
220
0.0000000000000001
230
0.9999916185773301
100
AcDbText
  0
TEXT
  5
2EF0
330
1F
100
AcDbEntity
  8
BORD
100
AcDbText
 10
47.23099481411002
 20
2.577703250638425
 30
-0.092032881171152
 40
0.2249999999999884
  1
S = (
 50
0.0000000216583052
  7
HY울릉도M
 72
     2
 11
48.20599481410997
 21
2.577703251006983
 31
-0.092032881171152
210
-0.0040942368142974
220
0.0000000000000001
230
0.9999916185773301
100
AcDbText
  0
LINE
  5
2F64
330
1F
100
AcDbEntity
  8
0
 62
   253
100
AcDbLine
 10
20.17256391163882
 20
11.41893729586598
 30
0.0
 11
46.49887723337463
 21
11.41893729586598
 31
0.0
  0
LINE
  5
2F6E
330
1F
100
AcDbEntity
  8
0
 62
   253
100
AcDbLine
 10
20.17207428778367
 20
9.418936432906054
 30
0.0
 11
47.52208418862461
 21
9.418936432906054
 31
0.0
  0
LINE
  5
2FB1
330
1F
100
AcDbEntity
  8
0
100
AcDbLine
 10
30.80617539475407
 20
10.98240005260641
 30
0.0
 11
30.98617539475406
 21
10.98240005260641
 31
0.0
  0
SOLID
  5
2FB3
330
1F
100
AcDbEntity
  8
0
100
AcDbTrace
 10
30.80617539475407
 20
11.01240005260641
 30
0.0
 11
30.80617539475407
 21
10.95240005260641
 31
0.0
 12
30.62617539475406
 22
10.98240005260641
 32
0.0
 13
30.62617539475406
 23
10.98240005260641
 33
0.0
  0
LINE
  5
2FBE
330
1F
100
AcDbEntity
  8
0
100
AcDbLine
 10
26.19326728887108
 20
10.99601903745247
 30
0.0
 11
26.37326728887109
 21
10.99601903745247
 31
0.0
  0
SOLID
  5
2FBF
330
1F
100
AcDbEntity
  8
0
100
AcDbTrace
 10
26.19326728887108
 20
11.02601903745247
 30
0.0
 11
26.19326728887108
 21
10.96601903745247
 31
0.0
 12
26.01326728887109
 22
10.99601903745247
 32
0.0
 13
26.01326728887109
 23
10.99601903745247
 33
0.0
  0
LINE
  5
2FC8
330
1F
100
AcDbEntity
  8
0
100
AcDbLine
 10
21.6799996206014
 20
11.02999964443961
 30
0.0
 11
21.85999962060139
 21
11.02999964443961
 31
0.0
  0
SOLID
  5
2FC9
330
1F
100
AcDbEntity
  8
0
100
AcDbTrace
 10
21.6799996206014
 20
11.05999964443961
 30
0.0
 11
21.6799996206014
 21
10.99999964443961
 31
0.0
 12
21.49999962060139
 22
11.02999964443961
 32
0.0
 13
21.49999962060139
 23
11.02999964443961
 33
0.0
  0
SOLID
  5
2FDD
330
1F
100
AcDbEntity
  8
FINC
100
AcDbTrace
 10
20.19091828654686
 20
8.44509222001081
 30
0.0
 11
20.04092453066275
 21
8.44509222001081
 31
0.0
 12
20.19091828654686
 22
9.445093097978787
 32
0.0
 13
20.04092453124483
 23
9.445093097978787
 33
0.0
  0
LINE
  5
2FDE
330
1F
100
AcDbEntity
  8
0
100
AcDbLine
 10
20.19092476703697
 20
8.445092233331404
 30
0.0
 11
20.19092476703697
 21
12.5130922333314
 31
0.0
  0
LINE
  5
2FE2
330
1F
100
AcDbEntity
  8
0
100
AcDbLine
 10
20.19092476703697
 20
8.445092233331404
 30
0.0
 11
20.19092476703697
 21
12.5130922333314
 31
0.0
  0
LINE
  5
2FEF
330
1F
100
AcDbEntity
  8
PIPE
 62
     5
 48
3.0
100
AcDbLine
 10
24.32275361543645
 20
11.73693643290605
 30
0.0
 11
38.46137101981478
 21
11.27293643290606
 31
0.0
  0
LINE
  5
2FF0
330
1F
100
AcDbEntity
  8
0
100
AcDbLine
 10
20.19092476703697
 20
8.445092233331404
 30
0.0
 11
20.19092476703697
 21
12.0630922333314
 31
0.0
  0
LINE
  5
2FF1
330
1F
100
AcDbEntity
  8
0
100
AcDbLine
 10
20.19092476703697
 20
8.445092233331404
 30
0.0
 11
20.19092476703697
 21
12.5130922333314
 31
0.0
  0
LINE
  5
30A7
330
1F
100
AcDbEntity
  8
0
100
AcDbLine
 10
35.02202006537391
 20
10.96321111084239
 30
0.0
 11
35.20202006537391
 21
10.96321111084239
 31
0.0
  0
SOLID
  5
30A8
330
1F
100
AcDbEntity
  8
0
100
AcDbTrace
 10
35.02202006537391
 20
10.99321111084239
 30
0.0
 11
35.02202006537391
 21
10.93321111084239
 31
0.0
 12
34.84202006537391
 22
10.96321111084239
 32
0.0
 13
34.84202006537391
 23
10.96321111084239
 33
0.0
  0
DIMENSION
  5
3124
102
{ACAD_XDICTIONARY
360
3132
102
}
102
{ACAD_REACTORS
330
313D
102
}
330
1F
100
AcDbEntity
  8
0
 62
     1
100
AcDbDimension
280
     0
  2
*D21
 10
37.89519034989252
 20
12.33893643290606
 30
0.0
 11
37.89519034989252
 21
14.03393643290606
 31
0.0
 70
    32
 71
     5
 42
3.389999999999998
 73
     0
 74
     0
 75
     0
  3
Standard
100
AcDbAlignedDimension
 13
35.03840418910298
 23
15.72893643290606
 33
0.0
 14
37.91137101981477
 24
12.33893643290606
 34
0.0
 50
90.0
100
AcDbRotatedDimension
1001
ACAD
1000
DSTYLE
1002
{
1070
   140
1040
0.2
1002
}
  0
LINE
  5
3144
330
1F
100
AcDbEntity
  8
0
100
AcDbLine
 10
18.52310221047815
 20
8.418935568258671
 30
0.0
 11
47.30396002319205
 21
8.418935568258671
 31
0.0
  0
LINE
  5
3147
102
{ACAD_REACTORS
330
3191
102
}
330
1F
100
AcDbEntity
  8
0
100
AcDbLine
 10
38.46137101981478
 20
10.97293643290606
 30
0.0
 11
38.46137101981478
 21
11.27293643290606
 31
0.0
  0
DIMENSION
  5
3178
102
{ACAD_XDICTIONARY
360
3186
102
}
102
{ACAD_REACTORS
330
3191
102
}
330
1F
100
AcDbEntity
  8
0
 62
     1
100
AcDbDimension
280
     0
  2
*D22
 10
23.7062450131331
 20
11.73693643290605
 30
0.0
 11
23.7062450131331
 21
11.50493643290606
 31
0.0
 70
    32
 71
     5
 42
0.4639999999999916
 73
     0
 74
     0
 75
     0
  3
Standard
100
AcDbAlignedDimension
 13
38.46137101981478
 23
11.27293643290606
 33
0.0
 14
24.32275361543645
 24
11.73693643290605
 34
0.0
 50
90.0
100
AcDbRotatedDimension
1001
ACAD
1000
DSTYLE
1002
{
1070
   140
1040
0.2
1002
}
  0
TEXT
  5
31CA
330
1F
100
AcDbEntity
  8
TEXT
 48
3.0
100
AcDbText
 10
24.39161562053317
 20
21.7634037837253
 30
0.0
 40
0.6
  1
항공유저장소외부 골프장경계 현황도 
 41
0.8
  7
PipeTools
 72
     1
 11
30.11837993478084
 21
22.0634037837253
 31
0.0
100
AcDbText
 73
     2
  0
LWPOLYLINE
  5
31CD
330
1F
100
AcDbEntity
  8
0
370
    50
100
AcDbPolyline
 90
        4
 70
     1
 43
0.0
 10
42.46296223221276
 20
22.80205465517555
 10
17.84211140747897
 20
22.80205465517555
 10
17.84211140747897
 20
6.953137126268146
 10
42.46296223221276
 20
6.953137126268146
  0
TEXT
  5
3238
330
1F
100
AcDbEntity
  8
TEXT
 48
3.0
100
AcDbText
 10
28.20244220516975
 20
11.64960706171892
 30
0.0
 40
0.2
  1
역구배 3.6%%% →
 50
358.9023381752534
 41
0.8
  7
PipeTools
 72
     1
 11
28.96778632563836
 21
11.7349613020794
 31
0.0
100
AcDbText
 73
     2
  0
TEXT
  5
3261
330
1F
100
AcDbEntity
  8
TEXT
 48
3.0
100
AcDbText
 10
28.6990165077218
 20
13.4296130124707
 30
0.0
 40
0.25
  1
카트도로
 41
0.8
  7
PipeTools
 72
     1
 11
29.24442263288824
 21
13.55461301247069
 31
0.0
100
AcDbText
 73
     2
  0
LINE
  5
32B3
330
1F
100
AcDbEntity
  8
0
100
AcDbLine
 10
37.89519034989252
 20
12.33893643290606
 30
0.0
 11
24.21337967034501
 21
12.33893643290606
 31
0.0
  0
ENDSEC
  0
SECTION
  2
OBJECTS
  0
DICTIONARY
  5
C
330
0
100
AcDbDictionary
281
     1
  3
ACAD_CIP_PREVIOUS_PRODUCT_INFO
350
1A5
  3
ACAD_COLOR
350
73
  3
ACAD_DETAILVIEWSTYLE
350
1AB
  3
ACAD_GROUP
350
D
  3
ACAD_LAST_SAVED_VERSION_INFO
350
32EC
  3
ACAD_LAYOUT
350
1A
  3
ACAD_MATERIAL
350
72
  3
ACAD_MLEADERSTYLE
350
D7
  3
ACAD_MLINESTYLE
350
17
  3
ACAD_PLOTSETTINGS
350
19
  3
ACAD_PLOTSTYLENAME
350
E
  3
ACAD_SCALELIST
350
B6
  3
ACAD_SECTIONVIEWSTYLE
350
1A8
  3
ACAD_TABLESTYLE
350
86
  3
ACAD_VISUALSTYLE
350
99
  3
ACDB_RECOMPOSE_DATA
350
32F0
  3
AcDbVariableDictionary
350
66
  3
ADE_QUERY_LIBRARY
350
1F6
  3
AEC_PROPERTY_SET_DEFS
350
1231
  3
ASE_INDEX_DICTIONARY
350
2715
  3
Autodesk_MAP
350
1E0
1001
ADE
1000
ADE02C004
1000
[Query]
1000
CaseSensitiveMatch=0
1000
SaveCurrQueryInSession=1
1000
MkSelSetWithQryObj=0
1000
ShowBlockAsInsPt=0
1000
CreateAssociativeHatchObjects=0
1000
ReferenceBoundaryForAreaLocation=1
1000
ShowImageAsBoundary=1
1000
DefaultJoinOperator=2
1000
ColorForAdd=red
1000
ColorForRemove=red
1000
BlockLocnForQuery=1
1000
TextLocnForQuery=1
1000
IncludeAllObjectsInGroups=0
1000
AlwaysUseLibraryDefinitions=0
1000
PreviewDefinitionsFrom=2
1000
[Save Back]
1000
RedefineBlockDefinitions=1
1000
RedefineLayerDefinitions=1
1000
RedefineTextStyleDefinitions=1
1000
RemoveUnusedGroups=1
1000
EraseSavedBackObjects=1
1000
RemoveLockAfterSave=1
1000
CreateHistoryFileOfChanges=0
1000
CreateBackupFileOfSourceDwg=1
1000
DontAddObjectsToSaveSet=0
1000
MarkObjectsForEditingWithoutPrompting=0
1000
FdoDontAddObjsToSvSet=0
1000
FdoEditWithoutPrompt=1
1000
FdoRemUnusedGrps=1
1000
FdoEraseSvdBkObjs=1
1000
FdoRemoveLockOnSave=1
1000
FdoTesselationMaxPointsDistance=0
1000
FdoTesselationMaxCurvesDistance=0
1000
[Coordinate Transformation]
1000
RestoreLastActiveDwgsOnStartup=1
1000
ActivateDwgsOnAttach=1
1000
AdjustSizesAndScalesForChangesInUnits=1
1000
AdjustRotationsForMapDistortions=1
1000
AdjustSizesAndScalesForMapDistortions=1
1000
AdjustElevations=1
1000
AdjustZeroRotationObjects=1
1000
ReconnectDbOnWSOpen=1
1000
NoOfSQLConditionsInHistory=10
  0
SUN
  5
1F3
330
94
100
AcDbSun
 90
        1
290
     1
 63
     7
421
 16777215
 40
1.0
291
     1
 91
  2457134
 92
 36000000
292
     0
 70
     0
 71
   256
280
     1
  0
DICTIONARY
  5
18E
330
2
100
AcDbDictionary
280
     1
281
     1
  3
ACAD_LAYERSTATES
360
18F
  0
DICTIONARY
  5
E6
330
10
100
AcDbDictionary
280
     1
281
     1
  0
DICTIONARY
  5
339
330
338
100
AcDbDictionary
280
     1
281
     1
  0
DICTIONARY
  5
33C
330
33B
100
AcDbDictionary
280
     1
281
     1
  0
DICTIONARY
  5
33E
330
33D
100
AcDbDictionary
280
     1
281
     1
  0
DICTIONARY
  5
340
330
33F
100
AcDbDictionary
280
     1
281
     1
  0
DICTIONARY
  5
343
330
342
100
AcDbDictionary
280
     1
281
     1
  0
DICTIONARY
  5
345
330
344
100
AcDbDictionary
280
     1
281
     1
  0
DICTIONARY
  5
347
330
346
100
AcDbDictionary
280
     1
281
     1
  0
DICTIONARY
  5
349
330
348
100
AcDbDictionary
280
     1
281
     1
  0
DICTIONARY
  5
34F
330
34E
100
AcDbDictionary
280
     1
281
     1
  0
DICTIONARY
  5
351
330
350
100
AcDbDictionary
280
     1
281
     1
  0
DICTIONARY
  5
2301
330
2300
100
AcDbDictionary
280
     1
281
     1
  0
DICTIONARY
  5
2303
330
2302
100
AcDbDictionary
280
     1
281
     1
  0
DICTIONARY
  5
2305
330
2304
100
AcDbDictionary
280
     1
281
     1
  0
DICTIONARY
  5
2307
330
2306
100
AcDbDictionary
280
     1
281
     1
  0
DICTIONARY
  5
2309
330
2308
100
AcDbDictionary
280
     1
281
     1
  0
DICTIONARY
  5
230B
330
230A
100
AcDbDictionary
280
     1
281
     1
  0
DICTIONARY
  5
230D
330
230C
100
AcDbDictionary
280
     1
281
     1
  0
DICTIONARY
  5
230F
330
230E
100
AcDbDictionary
280
     1
281
     1
  0
DICTIONARY
  5
2311
330
2310
100
AcDbDictionary
280
     1
281
     1
  0
DICTIONARY
  5
2313
330
2312
100
AcDbDictionary
280
     1
281
     1
  0
DICTIONARY
  5
2315
330
2314
100
AcDbDictionary
280
     1
281
     1
  0
DICTIONARY
  5
231A
330
2319
100
AcDbDictionary
280
     1
281
     1
  0
DICTIONARY
  5
15D
330
1F
100
AcDbDictionary
280
     1
281
     1
  3
ACAD_SORTENTS
360
1F0
  0
DICTIONARY
  5
211
330
210
100
AcDbDictionary
280
     1
281
     1
  3
ACAD_SORTENTS
360
212
  0
DICTIONARY
  5
22E6
330
22E5
100
AcDbDictionary
280
     1
281
     1
  0
DICTIONARY
  5
22EF
330
22EE
100
AcDbDictionary
280
     1
281
     1
  0
DICTIONARY
  5
22F4
330
22F3
100
AcDbDictionary
280
     1
281
     1
  0
DICTIONARY
  5
28F2
330
28D8
100
AcDbDictionary
280
     1
281
     1
  3
ACAD_SORTENTS
360
28F3
  0
DICTIONARY
  5
295D
330
295A
100
AcDbDictionary
280
     1
281
     1
  3
ACAD_SORTENTS
360
295E
  0
DICTIONARY
  5
29A7
330
29A2
100
AcDbDictionary
280
     1
281
     1
  3
ACAD_SORTENTS
360
29A8
  0
DICTIONARY
  5
2B6B
330
2B63
100
AcDbDictionary
280
     1
281
     1
  3
ACAD_SORTENTS
360
2B6C
  0
DICTIONARY
  5
2BB9
330
2BB7
100
AcDbDictionary
280
     1
281
     1
  3
ACAD_SORTENTS
360
2BBA
  0
DICTIONARY
  5
2BC4
330
2BC0
100
AcDbDictionary
280
     1
281
     1
  3
ACAD_SORTENTS
360
2BC5
  0
DICTIONARY
  5
2BD8
330
2BD4
100
AcDbDictionary
280
     1
281
     1
  3
ACAD_SORTENTS
360
2BD9
  0
DICTIONARY
  5
2C10
330
2C0C
100
AcDbDictionary
280
     1
281
     1
  3
ACAD_SORTENTS
360
2C11
  0
DICTIONARY
  5
2CAE
330
2CAC
100
AcDbDictionary
280
     1
281
     1
  3
ACAD_SORTENTS
360
2CAF
  0
DICTIONARY
  5
2CF4
330
2CF2
100
AcDbDictionary
280
     1
281
     1
  3
ACAD_SORTENTS
360
2CF5
  0
DICTIONARY
  5
3132
330
3124
100
AcDbDictionary
280
     1
281
     1
  3
ACAD_DIMASSOC
360
313D
  0
DICTIONARY
  5
3186
330
3178
100
AcDbDictionary
280
     1
281
     1
  3
ACAD_DIMASSOC
360
3191
  0
XRECORD
  5
1A5
102
{ACAD_REACTORS
330
C
102
}
330
C
100
AcDbXrecord
280
     1
300
ACD
300
2024
300

  0
DICTIONARY
  5
73
102
{ACAD_REACTORS
330
C
102
}
330
C
100
AcDbDictionary
281
     1
  0
DICTIONARY
  5
1AB
102
{ACAD_REACTORS
330
C
102
}
330
C
100
AcDbDictionary
281
     1
  3
Imperial24
350
1AC
  3
Metric50
350
367
  0
DICTIONARY
  5
D
102
{ACAD_REACTORS
330
C
102
}
330
C
100
AcDbDictionary
281
     1
  0
XRECORD
  5
32EC
102
{ACAD_REACTORS
330
C
102
}
330
C
100
AcDbXrecord
280
     1
300
{CC0EA781-B4D3-8E41-B32E-965C4387291E}
301
{3147DD28-7F62-0048-AF6A-55043FA7E361}
302
{CC0EA781-B4D3-8E41-B32E-965C4387291E}
303
C:\Users\PCuser\OneDrive\dev\dxfviewer\sample.dxf
  0
DICTIONARY
  5
1A
102
{ACAD_REACTORS
330
C
102
}
330
C
100
AcDbDictionary
281
     1
  3
Model
350
22
  3
배치1
350
59
  3
배치2
350
5E
  0
DICTIONARY
  5
72
102
{ACAD_REACTORS
330
C
102
}
330
C
100
AcDbDictionary
281
     1
  3
ByBlock
350
97
  3
ByLayer
350
96
  3
Global
350
98
  0
DICTIONARY
  5
D7
102
{ACAD_REACTORS
330
C
102
}
330
C
100
AcDbDictionary
281
     1
  3
Standard
350
D8
  3
주석
350
E5
  0
DICTIONARY
  5
17
102
{ACAD_REACTORS
330
C
102
}
330
C
100
AcDbDictionary
281
     1
  3
Standard
350
18
  0
DICTIONARY
  5
19
102
{ACAD_REACTORS
330
C
102
}
330
C
100
AcDbDictionary
281
     1
  0
ACDBDICTIONARYWDFLT
  5
E
102
{ACAD_REACTORS
330
C
102
}
330
C
100
AcDbDictionary
281
     1
  3
Normal
350
F
100
AcDbDictionaryWithDefault
340
F
  0
DICTIONARY
  5
B6
102
{ACAD_REACTORS
330
C
102
}
330
C
100
AcDbDictionary
281
     1
  3
A0
350
B7
  3
A1
350
124
  3
A2
350
125
  3
A3
350
126
  3
A4
350
127
  3
A5
350
128
  3
A6
350
129
  3
A7
350
12A
  3
A8
350
12B
  3
A9
350
12C
  3
B0
350
12D
  3
B1
350
12E
  3
B2
350
12F
  3
B3
350
130
  3
B4
350
131
  3
B5
350
132
  3
B6
350
133
  3
B7
350
134
  3
B8
350
135
  3
B9
350
136
  3
C0
350
137
  3
C1
350
138
  3
C2
350
139
  3
C3
350
13A
  3
C4
350
13B
  3
C5
350
13C
  3
C6
350
13D
  3
C7
350
13E
  3
C8
350
13F
  3
C9
350
140
  3
D0
350
141
  3
D1
350
142
  3
D2
350
143
  0
DICTIONARY
  5
1A8
102
{ACAD_REACTORS
330
C
102
}
330
C
100
AcDbDictionary
281
     1
  3
Imperial24
350
1AA
  3
Metric50
350
366
  0
DICTIONARY
  5
86
102
{ACAD_REACTORS
330
C
102
}
330
C
100
AcDbDictionary
281
     1
  3
Legend
350
1E9
  3
Standard
350
87
  0
DICTIONARY
  5
99
102
{ACAD_REACTORS
330
C
102
}
330
C
100
AcDbDictionary
281
     1
  3
2dWireframe
350
9F
  3
3dWireframe
350
2321
  3
Basic
350
9E
  3
Brighten
350
A5
  3
ColorChange
350
A9
  3
Conceptual
350
A2
  3
Dim
350
A4
  3
EdgeColorOff
350
175
  3
Facepattern
350
A8
  3
Flat
350
9A
  3
FlatWithEdges
350
9B
  3
Gouraud
350
9C
  3
GouraudWithEdges
350
9D
  3
Hidden
350
A1
  3
JitterOff
350
173
  3
Linepattern
350
A7
  3
OverhangOff
350
174
  3
Realistic
350
A3
  3
Shaded
350
182
  3
Shaded with edges
350
181
  3
Shades of Gray
350
17E
  3
Sketchy
350
17F
  3
Thicken
350
A6
  3
Wireframe
350
A0
  3
X-Ray
350
180
  0
XRECORD
  5
32F0
102
{ACAD_REACTORS
330
C
102
}
330
C
100
AcDbXrecord
280
     1
 90
        1
330
87
330
1E9
  0
DICTIONARY
  5
66
102
{ACAD_REACTORS
330
C
102
}
330
C
100
AcDbDictionary
281
     1
  3
CANNOSCALE
350
F0
  3
CMLEADERSTYLE
350
EF
  3
CTABLESTYLE
350
89
  3
CVIEWDETAILSTYLE
350
1B7
  3
CVIEWSECTIONSTYLE
350
1B8
  3
DIMASSOC
350
67
  3
HIDETEXT
350
6B
  3
LAYEREVAL
350
14D
  3
LAYERNOTIFY
350
14E
  0
DICTIONARY
  5
1F6
102
{ACAD_REACTORS
330
C
102
}
330
C
100
AcDbDictionary
281
     1
  3
_CurrQry
350
32CF
  0
DICTIONARY
  5
1231
102
{ACAD_REACTORS
330
C
102
}
330
C
100
AcDbDictionary
281
     1
  0
DICTIONARY
  5
2715
102
{ACAD_REACTORS
330
C
102
}
330
C
100
AcDbDictionary
281
     1
  3
ASEBlockHierarchyIndexRecord
350
2716
1001
DCO15
1040
2015413520.799
  0
DICTIONARY
  5
1E0
102
{ACAD_REACTORS
330
C
102
}
330
C
100
AcDbDictionary
281
     1
  3
AcMapDMStylizedEntities
350
1F1
  3
AcMapResourceManager
350
1E5
  3
MAP_DISPLAY_CUSTOMOBJ_REG_TABLE
350
1E4
  3
MAP_DISPLAY_MANAGEMENT_DICTIONARY
350
1E1
  3
MAP_DISPLAY_STYLELIBRARY_DICTIONARY
350
1E2
  3
MAP_RESOURCE_VERSION_MANAGEMENT_DICTIONARY
350
1F2
1001
MapGWS
1000
C:\ProgramData\Autodesk\Autodesk AutoCAD Map 3D 2015\R20.0\MapCache\항공유저장소외부 골프장 배수단면도GWS1601975424.xml
  0
DICTIONARY
  5
18F
102
{ACAD_REACTORS
330
18E
102
}
330
18E
100
AcDbDictionary
281
     1
  0
SORTENTSTABLE
  5
1F0
102
{ACAD_REACTORS
330
15D
102
}
330
15D
100
AcDbSortentsTable
330
1F
331
266D
  5
266E
331
266E
  5
267E
331
267E
  5
26ED
331
269B
  5
26F5
331
26EE
  5
292B
331
2707
  5
292D
331
2708
  5
292E
331
270C
  5
292F
331
291E
  5
2930
331
291F
  5
2931
331
2921
  5
2932
331
2922
  5
2933
331
2923
  5
2934
331
2924
  5
2938
331
2925
  5
2945
331
2926
  5
2955
331
2927
  5
296D
331
2928
  5
2972
331
2929
  5
2973
331
292A
  5
297B
331
292B
  5
2992
331
292C
  5
29C0
331
292D
  5
29C1
331
292E
  5
29C2
331
292F
  5
29DE
331
2930
  5
29E0
331
2931
  5
29FA
331
2932
  5
2B3C
331
2933
  5
2B41
331
2934
  5
2B44
331
2938
  5
2B45
331
2945
  5
2B4C
331
2955
  5
2B4D
331
296D
  5
2B4F
331
2972
  5
2B50
331
2973
  5
2B61
331
297B
  5
2B62
331
2992
  5
2B7E
331
29C0
  5
2B87
331
29C1
  5
2B9B
331
29C2
  5
2BB6
331
29DE
  5
2BBF
331
29FA
  5
2BD2
331
2B3C
  5
2BF1
331
2B41
  5
2BF2
331
2B43
  5
2BF3
331
2B44
  5
2BFE
331
2B49
  5
2C0A
331
2B4A
  5
2C1E
331
2B4B
  5
2C29
331
2B4C
  5
2C2A
331
2B4D
  5
2BFF
331
2B4E
  5
2BFD
331
2B4F
  5
2C1D
331
2B50
  5
2C1F
331
2B61
  5
2C2B
331
2B62
  5
2C5C
331
2B7E
  5
2C5D
331
2B86
  5
2C5E
331
2B87
  5
2C5F
331
2B8A
  5
2C60
331
2B93
  5
2C61
331
2B9B
  5
2C62
331
2BA5
  5
2C63
331
2BAD
  5
2C64
331
2BB6
  5
2C66
331
2BBF
  5
2C6F
331
2BD1
  5
2C70
331
2BD2
  5
2C73
331
2BD3
  5
2C74
331
2BF1
  5
2C75
331
2BF2
  5
2C76
331
2BF3
  5
2C77
331
2BFD
  5
2C78
331
2BFE
  5
2C79
331
2BFF
  5
2C8D
331
2C09
  5
2C95
331
2C0A
  5
2C96
331
2C0B
  5
2CA1
331
2C1D
  5
2CAA
331
2C1E
  5
2CAB
331
2C1F
  5
2CB2
331
2C29
  5
2CB3
331
2C2A
  5
2CB4
331
2C2B
  5
2CB5
331
2C5C
  5
2CB6
331
2C5D
  5
2CC8
331
2C5E
  5
2CC9
331
2C5F
  5
2CCA
331
2C60
  5
2CCC
331
2C61
  5
2CCD
331
2C62
  5
2CDD
331
2C63
  5
2CE9
331
2C6F
  5
2CEA
331
2C70
  5
2CEC
331
2C73
  5
2CED
331
2C74
  5
2CEE
331
2C75
  5
2CEF
331
2C8D
  5
2CF0
331
2C95
  5
2CF1
331
2C96
  5
2CF9
331
2CA1
  5
2CFB
331
2CAA
  5
2CFC
331
2CAB
  5
2CFF
331
2CB2
  5
2D00
331
2CB6
  5
26F3
331
2CBF
  5
2D03
331
2CC8
  5
2D20
331
2CCC
  5
2CEB
331
2CDD
  5
2D21
331
2CE6
  5
2D5D
331
2CE7
  5
2D77
331
2D21
  5
291E
331
2D77
  5
2DCD
331
2DF2
  5
2EEF
331
2E0C
  5
2EF0
331
2E26
  5
2F64
331
2EEE
  5
2F6E
331
2EEF
  5
2F81
331
2EF0
  5
2F82
331
2F64
  5
2FAF
331
2F6E
  5
2FB1
331
2FB1
  5
2FB5
331
2FB3
  5
2FBF
331
2FBE
  5
2FCA
331
2FBF
  5
2FCB
331
2FC8
  5
2FD4
331
2FC9
  5
2FDD
331
2FDD
  5
2FDE
331
2FDE
  5
2FE2
331
2FE2
  5
2FE5
331
2FEF
  5
292A
  0
SORTENTSTABLE
  5
212
102
{ACAD_REACTORS
330
211
102
}
330
211
100
AcDbSortentsTable
330
210
  0
SORTENTSTABLE
  5
28F3
102
{ACAD_REACTORS
330
28F2
102
}
330
28F2
100
AcDbSortentsTable
330
28D8
  0
SORTENTSTABLE
  5
295E
102
{ACAD_REACTORS
330
295D
102
}
330
295D
100
AcDbSortentsTable
330
295A
  0
SORTENTSTABLE
  5
29A8
102
{ACAD_REACTORS
330
29A7
102
}
330
29A7
100
AcDbSortentsTable
330
29A2
  0
SORTENTSTABLE
  5
2B6C
102
{ACAD_REACTORS
330
2B6B
102
}
330
2B6B
100
AcDbSortentsTable
330
2B63
  0
SORTENTSTABLE
  5
2BBA
102
{ACAD_REACTORS
330
2BB9
102
}
330
2BB9
100
AcDbSortentsTable
330
2BB7
  0
SORTENTSTABLE
  5
2BC5
102
{ACAD_REACTORS
330
2BC4
102
}
330
2BC4
100
AcDbSortentsTable
330
2BC0
  0
SORTENTSTABLE
  5
2BD9
102
{ACAD_REACTORS
330
2BD8
102
}
330
2BD8
100
AcDbSortentsTable
330
2BD4
  0
SORTENTSTABLE
  5
2C11
102
{ACAD_REACTORS
330
2C10
102
}
330
2C10
100
AcDbSortentsTable
330
2C0C
  0
SORTENTSTABLE
  5
2CAF
102
{ACAD_REACTORS
330
2CAE
102
}
330
2CAE
100
AcDbSortentsTable
330
2CAC
  0
SORTENTSTABLE
  5
2CF5
102
{ACAD_REACTORS
330
2CF4
102
}
330
2CF4
100
AcDbSortentsTable
330
2CF2
  0
DIMASSOC
  5
313D
102
{ACAD_REACTORS
330
3132
102
}
330
3132
100
AcDbDimAssoc
330
3124
 90
        3
 70
     0
 71
     0
  1
AcDbOsnapPointRef
 72
     1
331
29FA
 73
     2
 91
        0
 40
0.9999999999999998
 10
0.0
 20
0.0
 30
2.000000000000000E+50
 75
     0
  1
AcDbOsnapPointRef
 72
    13
331
2B41
 73
     2
 91
        0
 40
0.0
 10
0.0
 20
0.0
 30
2.000000000000000E+50
 75
     0
  0
DIMASSOC
  5
3191
102
{ACAD_REACTORS
330
3186
102
}
330
3186
100
AcDbDimAssoc
330
3178
 90
        1
 70
     0
 71
     0
  1
AcDbOsnapPointRef
 72
     1
331
3147
 73
     2
 91
        0
 40
1.0
 10
0.0
 20
0.0
 30
2.000000000000000E+50
 75
     0
  0
ACDBDETAILVIEWSTYLE
  5
1AC
102
{ACAD_REACTORS
330
1AB
102
}
330
1AB
100
AcDbModelDocViewStyle
 70
     0
  3
Imperial24
290
     0
300
Imperial24
 90
        0
100
AcDbDetailViewStyle
 70
     0
 71
     0
 90
        3
 71
     1
340
11
 62
   256
 40
0.24
340
0
 62
   256
 40
0.24
300

 40
0.36
280
     3
 71
     2
340
16
 90
       25
 62
   256
 71
     3
340
11
 62
   256
 40
0.24
 90
        1
 40
0.75
 90
        1
300
%<\AcVar ViewType \f "%tc1">% %<\AcVar ViewDetailId>%\PSCALE %<\AcVar ViewScale \f "%sn">%
 71
     4
340
16
 90
       25
 62
   256
340
16
 90
       25
 62
   256
280
     0
  0
ACDBDETAILVIEWSTYLE
  5
367
102
{ACAD_REACTORS
330
1AB
102
}
330
1AB
100
AcDbModelDocViewStyle
 70
     0
  3
Metric50
290
     0
300
Metric50
 90
        0
100
AcDbDetailViewStyle
 70
     0
 71
     0
 90
        3
 71
     1
340
11
 62
   256
 40
5.0
340
0
 62
   256
 40
5.0
300

 40
0.0
280
     1
 71
     2
340
16
 90
       25
 62
   256
 71
     3
340
11
 62
   256
 40
5.0
 90
        0
 40
15.0
 90
        1
300
%<\AcVar ViewDetailId>% (%<\AcVar ViewScale \f "%sn">%)
 71
     4
340
16
 90
       25
 62
   256
340
16
 90
       25
 62
   256
280
     0
  0
LAYOUT
  5
22
102
{ACAD_XDICTIONARY
360
194
102
}
102
{ACAD_REACTORS
330
1A
102
}
330
1A
100
AcDbPlotSettings
  1

  2
Kyocera FS-9130DN KX
  4
A3
  6

 40
4.984749794006347
 41
5.111724853515625
 42
5.154083251953125
 43
4.9847412109375
 44
297.0106506347656
 45
419.9889831542968
 46
0.0
 47
0.0
 48
15.06406317431619
 49
1.259679073485023
140
51.06406317431623
141
26.54967907349027
142
1.0
143
0.0881578407128692
 70
 11952
 72
     1
 73
     1
 74
     4
  7
Screening 100%.ctb
 75
     0
147
11.34329053336286
 76
     0
 77
     2
 78
   300
148
-15.06406317431619
149
-1.259679073485023
100
AcDbLayout
  1
Model
 70
     1
 71
     0
 10
0.0
 20
0.0
 11
12.0
 21
9.0
 12
0.0
 22
0.0
 32
0.0
 14
0.0
 24
0.0
 34
0.0
 15
0.0
 25
0.0
 35
0.0
146
0.0
 13
0.0
 23
0.0
 33
0.0
 16
1.0
 26
0.0
 36
0.0
 17
0.0
 27
1.0
 37
0.0
 76
     0
330
1F
331
94
1001
ACAD_PSEXT
1000
Kyocera FS-9130DN KX
1000
KX DRIVER for Universal Printing
1000
172.25.114.28
1000

1070
     0
  0
LAYOUT
  5
59
102
{ACAD_REACTORS
330
1A
102
}
330
1A
100
AcDbPlotSettings
  1

  2
None
  4

  6

 40
0.0
 41
0.0
 42
0.0
 43
0.0
 44
0.0
 45
0.0
 46
0.0
 47
0.0
 48
0.0
 49
0.0
140
0.0
141
0.0
142
1.0
143
1.0
 70
   688
 72
     0
 73
     0
 74
     5
  7
Screening 100%.ctb
 75
    16
147
1.0
 76
     0
 77
     2
 78
   300
148
0.0
149
0.0
100
AcDbLayout
  1
배치1
 70
     1
 71
     1
 10
0.0
 20
0.0
 11
12.0
 21
9.0
 12
0.0
 22
0.0
 32
0.0
 14
0.0
 24
0.0
 34
0.0
 15
0.0
 25
0.0
 35
0.0
146
0.0
 13
0.0
 23
0.0
 33
0.0
 16
1.0
 26
0.0
 36
0.0
 17
0.0
 27
1.0
 37
0.0
 76
     0
330
58
  0
LAYOUT
  5
5E
102
{ACAD_REACTORS
330
1A
102
}
330
1A
100
AcDbPlotSettings
  1

  2
None
  4

  6

 40
0.0
 41
0.0
 42
0.0
 43
0.0
 44
0.0
 45
0.0
 46
0.0
 47
0.0
 48
0.0
 49
0.0
140
0.0
141
0.0
142
1.0
143
1.0
 70
   688
 72
     0
 73
     0
 74
     5
  7
Screening 100%.ctb
 75
    16
147
1.0
 76
     0
 77
     2
 78
   300
148
0.0
149
0.0
100
AcDbLayout
  1
배치2
 70
     1
 71
     2
 10
0.0
 20
0.0
 11
12.0
 21
9.0
 12
0.0
 22
0.0
 32
0.0
 14
0.0
 24
0.0
 34
0.0
 15
0.0
 25
0.0
 35
0.0
146
0.0
 13
0.0
 23
0.0
 33
0.0
 16
1.0
 26
0.0
 36
0.0
 17
0.0
 27
1.0
 37
0.0
 76
     0
330
5D
  0
MATERIAL
  5
97
102
{ACAD_XDICTIONARY
360
188
102
}
102
{ACAD_REACTORS
330
72
102
}
330
72
100
AcDbMaterial
  1
ByBlock
 94
       63
  0
MATERIAL
  5
96
102
{ACAD_XDICTIONARY
360
186
102
}
102
{ACAD_REACTORS
330
72
102
}
330
72
100
AcDbMaterial
  1
ByLayer
 94
       63
  0
MATERIAL
  5
98
102
{ACAD_XDICTIONARY
360
110
102
}
102
{ACAD_REACTORS
330
72
102
}
330
72
100
AcDbMaterial
  1
Global
 43
0.0208000000566244
 43
0.0
 43
0.0
 43
0.0
 43
0.0
 43
0.0208000000566244
 43
0.0
 43
0.0
 43
0.0
 43
0.0
 43
1.0
 43
0.0
 43
0.0
 43
0.0
 43
0.0
 43
1.0
 49
0.0208000000566244
 49
0.0
 49
0.0
 49
0.0
 49
0.0
 49
0.0208000000566244
 49
0.0
 49
0.0
 49
0.0
 49
0.0
 49
1.0
 49
0.0
 49
0.0
 49
0.0
 49
0.0
 49
1.0
142
0.0208000000566244
142
0.0
142
0.0
142
0.0
142
0.0
142
0.0208000000566244
142
0.0
142
0.0
142
0.0
142
0.0
142
1.0
142
0.0
142
0.0
142
0.0
142
0.0
142
1.0
144
0.0208000000566244
144
0.0
144
0.0
144
0.0
144
0.0
144
0.0208000000566244
144
0.0
144
0.0
144
0.0
144
0.0
144
1.0
144
0.0
144
0.0
144
0.0
144
0.0
144
1.0
 94
       63
1001
ACAD
1070
    -1
1070
     3
1070
     0
1000

1071
        0
1070
     0
  0
MLEADERSTYLE
  5
D8
102
{ACAD_REACTORS
330
D7
102
}
330
D7
100
AcDbMLeaderStyle
179
     2
170
     2
171
     1
172
     0
 90
        2
 40
0.0
 41
0.0
173
     1
 91
-1056964608
340
14
 92
       -2
290
     1
 42
0.09
291
     1
 43
0.36
  3
Standard
 44
0.18
300

342
11
174
     1
178
     1
175
     1
176
     0
 93
-1056964608
 45
0.18
292
     0
297
     0
 46
0.18
 94
-1056964608
 47
1.0
 49
1.0
140
1.0
293
     1
141
0.0
294
     1
177
     0
142
1.0
295
     0
296
     0
143
0.125
271
     0
272
     9
273
     9
298
     0
  0
MLEADERSTYLE
  5
E5
102
{ACAD_REACTORS
330
D7
102
}
330
D7
100
AcDbMLeaderStyle
179
     2
170
     2
171
     1
172
     0
 90
        2
 40
0.0
 41
0.0
173
     1
 91
-1056964608
340
14
 92
       -2
290
     1
 42
0.09
291
     1
 43
0.36
  3
Standard
 44
0.18
300

342
11
174
     1
178
     1
175
     1
176
     0
 93
-1056964608
 45
0.18
292
     0
297
     0
 46
0.18
 94
-1056964608
 47
1.0
 49
1.0
140
1.0
293
     1
141
0.0
294
     1
177
     0
142
1.0
295
     0
296
     1
143
0.125
271
     0
272
     9
273
     9
298
     0
  0
MLINESTYLE
  5
18
102
{ACAD_REACTORS
330
17
102
}
330
17
100
AcDbMlineStyle
  2
STANDARD
 70
     0
  3

 62
   256
 51
90.0
 52
90.0
 71
     2
 49
0.5
 62
   256
  6
BYLAYER
 49
-0.5
 62
   256
  6
BYLAYER
  0
ACDBPLACEHOLDER
  5
F
102
{ACAD_REACTORS
330
E
102
}
330
E
  0
SCALE
  5
B7
102
{ACAD_REACTORS
330
B6
102
}
330
B6
100
AcDbScale
 70
     0
300
1:1
140
1.0
141
1.0
290
     1
  0
SCALE
  5
124
102
{ACAD_REACTORS
330
B6
102
}
330
B6
100
AcDbScale
 70
     0
300
1:2
140
1.0
141
2.0
290
     0
  0
SCALE
  5
125
102
{ACAD_REACTORS
330
B6
102
}
330
B6
100
AcDbScale
 70
     0
300
1:4
140
1.0
141
4.0
290
     0
  0
SCALE
  5
126
102
{ACAD_REACTORS
330
B6
102
}
330
B6
100
AcDbScale
 70
     0
300
1:5
140
1.0
141
5.0
290
     0
  0
SCALE
  5
127
102
{ACAD_REACTORS
330
B6
102
}
330
B6
100
AcDbScale
 70
     0
300
1:8
140
1.0
141
8.0
290
     0
  0
SCALE
  5
128
102
{ACAD_REACTORS
330
B6
102
}
330
B6
100
AcDbScale
 70
     0
300
1:10
140
1.0
141
10.0
290
     0
  0
SCALE
  5
129
102
{ACAD_REACTORS
330
B6
102
}
330
B6
100
AcDbScale
 70
     0
300
1:16
140
1.0
141
16.0
290
     0
  0
SCALE
  5
12A
102
{ACAD_REACTORS
330
B6
102
}
330
B6
100
AcDbScale
 70
     0
300
1:20
140
1.0
141
20.0
290
     0
  0
SCALE
  5
12B
102
{ACAD_REACTORS
330
B6
102
}
330
B6
100
AcDbScale
 70
     0
300
1:30
140
1.0
141
30.0
290
     0
  0
SCALE
  5
12C
102
{ACAD_REACTORS
330
B6
102
}
330
B6
100
AcDbScale
 70
     0
300
1:40
140
1.0
141
40.0
290
     0
  0
SCALE
  5
12D
102
{ACAD_REACTORS
330
B6
102
}
330
B6
100
AcDbScale
 70
     0
300
1:50
140
1.0
141
50.0
290
     0
  0
SCALE
  5
12E
102
{ACAD_REACTORS
330
B6
102
}
330
B6
100
AcDbScale
 70
     0
300
1:100
140
1.0
141
100.0
290
     0
  0
SCALE
  5
12F
102
{ACAD_REACTORS
330
B6
102
}
330
B6
100
AcDbScale
 70
     0
300
2:1
140
2.0
141
1.0
290
     0
  0
SCALE
  5
130
102
{ACAD_REACTORS
330
B6
102
}
330
B6
100
AcDbScale
 70
     0
300
4:1
140
4.0
141
1.0
290
     0
  0
SCALE
  5
131
102
{ACAD_REACTORS
330
B6
102
}
330
B6
100
AcDbScale
 70
     0
300
8:1
140
8.0
141
1.0
290
     0
  0
SCALE
  5
132
102
{ACAD_REACTORS
330
B6
102
}
330
B6
100
AcDbScale
 70
     0
300
10:1
140
10.0
141
1.0
290
     0
  0
SCALE
  5
133
102
{ACAD_REACTORS
330
B6
102
}
330
B6
100
AcDbScale
 70
     0
300
100:1
140
100.0
141
1.0
290
     0
  0
SCALE
  5
134
102
{ACAD_REACTORS
330
B6
102
}
330
B6
100
AcDbScale
 70
     0
300
1/128" = 1'-0"
140
0.0078125
141
12.0
290
     0
  0
SCALE
  5
135
102
{ACAD_REACTORS
330
B6
102
}
330
B6
100
AcDbScale
 70
     0
300
1/64" = 1'-0"
140
0.015625
141
12.0
290
     0
  0
SCALE
  5
136
102
{ACAD_REACTORS
330
B6
102
}
330
B6
100
AcDbScale
 70
     0
300
1/32" = 1'-0"
140
0.03125
141
12.0
290
     0
  0
SCALE
  5
137
102
{ACAD_REACTORS
330
B6
102
}
330
B6
100
AcDbScale
 70
     0
300
1/16" = 1'-0"
140
0.0625
141
12.0
290
     0
  0
SCALE
  5
138
102
{ACAD_REACTORS
330
B6
102
}
330
B6
100
AcDbScale
 70
     0
300
3/32" = 1'-0"
140
0.09375
141
12.0
290
     0
  0
SCALE
  5
139
102
{ACAD_REACTORS
330
B6
102
}
330
B6
100
AcDbScale
 70
     0
300
1/8" = 1'-0"
140
0.125
141
12.0
290
     0
  0
SCALE
  5
13A
102
{ACAD_REACTORS
330
B6
102
}
330
B6
100
AcDbScale
 70
     0
300
3/16" = 1'-0"
140
0.1875
141
12.0
290
     0
  0
SCALE
  5
13B
102
{ACAD_REACTORS
330
B6
102
}
330
B6
100
AcDbScale
 70
     0
300
1/4" = 1'-0"
140
0.25
141
12.0
290
     0
  0
SCALE
  5
13C
102
{ACAD_REACTORS
330
B6
102
}
330
B6
100
AcDbScale
 70
     0
300
3/8" = 1'-0"
140
0.375
141
12.0
290
     0
  0
SCALE
  5
13D
102
{ACAD_REACTORS
330
B6
102
}
330
B6
100
AcDbScale
 70
     0
300
1/2" = 1'-0"
140
0.5
141
12.0
290
     0
  0
SCALE
  5
13E
102
{ACAD_REACTORS
330
B6
102
}
330
B6
100
AcDbScale
 70
     0
300
3/4" = 1'-0"
140
0.75
141
12.0
290
     0
  0
SCALE
  5
13F
102
{ACAD_REACTORS
330
B6
102
}
330
B6
100
AcDbScale
 70
     0
300
1" = 1'-0"
140
1.0
141
12.0
290
     0
  0
SCALE
  5
140
102
{ACAD_REACTORS
330
B6
102
}
330
B6
100
AcDbScale
 70
     0
300
1-1/2" = 1'-0"
140
1.5
141
12.0
290
     0
  0
SCALE
  5
141
102
{ACAD_REACTORS
330
B6
102
}
330
B6
100
AcDbScale
 70
     0
300
3" = 1'-0"
140
3.0
141
12.0
290
     0
  0
SCALE
  5
142
102
{ACAD_REACTORS
330
B6
102
}
330
B6
100
AcDbScale
 70
     0
300
6" = 1'-0"
140
6.0
141
12.0
290
     0
  0
SCALE
  5
143
102
{ACAD_REACTORS
330
B6
102
}
330
B6
100
AcDbScale
 70
     0
300
1'-0" = 1'-0"
140
12.0
141
12.0
290
     0
  0
ACDBSECTIONVIEWSTYLE
  5
1AA
102
{ACAD_REACTORS
330
1A8
102
}
330
1A8
100
AcDbModelDocViewStyle
 70
     0
  3
Imperial24
290
     0
300
Imperial24
 90
        0
100
AcDbSectionViewStyle
 70
     0
 71
     0
 90
       78
 71
     1
340
11
 62
   256
 40
0.24
340
0
340
0
 62
   256
 40
0.24
300
I, O, Q, S, X, Z
 40
0.48
 90
        3
 40
0.18
 90
        1
 71
     2
340
16
 90
       25
 62
   256
340
16
 90
       50
 62
   256
 40
0.24
 40
0.0
 40
0.24
 71
     3
340
11
 62
   256
 40
0.24
 90
        1
 40
0.75
 90
        1
300
%<\AcVar ViewType \f "%tc1">% %<\AcVar ViewSectionStartId>%-%<\AcVar ViewSectionEndId>%\PSCALE %<\AcVar ViewScale \f "%sn">%
 71
     4
 62
   256
 62
   257
300
ANSI31
 40
1.0
 90
        0
290
     0
290
     0
 90
        6
 40
0.0
 40
1.570796326794896
 40
0.2617993877991494
 40
1.308996938995747
 40
-0.2617993877991494
 40
1.832595714594046
  0
ACDBSECTIONVIEWSTYLE
  5
366
102
{ACAD_REACTORS
330
1A8
102
}
330
1A8
100
AcDbModelDocViewStyle
 70
     0
  3
Metric50
290
     0
300
Metric50
 90
        0
100
AcDbSectionViewStyle
 70
     0
 71
     0
 90
      102
 71
     1
340
11
 62
   256
 40
5.0
340
0
340
0
 62
   256
 40
5.0
300
I, O, Q, S, X, Z
 40
10.0
 90
        0
 40
2.5
 90
        0
 71
     2
340
16
 90
       25
 62
   256
340
16
 90
       50
 62
   256
 40
5.0
 40
2.5
 40
5.0
 71
     3
340
11
 62
   256
 40
5.0
 90
        0
 40
15.0
 90
        1
300
%<\AcVar ViewSectionStartId>%-%<\AcVar ViewSectionEndId>% (%<\AcVar ViewScale \f "%sn">%)
 71
     4
 62
   256
 62
   257
300
ANSI31
 40
1.0
 90
        0
290
     0
290
     0
 90
        6
 40
0.0
 40
1.570796326794896
 40
0.2617993877991494
 40
1.308996938995747
 40
-0.2617993877991494
 40
1.832595714594046
  0
TABLESTYLE
  5
1E9
102
{ACAD_XDICTIONARY
360
32EE
102
}
102
{ACAD_REACTORS
330
86
102
}
330
86
100
AcDbTableStyle
280
     0
  3

 70
     0
 71
     3
 40
0.06
 41
0.06
280
     0
281
     0
  7
Legend
140
0.18
170
     4
 62
     0
 63
     7
283
     0
 90
      512
 91
        0
  1

274
    -2
284
     0
 64
     0
275
    -2
285
     0
 65
     0
276
    -2
286
     0
 66
     0
277
    -2
287
     0
 67
     0
278
    -2
288
     0
 68
     0
279
    -2
289
     0
 69
     0
  7
Legend
140
0.25
170
     5
 62
     0
 63
     7
283
     0
 90
      512
 91
        0
  1

274
    -2
284
     0
 64
     0
275
    -2
285
     0
 65
     0
276
    -2
286
     0
 66
     0
277
    -2
287
     0
 67
     0
278
    -2
288
     0
 68
     0
279
    -2
289
     0
 69
     0
  7
Legend
140
0.18
170
     4
 62
     0
 63
     7
283
     0
 90
      512
 91
        0
  1

274
    -2
284
     0
 64
     0
275
    -2
285
     0
 65
     0
276
    -2
286
     0
 66
     0
277
    -2
287
     0
 67
     0
278
    -2
288
     0
 68
     0
279
    -2
289
     0
 69
     0
  0
TABLESTYLE
  5
87
102
{ACAD_XDICTIONARY
360
104
102
}
102
{ACAD_REACTORS
330
86
102
}
330
86
100
AcDbTableStyle
280
     0
  3
Standard
 70
     0
 71
     0
 40
0.06
 41
0.06
280
     0
281
     0
  7
Standard
140
0.18
170
     2
 62
     0
 63
     7
283
     0
 90
      512
 91
        0
  1

274
    -2
284
     1
 64
     0
275
    -2
285
     1
 65
     0
276
    -2
286
     1
 66
     0
277
    -2
287
     1
 67
     0
278
    -2
288
     1
 68
     0
279
    -2
289
     1
 69
     0
  7
Standard
140
0.25
170
     5
 62
     0
 63
     7
283
     0
 90
      512
 91
        0
  1

274
    -2
284
     1
 64
     0
275
    -2
285
     1
 65
     0
276
    -2
286
     1
 66
     0
277
    -2
287
     1
 67
     0
278
    -2
288
     1
 68
     0
279
    -2
289
     1
 69
     0
  7
Standard
140
0.18
170
     5
 62
     0
 63
     7
283
     0
 90
      512
 91
        0
  1

274
    -2
284
     1
 64
     0
275
    -2
285
     1
 65
     0
276
    -2
286
     1
 66
     0
277
    -2
287
     1
 67
     0
278
    -2
288
     1
 68
     0
279
    -2
289
     1
 69
     0
  0
VISUALSTYLE
  5
9F
102
{ACAD_REACTORS
330
99
102
}
330
99
100
AcDbVisualStyle
  2
2dWireframe
 70
     4
177
     3
291
     0
 70
    58
 90
        0
176
     1
 90
        2
176
     1
 90
        1
176
     1
 90
        0
176
     1
 40
0.6
176
     1
 40
30.0
176
     1
 62
     7
420
 16777215
176
     1
 90
        1
176
     1
 90
        4
176
     1
 62
     7
176
     1
 62
   257
176
     1
 90
        1
176
     1
 90
        1
176
     1
 40
1.0
176
     1
 90
        0
176
     1
 62
   257
176
     1
 40
1.0
176
     1
 90
        1
176
     1
 90
        6
176
     1
 90
        2
176
     1
 62
     7
176
     1
 90
        5
176
     1
 90
        0
176
     1
 90
        0
176
     1
290
     0
176
     1
 90
        1
176
     1
 40
0.0
176
     1
 90
        0
176
     1
290
     1
176
     1
290
     1
176
     1
290
     0
176
     1
290
     0
176
     1
290
     0
176
     1
290
     0
176
     1
290
     0
176
     1
290
     0
176
     1
290
     0
176
     1
 90
       50
176
     1
 40
0.0
176
     1
 40
1.0
176
     1
 90
        0
176
     1
 62
    18
420
        0
176
     1
 90
       50
176
     1
 90
        3
176
     1
 62
     5
420
      255
176
     1
290
     0
176
     1
 90
       50
176
     1
 90
       50
176
     1
 90
       50
176
     1
290
     0
176
     1
 90
       50
176
     1
 62
   256
176
     0
 40
1.0
176
     0
 90
        2
176
     1
  1
strokes_ogs.tif
176
     1
290
     0
176
     1
 40
1.0
176
     1
 40
1.0
176
     1
  0
VISUALSTYLE
  5
2321
102
{ACAD_REACTORS
330
99
102
}
330
99
100
AcDbVisualStyle
  2
3dWireframe
 70
     5
177
     3
291
     0
 70
    58
 90
        0
176
     1
 90
        2
176
     1
 90
        0
176
     1
 90
        0
176
     1
 40
0.6
176
     1
 40
30.0
176
     1
 62
     7
176
     1
 90
        1
176
     1
 90
        4
176
     1
 62
     7
176
     1
 62
   257
176
     1
 90
        1
176
     1
 90
        1
176
     1
 40
1.0
176
     1
 90
        0
176
     1
 62
   257
176
     1
 40
1.0
176
     1
 90
        1
176
     1
 90
        6
176
     1
 90
        2
176
     1
 62
     7
176
     1
 90
        5
176
     1
 90
        0
176
     1
 90
        0
176
     1
290
     0
176
     1
 90
        1
176
     1
 40
0.0
176
     1
 90
        0
176
     1
290
     0
176
     1
290
     1
176
     1
290
     1
176
     1
290
     0
176
     1
290
     0
176
     1
290
     0
176
     1
290
     0
176
     1
290
     0
176
     1
290
     0
176
     1
 90
       50
176
     1
 40
0.0
176
     1
 40
1.0
176
     1
 90
        0
176
     1
 62
    18
420
        0
176
     1
 90
       50
176
     1
 90
        3
176
     1
 62
     5
420
      255
176
     1
290
     0
176
     1
 90
       50
176
     1
 90
       50
176
     1
 90
       50
176
     1
290
     0
176
     1
 90
       50
176
     1
 62
   256
176
     0
 40
1.0
176
     0
 90
        2
176
     1
  1
strokes_ogs.tif
176
     1
290
     0
176
     1
 40
1.0
176
     1
 40
1.0
176
     1
  0
VISUALSTYLE
  5
9E
102
{ACAD_REACTORS
330
99
102
}
330
99
100
AcDbVisualStyle
  2
Basic
 70
     7
177
     3
291
     1
 70
    58
 90
        1
176
     1
 90
        0
176
     1
 90
        1
176
     1
 90
        0
176
     1
 40
0.6
176
     1
 40
30.0
176
     1
 62
     7
420
 16777215
176
     1
 90
        0
176
     1
 90
        4
176
     1
 62
     7
176
     1
 62
   257
176
     1
 90
        1
176
     1
 90
        1
176
     1
 40
1.0
176
     1
 90
        8
176
     1
 62
     7
176
     1
 40
1.0
176
     1
 90
        1
176
     1
 90
        6
176
     1
 90
        2
176
     1
 62
     7
176
     1
 90
        5
176
     1
 90
        0
176
     1
 90
        0
176
     1
290
     0
176
     1
 90
        1
176
     1
 40
0.0
176
     1
 90
        0
176
     1
290
     0
176
     1
290
     1
176
     1
290
     1
176
     1
290
     0
176
     1
290
     0
176
     1
290
     0
176
     1
290
     0
176
     1
290
     0
176
     1
290
     0
176
     1
 90
       50
176
     1
 40
0.0
176
     1
 40
1.0
176
     1
 90
        0
176
     1
 62
    18
420
        0
176
     1
 90
       50
176
     1
 90
        3
176
     1
 62
     5
420
      255
176
     1
290
     0
176
     1
 90
       50
176
     1
 90
       50
176
     1
 90
       50
176
     1
290
     0
176
     1
 90
       50
176
     1
 62
   256
176
     0
 40
1.0
176
     0
 90
        2
176
     1
  1
strokes_ogs.tif
176
     1
290
     0
176
     1
 40
1.0
176
     1
 40
1.0
176
     1
  0
VISUALSTYLE
  5
A5
102
{ACAD_REACTORS
330
99
102
}
330
99
100
AcDbVisualStyle
  2
Brighten
 70
    12
177
     3
291
     1
 70
    58
 90
        2
176
     1
 90
        2
176
     1
 90
        1
176
     1
 90
        0
176
     1
 40
0.6
176
     1
 40
30.0
176
     1
 62
     7
420
 16777215
176
     1
 90
        1
176
     1
 90
        4
176
     1
 62
     7
176
     1
 62
   257
176
     1
 90
        1
176
     1
 90
        1
176
     1
 40
1.0
176
     1
 90
        8
176
     1
 62
     7
176
     1
 40
1.0
176
     1
 90
        1
176
     1
 90
        6
176
     1
 90
        2
176
     1
 62
     7
176
     1
 90
        5
176
     1
 90
        0
176
     1
 90
        0
176
     1
290
     0
176
     1
 90
        1
176
     1
 40
50.0
176
     1
 90
        0
176
     1
290
     0
176
     1
290
     1
176
     1
290
     1
176
     1
290
     0
176
     1
290
     0
176
     1
290
     0
176
     1
290
     0
176
     1
290
     0
176
     1
290
     0
176
     1
 90
       50
176
     1
 40
0.0
176
     1
 40
1.0
176
     1
 90
        0
176
     1
 62
    18
420
        0
176
     1
 90
       50
176
     1
 90
        3
176
     1
 62
     5
420
      255
176
     1
290
     0
176
     1
 90
       50
176
     1
 90
       50
176
     1
 90
       50
176
     1
290
     0
176
     1
 90
       50
176
     1
 62
   256
176
     0
 40
1.0
176
     0
 90
        2
176
     1
  1
strokes_ogs.tif
176
     1
290
     0
176
     1
 40
1.0
176
     1
 40
1.0
176
     1
  0
VISUALSTYLE
  5
A9
102
{ACAD_REACTORS
330
99
102
}
330
99
100
AcDbVisualStyle
  2
ColorChange
 70
    16
177
     3
291
     1
 70
    58
 90
        2
176
     1
 90
        2
176
     1
 90
        3
176
     1
 90
        0
176
     1
 40
0.6
176
     1
 40
30.0
176
     1
 62
     8
420
  8421504
176
     1
 90
        1
176
     1
 90
        4
176
     1
 62
     7
176
     1
 62
   257
176
     1
 90
        1
176
     1
 90
        1
176
     1
 40
1.0
176
     1
 90
        8
176
     1
 62
     8
420
  8421504
176
     1
 40
1.0
176
     1
 90
        1
176
     1
 90
        6
176
     1
 90
        2
176
     1
 62
     7
176
     1
 90
        5
176
     1
 90
        0
176
     1
 90
        0
176
     1
290
     0
176
     1
 90
        1
176
     1
 40
0.0
176
     1
 90
        0
176
     1
290
     0
176
     1
290
     1
176
     1
290
     1
176
     1
290
     0
176
     1
290
     0
176
     1
290
     0
176
     1
290
     0
176
     1
290
     0
176
     1
290
     0
176
     1
 90
       50
176
     1
 40
0.0
176
     1
 40
1.0
176
     1
 90
        0
176
     1
 62
    18
420
        0
176
     1
 90
       50
176
     1
 90
        3
176
     1
 62
     5
420
      255
176
     1
290
     0
176
     1
 90
       50
176
     1
 90
       50
176
     1
 90
       50
176
     1
290
     0
176
     1
 90
       50
176
     1
 62
   256
176
     0
 40
1.0
176
     0
 90
        2
176
     1
  1
strokes_ogs.tif
176
     1
290
     0
176
     1
 40
1.0
176
     1
 40
1.0
176
     1
  0
VISUALSTYLE
  5
A2
102
{ACAD_REACTORS
330
99
102
}
330
99
100
AcDbVisualStyle
  2
Conceptual
 70
     9
177
     3
291
     0
 70
    58
 90
        3
176
     1
 90
        2
176
     1
 90
        1
176
     1
 90
        0
176
     1
 40
0.6
176
     1
 40
30.0
176
     1
 62
     7
420
 16777215
176
     1
 90
        2
176
     1
 90
        2
176
     1
 62
     7
176
     1
 62
   257
176
     1
 90
        1
176
     1
 90
        1
176
     1
 40
40.0
176
     1
 90
        8
176
     1
 62
     7
176
     1
 40
1.0
176
     1
 90
        1
176
     1
 90
        6
176
     1
 90
        2
176
     1
 62
     7
176
     1
 90
        3
176
     1
 90
        0
176
     1
 90
        0
176
     1
290
     0
176
     1
 90
        1
176
     1
 40
0.0
176
     1
 90
        0
176
     1
290
     0
176
     1
290
     1
176
     1
290
     1
176
     1
290
     0
176
     1
290
     0
176
     1
290
     0
176
     1
290
     0
176
     1
290
     0
176
     1
290
     0
176
     1
 90
       50
176
     1
 40
0.0
176
     1
 40
1.0
176
     1
 90
        0
176
     1
 62
    18
420
        0
176
     1
 90
       50
176
     1
 90
        3
176
     1
 62
     5
420
      255
176
     1
290
     0
176
     1
 90
       50
176
     1
 90
       50
176
     1
 90
       50
176
     1
290
     0
176
     1
 90
       50
176
     1
 62
   256
176
     0
 40
1.0
176
     0
 90
        2
176
     1
  1
strokes_ogs.tif
176
     1
290
     0
176
     1
 40
1.0
176
     1
 40
1.0
176
     1
  0
VISUALSTYLE
  5
A4
102
{ACAD_REACTORS
330
99
102
}
330
99
100
AcDbVisualStyle
  2
Dim
 70
    11
177
     3
291
     1
 70
    58
 90
        2
176
     1
 90
        2
176
     1
 90
        1
176
     1
 90
        0
176
     1
 40
0.6
176
     1
 40
30.0
176
     1
 62
     7
420
 16777215
176
     1
 90
        1
176
     1
 90
        4
176
     1
 62
     7
176
     1
 62
   257
176
     1
 90
        1
176
     1
 90
        1
176
     1
 40
1.0
176
     1
 90
        8
176
     1
 62
     7
176
     1
 40
1.0
176
     1
 90
        1
176
     1
 90
        6
176
     1
 90
        2
176
     1
 62
     7
176
     1
 90
        5
176
     1
 90
        0
176
     1
 90
        0
176
     1
290
     0
176
     1
 90
        1
176
     1
 40
-50.0
176
     1
 90
        0
176
     1
290
     0
176
     1
290
     1
176
     1
290
     1
176
     1
290
     0
176
     1
290
     0
176
     1
290
     0
176
     1
290
     0
176
     1
290
     0
176
     1
290
     0
176
     1
 90
       50
176
     1
 40
0.0
176
     1
 40
1.0
176
     1
 90
        0
176
     1
 62
    18
420
        0
176
     1
 90
       50
176
     1
 90
        3
176
     1
 62
     5
420
      255
176
     1
290
     0
176
     1
 90
       50
176
     1
 90
       50
176
     1
 90
       50
176
     1
290
     0
176
     1
 90
       50
176
     1
 62
   256
176
     0
 40
1.0
176
     0
 90
        2
176
     1
  1
strokes_ogs.tif
176
     1
290
     0
176
     1
 40
1.0
176
     1
 40
1.0
176
     1
  0
VISUALSTYLE
  5
175
102
{ACAD_REACTORS
330
99
102
}
330
99
100
AcDbVisualStyle
  2
EdgeColorOff
 70
    22
177
     3
291
     1
 70
    58
 90
        2
176
     0
 90
        2
176
     0
 90
        0
176
     0
 90
        0
176
     0
 40
0.6
176
     0
 40
30.0
176
     0
 62
     7
420
 16777215
176
     0
 90
        1
176
     0
 90
        4
176
     0
 62
     7
176
     0
 62
   257
176
     0
 90
        1
176
     0
 90
        1
176
     0
 40
1.0
176
     0
 90
        8
176
     2
 62
     7
176
     0
 40
1.0
176
     0
 90
        1
176
     0
 90
        6
176
     0
 90
        2
176
     0
 62
     7
176
     0
 90
        5
176
     0
 90
        0
176
     0
 90
        0
176
     0
290
     0
176
     0
 90
        1
176
     0
 40
0.0
176
     0
 90
        0
176
     0
290
     0
176
     1
290
     1
176
     1
290
     1
176
     1
290
     0
176
     1
290
     0
176
     1
290
     0
176
     1
290
     0
176
     1
290
     0
176
     1
290
     0
176
     1
 90
       50
176
     1
 40
0.0
176
     1
 40
1.0
176
     1
 90
        0
176
     1
 62
    18
420
        0
176
     1
 90
       50
176
     1
 90
        3
176
     1
 62
     5
420
      255
176
     1
290
     0
176
     1
 90
       50
176
     1
 90
       50
176
     1
 90
       50
176
     1
290
     0
176
     1
 90
       50
176
     1
 62
   256
176
     0
 40
1.0
176
     0
 90
        2
176
     1
  1
strokes_ogs.tif
176
     1
290
     0
176
     1
 40
1.0
176
     1
 40
1.0
176
     1
  0
VISUALSTYLE
  5
A8
102
{ACAD_REACTORS
330
99
102
}
330
99
100
AcDbVisualStyle
  2
Facepattern
 70
    15
177
     3
291
     1
 70
    58
 90
        2
176
     1
 90
        2
176
     1
 90
        1
176
     1
 90
        0
176
     1
 40
0.6
176
     1
 40
30.0
176
     1
 62
     7
420
 16777215
176
     1
 90
        1
176
     1
 90
        4
176
     1
 62
     7
176
     1
 62
   257
176
     1
 90
        1
176
     1
 90
        1
176
     1
 40
1.0
176
     1
 90
        8
176
     1
 62
     7
176
     1
 40
1.0
176
     1
 90
        1
176
     1
 90
        6
176
     1
 90
        2
176
     1
 62
     7
176
     1
 90
        5
176
     1
 90
        0
176
     1
 90
        0
176
     1
290
     0
176
     1
 90
        1
176
     1
 40
0.0
176
     1
 90
        0
176
     1
290
     0
176
     1
290
     1
176
     1
290
     1
176
     1
290
     0
176
     1
290
     0
176
     1
290
     0
176
     1
290
     0
176
     1
290
     0
176
     1
290
     0
176
     1
 90
       50
176
     1
 40
0.0
176
     1
 40
1.0
176
     1
 90
        0
176
     1
 62
    18
420
        0
176
     1
 90
       50
176
     1
 90
        3
176
     1
 62
     5
420
      255
176
     1
290
     0
176
     1
 90
       50
176
     1
 90
       50
176
     1
 90
       50
176
     1
290
     0
176
     1
 90
       50
176
     1
 62
   256
176
     0
 40
1.0
176
     0
 90
        2
176
     1
  1
strokes_ogs.tif
176
     1
290
     0
176
     1
 40
1.0
176
     1
 40
1.0
176
     1
  0
VISUALSTYLE
  5
9A
102
{ACAD_REACTORS
330
99
102
}
330
99
100
AcDbVisualStyle
  2
Flat
 70
     0
177
     3
291
     1
 70
    58
 90
        2
176
     1
 90
        1
176
     1
 90
        1
176
     1
 90
        2
176
     1
 40
0.6
176
     1
 40
30.0
176
     1
 62
     7
420
 16777215
176
     1
 90
        0
176
     1
 90
        0
176
     1
 62
     7
176
     1
 62
   257
176
     1
 90
        1
176
     1
 90
        1
176
     1
 40
1.0
176
     1
 90
        8
176
     1
 62
     7
176
     1
 40
1.0
176
     1
 90
        1
176
     1
 90
        6
176
     1
 90
        2
176
     1
 62
     7
176
     1
 90
        5
176
     1
 90
        0
176
     1
 90
        0
176
     1
290
     0
176
     1
 90
       13
176
     1
 40
0.0
176
     1
 90
        0
176
     1
290
     0
176
     1
290
     1
176
     1
290
     1
176
     1
290
     0
176
     1
290
     0
176
     1
290
     0
176
     1
290
     0
176
     1
290
     0
176
     1
290
     0
176
     1
 90
       50
176
     1
 40
0.0
176
     1
 40
1.0
176
     1
 90
        0
176
     1
 62
    18
420
        0
176
     1
 90
       50
176
     1
 90
        3
176
     1
 62
     5
420
      255
176
     1
290
     0
176
     1
 90
       50
176
     1
 90
       50
176
     1
 90
       50
176
     1
290
     0
176
     1
 90
       50
176
     1
 62
   256
176
     0
 40
1.0
176
     0
 90
        2
176
     1
  1
strokes_ogs.tif
176
     1
290
     0
176
     1
 40
1.0
176
     1
 40
1.0
176
     1
  0
VISUALSTYLE
  5
9B
102
{ACAD_REACTORS
330
99
102
}
330
99
100
AcDbVisualStyle
  2
FlatWithEdges
 70
     1
177
     3
291
     1
 70
    58
 90
        2
176
     1
 90
        1
176
     1
 90
        1
176
     1
 90
        2
176
     1
 40
0.6
176
     1
 40
30.0
176
     1
 62
     7
420
 16777215
176
     1
 90
        1
176
     1
 90
        0
176
     1
 62
     7
176
     1
 62
   257
176
     1
 90
        1
176
     1
 90
        1
176
     1
 40
1.0
176
     1
 90
        0
176
     1
 62
   257
176
     1
 40
1.0
176
     1
 90
        1
176
     1
 90
        6
176
     1
 90
        2
176
     1
 62
     7
176
     1
 90
        5
176
     1
 90
        0
176
     1
 90
        0
176
     1
290
     0
176
     1
 90
       13
176
     1
 40
0.0
176
     1
 90
        0
176
     1
290
     0
176
     1
290
     1
176
     1
290
     1
176
     1
290
     0
176
     1
290
     0
176
     1
290
     0
176
     1
290
     0
176
     1
290
     0
176
     1
290
     0
176
     1
 90
       50
176
     1
 40
0.0
176
     1
 40
1.0
176
     1
 90
        0
176
     1
 62
    18
420
        0
176
     1
 90
       50
176
     1
 90
        3
176
     1
 62
     5
420
      255
176
     1
290
     0
176
     1
 90
       50
176
     1
 90
       50
176
     1
 90
       50
176
     1
290
     0
176
     1
 90
       50
176
     1
 62
   256
176
     0
 40
1.0
176
     0
 90
        2
176
     1
  1
strokes_ogs.tif
176
     1
290
     0
176
     1
 40
1.0
176
     1
 40
1.0
176
     1
  0
VISUALSTYLE
  5
9C
102
{ACAD_REACTORS
330
99
102
}
330
99
100
AcDbVisualStyle
  2
Gouraud
 70
     2
177
     3
291
     1
 70
    58
 90
        2
176
     1
 90
        2
176
     1
 90
        1
176
     1
 90
        2
176
     1
 40
0.6
176
     1
 40
30.0
176
     1
 62
     7
420
 16777215
176
     1
 90
        0
176
     1
 90
        0
176
     1
 62
     7
176
     1
 62
   257
176
     1
 90
        1
176
     1
 90
        1
176
     1
 40
1.0
176
     1
 90
        0
176
     1
 62
     7
176
     1
 40
1.0
176
     1
 90
        1
176
     1
 90
        6
176
     1
 90
        2
176
     1
 62
     7
176
     1
 90
        5
176
     1
 90
        0
176
     1
 90
        0
176
     1
290
     0
176
     1
 90
       13
176
     1
 40
0.0
176
     1
 90
        0
176
     1
290
     0
176
     1
290
     1
176
     1
290
     1
176
     1
290
     0
176
     1
290
     0
176
     1
290
     0
176
     1
290
     0
176
     1
290
     0
176
     1
290
     0
176
     1
 90
       50
176
     1
 40
0.0
176
     1
 40
1.0
176
     1
 90
        0
176
     1
 62
    18
420
        0
176
     1
 90
       50
176
     1
 90
        3
176
     1
 62
     5
420
      255
176
     1
290
     0
176
     1
 90
       50
176
     1
 90
       50
176
     1
 90
       50
176
     1
290
     0
176
     1
 90
       50
176
     1
 62
   256
176
     0
 40
1.0
176
     0
 90
        2
176
     1
  1
strokes_ogs.tif
176
     1
290
     0
176
     1
 40
1.0
176
     1
 40
1.0
176
     1
  0
VISUALSTYLE
  5
9D
102
{ACAD_REACTORS
330
99
102
}
330
99
100
AcDbVisualStyle
  2
GouraudWithEdges
 70
     3
177
     3
291
     1
 70
    58
 90
        2
176
     1
 90
        2
176
     1
 90
        1
176
     1
 90
        2
176
     1
 40
0.6
176
     1
 40
30.0
176
     1
 62
     7
420
 16777215
176
     1
 90
        1
176
     1
 90
        0
176
     1
 62
     7
176
     1
 62
   257
176
     1
 90
        1
176
     1
 90
        1
176
     1
 40
1.0
176
     1
 90
        0
176
     1
 62
   257
176
     1
 40
1.0
176
     1
 90
        1
176
     1
 90
        6
176
     1
 90
        2
176
     1
 62
     7
176
     1
 90
        5
176
     1
 90
        0
176
     1
 90
        0
176
     1
290
     0
176
     1
 90
       13
176
     1
 40
0.0
176
     1
 90
        0
176
     1
290
     0
176
     1
290
     1
176
     1
290
     1
176
     1
290
     0
176
     1
290
     0
176
     1
290
     0
176
     1
290
     0
176
     1
290
     0
176
     1
290
     0
176
     1
 90
       50
176
     1
 40
0.0
176
     1
 40
1.0
176
     1
 90
        0
176
     1
 62
    18
420
        0
176
     1
 90
       50
176
     1
 90
        3
176
     1
 62
     5
420
      255
176
     1
290
     0
176
     1
 90
       50
176
     1
 90
       50
176
     1
 90
       50
176
     1
290
     0
176
     1
 90
       50
176
     1
 62
   256
176
     0
 40
1.0
176
     0
 90
        2
176
     1
  1
strokes_ogs.tif
176
     1
290
     0
176
     1
 40
1.0
176
     1
 40
1.0
176
     1
  0
VISUALSTYLE
  5
A1
102
{ACAD_REACTORS
330
99
102
}
330
99
100
AcDbVisualStyle
  2
Hidden
 70
     6
177
     3
291
     0
 70
    58
 90
        1
176
     1
 90
        2
176
     1
 90
        2
176
     1
 90
        0
176
     1
 40
0.6
176
     1
 40
30.0
176
     1
 62
     7
420
 16777215
176
     1
 90
        2
176
     1
 90
        2
176
     1
 62
     7
176
     1
 62
   257
176
     1
 90
        2
176
     1
 90
        1
176
     1
 40
40.0
176
     1
 90
        0
176
     1
 62
   257
176
     1
 40
1.0
176
     1
 90
        1
176
     1
 90
        6
176
     1
 90
        2
176
     1
 62
     7
176
     1
 90
        3
176
     1
 90
        0
176
     1
 90
        0
176
     1
290
     0
176
     1
 90
        1
176
     1
 40
0.0
176
     1
 90
        0
176
     1
290
     0
176
     1
290
     1
176
     1
290
     1
176
     1
290
     0
176
     1
290
     0
176
     1
290
     0
176
     1
290
     0
176
     1
290
     0
176
     1
290
     0
176
     1
 90
       50
176
     1
 40
0.0
176
     1
 40
1.0
176
     1
 90
        0
176
     1
 62
    18
420
        0
176
     1
 90
       50
176
     1
 90
        3
176
     1
 62
     5
420
      255
176
     1
290
     0
176
     1
 90
       50
176
     1
 90
       50
176
     1
 90
       50
176
     1
290
     0
176
     1
 90
       50
176
     1
 62
   256
176
     0
 40
1.0
176
     0
 90
        2
176
     1
  1
strokes_ogs.tif
176
     1
290
     0
176
     1
 40
1.0
176
     1
 40
1.0
176
     1
  0
VISUALSTYLE
  5
173
102
{ACAD_REACTORS
330
99
102
}
330
99
100
AcDbVisualStyle
  2
JitterOff
 70
    20
177
     3
291
     1
 70
    58
 90
        2
176
     0
 90
        2
176
     0
 90
        0
176
     0
 90
        0
176
     0
 40
0.6
176
     0
 40
30.0
176
     0
 62
     7
420
 16777215
176
     0
 90
        1
176
     0
 90
        4
176
     0
 62
     7
176
     0
 62
   257
176
     0
 90
        1
176
     0
 90
        1
176
     0
 40
1.0
176
     0
 90
       10
176
     2
 62
     7
176
     0
 40
1.0
176
     0
 90
        1
176
     0
 90
        6
176
     0
 90
        2
176
     0
 62
     7
176
     0
 90
        5
176
     0
 90
        0
176
     0
 90
        0
176
     0
290
     0
176
     0
 90
        1
176
     0
 40
0.0
176
     0
 90
        0
176
     0
290
     0
176
     1
290
     1
176
     1
290
     1
176
     1
290
     0
176
     1
290
     0
176
     1
290
     0
176
     1
290
     0
176
     1
290
     0
176
     1
290
     0
176
     1
 90
       50
176
     1
 40
0.0
176
     1
 40
1.0
176
     1
 90
        0
176
     1
 62
    18
420
        0
176
     1
 90
       50
176
     1
 90
        3
176
     1
 62
     5
420
      255
176
     1
290
     0
176
     1
 90
       50
176
     1
 90
       50
176
     1
 90
       50
176
     1
290
     0
176
     1
 90
       50
176
     1
 62
   256
176
     0
 40
1.0
176
     0
 90
        2
176
     1
  1
strokes_ogs.tif
176
     1
290
     0
176
     1
 40
1.0
176
     1
 40
1.0
176
     1
  0
VISUALSTYLE
  5
A7
102
{ACAD_REACTORS
330
99
102
}
330
99
100
AcDbVisualStyle
  2
Linepattern
 70
    14
177
     3
291
     1
 70
    58
 90
        2
176
     1
 90
        2
176
     1
 90
        1
176
     1
 90
        0
176
     1
 40
0.6
176
     1
 40
30.0
176
     1
 62
     7
420
 16777215
176
     1
 90
        1
176
     1
 90
        4
176
     1
 62
     7
176
     1
 62
   257
176
     1
 90
        7
176
     1
 90
        7
176
     1
 40
1.0
176
     1
 90
        8
176
     1
 62
     7
176
     1
 40
1.0
176
     1
 90
        1
176
     1
 90
        6
176
     1
 90
        2
176
     1
 62
     7
176
     1
 90
        5
176
     1
 90
        0
176
     1
 90
        0
176
     1
290
     0
176
     1
 90
        1
176
     1
 40
0.0
176
     1
 90
        0
176
     1
290
     0
176
     1
290
     1
176
     1
290
     1
176
     1
290
     0
176
     1
290
     0
176
     1
290
     0
176
     1
290
     0
176
     1
290
     0
176
     1
290
     0
176
     1
 90
       50
176
     1
 40
0.0
176
     1
 40
1.0
176
     1
 90
        0
176
     1
 62
    18
420
        0
176
     1
 90
       50
176
     1
 90
        3
176
     1
 62
     5
420
      255
176
     1
290
     0
176
     1
 90
       50
176
     1
 90
       50
176
     1
 90
       50
176
     1
290
     0
176
     1
 90
       50
176
     1
 62
   256
176
     0
 40
1.0
176
     0
 90
        2
176
     1
  1
strokes_ogs.tif
176
     1
290
     0
176
     1
 40
1.0
176
     1
 40
1.0
176
     1
  0
VISUALSTYLE
  5
174
102
{ACAD_REACTORS
330
99
102
}
330
99
100
AcDbVisualStyle
  2
OverhangOff
 70
    21
177
     3
291
     1
 70
    58
 90
        2
176
     0
 90
        2
176
     0
 90
        0
176
     0
 90
        0
176
     0
 40
0.6
176
     0
 40
30.0
176
     0
 62
     7
420
 16777215
176
     0
 90
        1
176
     0
 90
        4
176
     0
 62
     7
176
     0
 62
   257
176
     0
 90
        1
176
     0
 90
        1
176
     0
 40
1.0
176
     0
 90
        9
176
     2
 62
     7
176
     0
 40
1.0
176
     0
 90
        1
176
     0
 90
        6
176
     0
 90
        2
176
     0
 62
     7
176
     0
 90
        5
176
     0
 90
        0
176
     0
 90
        0
176
     0
290
     0
176
     0
 90
        1
176
     0
 40
0.0
176
     0
 90
        0
176
     0
290
     0
176
     1
290
     1
176
     1
290
     1
176
     1
290
     0
176
     1
290
     0
176
     1
290
     0
176
     1
290
     0
176
     1
290
     0
176
     1
290
     0
176
     1
 90
       50
176
     1
 40
0.0
176
     1
 40
1.0
176
     1
 90
        0
176
     1
 62
    18
420
        0
176
     1
 90
       50
176
     1
 90
        3
176
     1
 62
     5
420
      255
176
     1
290
     0
176
     1
 90
       50
176
     1
 90
       50
176
     1
 90
       50
176
     1
290
     0
176
     1
 90
       50
176
     1
 62
   256
176
     0
 40
1.0
176
     0
 90
        2
176
     1
  1
strokes_ogs.tif
176
     1
290
     0
176
     1
 40
1.0
176
     1
 40
1.0
176
     1
  0
VISUALSTYLE
  5
A3
102
{ACAD_REACTORS
330
99
102
}
330
99
100
AcDbVisualStyle
  2
Realistic
 70
     8
177
     3
291
     0
 70
    58
 90
        2
176
     1
 90
        3
176
     1
 90
        0
176
     1
 90
        2
176
     1
 40
0.6
176
     1
 40
30.0
176
     1
 62
     7
420
 16777215
176
     1
 90
        0
176
     1
 90
        0
176
     1
 62
     7
176
     1
 62
   257
176
     1
 90
        1
176
     1
 90
        1
176
     1
 40
1.0
176
     1
 90
        8
176
     1
 62
   257
176
     1
 40
1.0
176
     1
 90
        1
176
     1
 90
        6
176
     1
 90
        2
176
     1
 62
     7
176
     1
 90
        3
176
     1
 90
        0
176
     1
 90
        0
176
     1
290
     0
176
     1
 90
       13
176
     1
 40
0.0
176
     1
 90
        0
176
     1
290
     0
176
     1
290
     1
176
     1
290
     1
176
     1
290
     0
176
     1
290
     0
176
     1
290
     0
176
     1
290
     0
176
     1
290
     0
176
     1
290
     0
176
     1
 90
       50
176
     1
 40
0.0
176
     1
 40
1.0
176
     1
 90
        0
176
     1
 62
    18
420
        0
176
     1
 90
       50
176
     1
 90
        3
176
     1
 62
     5
420
      255
176
     1
290
     0
176
     1
 90
       50
176
     1
 90
       50
176
     1
 90
       50
176
     1
290
     0
176
     1
 90
       50
176
     1
 62
   256
176
     0
 40
1.0
176
     0
 90
        2
176
     1
  1
strokes_ogs.tif
176
     1
290
     0
176
     1
 40
1.0
176
     1
 40
1.0
176
     1
  0
VISUALSTYLE
  5
182
102
{ACAD_REACTORS
330
99
102
}
330
99
100
AcDbVisualStyle
  2
Shaded
 70
    27
177
     3
291
     0
 70
    58
 90
        2
176
     1
 90
        2
176
     1
 90
        1
176
     1
 90
        2
176
     1
 40
0.6
176
     1
 40
30.0
176
     1
 62
     7
420
 16777215
176
     1
 90
        0
176
     1
 90
        4
176
     1
 62
     7
176
     1
 62
   257
176
     1
 90
        1
176
     1
 90
        1
176
     1
 40
1.0
176
     1
 90
        8
176
     1
 62
   257
176
     1
 40
1.0
176
     1
 90
        1
176
     1
 90
        6
176
     1
 90
        2
176
     1
 62
     8
420
  7895160
176
     1
 90
        3
176
     1
 90
        0
176
     1
 90
        0
176
     1
290
     0
176
     1
 90
        5
176
     1
 40
0.0
176
     1
 90
        0
176
     1
290
     0
176
     1
290
     1
176
     1
290
     1
176
     1
290
     0
176
     1
290
     0
176
     1
290
     0
176
     1
290
     0
176
     1
290
     0
176
     1
290
     0
176
     1
 90
       50
176
     1
 40
0.0
176
     1
 40
1.0
176
     1
 90
        0
176
     1
 62
    18
420
        0
176
     1
 90
       50
176
     1
 90
        3
176
     1
 62
     5
420
      255
176
     1
290
     0
176
     1
 90
       50
176
     1
 90
       50
176
     1
 90
       50
176
     1
290
     0
176
     1
 90
       50
176
     1
 62
   256
176
     0
 40
1.0
176
     0
 90
        2
176
     1
  1
strokes_ogs.tif
176
     1
290
     0
176
     1
 40
1.0
176
     1
 40
1.0
176
     1
  0
VISUALSTYLE
  5
181
102
{ACAD_REACTORS
330
99
102
}
330
99
100
AcDbVisualStyle
  2
Shaded with edges
 70
    26
177
     3
291
     0
 70
    58
 90
        2
176
     1
 90
        2
176
     1
 90
        1
176
     1
 90
        2
176
     1
 40
0.6
176
     1
 40
30.0
176
     1
 62
     7
420
 16777215
176
     1
 90
        1
176
     1
 90
        2
176
     1
 62
     7
176
     1
 62
   257
176
     1
 90
        2
176
     1
 90
        1
176
     1
 40
1.0
176
     1
 90
        8
176
     1
 62
   257
176
     1
 40
1.0
176
     1
 90
        1
176
     1
 90
        6
176
     1
 90
        2
176
     1
 62
     7
176
     1
 90
        3
176
     1
 90
        0
176
     1
 90
        0
176
     1
290
     0
176
     1
 90
        5
176
     1
 40
0.0
176
     1
 90
        0
176
     1
290
     0
176
     1
290
     1
176
     1
290
     1
176
     1
290
     0
176
     1
290
     0
176
     1
290
     0
176
     1
290
     0
176
     1
290
     0
176
     1
290
     0
176
     1
 90
       50
176
     1
 40
0.0
176
     1
 40
1.0
176
     1
 90
        0
176
     1
 62
    18
420
        0
176
     1
 90
       50
176
     1
 90
        3
176
     1
 62
     5
420
      255
176
     1
290
     0
176
     1
 90
       50
176
     1
 90
       50
176
     1
 90
       50
176
     1
290
     0
176
     1
 90
       50
176
     1
 62
   256
176
     0
 40
1.0
176
     0
 90
        2
176
     1
  1
strokes_ogs.tif
176
     1
290
     0
176
     1
 40
1.0
176
     1
 40
1.0
176
     1
  0
VISUALSTYLE
  5
17E
102
{ACAD_REACTORS
330
99
102
}
330
99
100
AcDbVisualStyle
  2
Shades of Gray
 70
    23
177
     3
291
     0
 70
    58
 90
        2
176
     1
 90
        2
176
     1
 90
        3
176
     1
 90
        0
176
     1
 40
0.6
176
     1
 40
30.0
176
     1
 62
     7
420
 16777215
176
     1
 90
        2
176
     1
 90
        2
176
     1
 62
     7
176
     1
 62
     7
176
     1
 90
        1
176
     1
 90
        1
176
     1
 40
40.0
176
     1
 90
        8
176
     1
 62
     7
176
     1
 40
1.0
176
     1
 90
        1
176
     1
 90
        6
176
     1
 90
        2
176
     1
 62
     7
176
     1
 90
        3
176
     1
 90
        0
176
     1
 90
        0
176
     1
290
     0
176
     1
 90
        1
176
     1
 40
0.0
176
     1
 90
        0
176
     1
290
     0
176
     1
290
     1
176
     1
290
     1
176
     1
290
     0
176
     1
290
     0
176
     1
290
     0
176
     1
290
     0
176
     1
290
     0
176
     1
290
     0
176
     1
 90
       50
176
     1
 40
0.0
176
     1
 40
1.0
176
     1
 90
        0
176
     1
 62
    18
420
        0
176
     1
 90
       50
176
     1
 90
        3
176
     1
 62
     5
420
      255
176
     1
290
     0
176
     1
 90
       50
176
     1
 90
       50
176
     1
 90
       50
176
     1
290
     0
176
     1
 90
       50
176
     1
 62
   256
176
     0
 40
1.0
176
     0
 90
        2
176
     1
  1
strokes_ogs.tif
176
     1
290
     0
176
     1
 40
1.0
176
     1
 40
1.0
176
     1
  0
VISUALSTYLE
  5
17F
102
{ACAD_REACTORS
330
99
102
}
330
99
100
AcDbVisualStyle
  2
Sketchy
 70
    24
177
     3
291
     0
 70
    58
 90
        1
176
     1
 90
        2
176
     1
 90
        2
176
     1
 90
        0
176
     1
 40
0.6
176
     1
 40
30.0
176
     1
 62
     7
420
 16777215
176
     1
 90
        2
176
     1
 90
        2
176
     1
 62
     7
176
     1
 62
     7
176
     1
 90
        1
176
     1
 90
        1
176
     1
 40
40.0
176
     1
 90
       11
176
     1
 62
     7
176
     1
 40
1.0
176
     1
 90
        1
176
     1
 90
        6
176
     1
 90
        2
176
     1
 62
     7
176
     1
 90
        6
176
     1
 90
        0
176
     1
 90
        0
176
     1
290
     0
176
     1
 90
        1
176
     1
 40
0.0
176
     1
 90
        0
176
     1
290
     0
176
     1
290
     1
176
     1
290
     1
176
     1
290
     0
176
     1
290
     0
176
     1
290
     0
176
     1
290
     0
176
     1
290
     0
176
     1
290
     0
176
     1
 90
       50
176
     1
 40
0.0
176
     1
 40
1.0
176
     1
 90
        0
176
     1
 62
    18
420
        0
176
     1
 90
       50
176
     1
 90
        3
176
     1
 62
     5
420
      255
176
     1
290
     0
176
     1
 90
       50
176
     1
 90
       50
176
     1
 90
       50
176
     1
290
     0
176
     1
 90
       50
176
     1
 62
   256
176
     0
 40
1.0
176
     0
 90
        2
176
     1
  1
strokes_ogs.tif
176
     1
290
     0
176
     1
 40
1.0
176
     1
 40
1.0
176
     1
  0
VISUALSTYLE
  5
A6
102
{ACAD_REACTORS
330
99
102
}
330
99
100
AcDbVisualStyle
  2
Thicken
 70
    13
177
     3
291
     1
 70
    58
 90
        2
176
     1
 90
        2
176
     1
 90
        1
176
     1
 90
        0
176
     1
 40
0.6
176
     1
 40
30.0
176
     1
 62
     7
420
 16777215
176
     1
 90
        1
176
     1
 90
        4
176
     1
 62
     7
176
     1
 62
   257
176
     1
 90
        1
176
     1
 90
        1
176
     1
 40
1.0
176
     1
 90
       12
176
     1
 62
     7
176
     1
 40
1.0
176
     1
 90
        1
176
     1
 90
        6
176
     1
 90
        2
176
     1
 62
     7
176
     1
 90
        5
176
     1
 90
        0
176
     1
 90
        0
176
     1
290
     0
176
     1
 90
        1
176
     1
 40
0.0
176
     1
 90
        0
176
     1
290
     0
176
     1
290
     1
176
     1
290
     1
176
     1
290
     0
176
     1
290
     0
176
     1
290
     0
176
     1
290
     0
176
     1
290
     0
176
     1
290
     0
176
     1
 90
       50
176
     1
 40
0.0
176
     1
 40
1.0
176
     1
 90
        0
176
     1
 62
    18
420
        0
176
     1
 90
       50
176
     1
 90
        3
176
     1
 62
     5
420
      255
176
     1
290
     0
176
     1
 90
       50
176
     1
 90
       50
176
     1
 90
       50
176
     1
290
     0
176
     1
 90
       50
176
     1
 62
   256
176
     0
 40
1.0
176
     0
 90
        2
176
     1
  1
strokes_ogs.tif
176
     1
290
     0
176
     1
 40
1.0
176
     1
 40
1.0
176
     1
  0
VISUALSTYLE
  5
A0
102
{ACAD_REACTORS
330
99
102
}
330
99
100
AcDbVisualStyle
  2
Wireframe
 70
     5
177
     3
291
     0
 70
    58
 90
        0
176
     1
 90
        2
176
     1
 90
        0
176
     1
 90
        0
176
     1
 40
0.6
176
     1
 40
30.0
176
     1
 62
     7
420
 16777215
176
     1
 90
        1
176
     1
 90
        4
176
     1
 62
     7
176
     1
 62
   257
176
     1
 90
        1
176
     1
 90
        1
176
     1
 40
1.0
176
     1
 90
        0
176
     1
 62
   257
176
     1
 40
1.0
176
     1
 90
        1
176
     1
 90
        6
176
     1
 90
        2
176
     1
 62
     7
176
     1
 90
        3
176
     1
 90
        0
176
     1
 90
        0
176
     1
290
     0
176
     1
 90
        1
176
     1
 40
0.0
176
     1
 90
        0
176
     1
290
     0
176
     1
290
     1
176
     1
290
     1
176
     1
290
     0
176
     1
290
     0
176
     1
290
     0
176
     1
290
     0
176
     1
290
     0
176
     1
290
     0
176
     1
 90
       50
176
     1
 40
0.0
176
     1
 40
1.0
176
     1
 90
        0
176
     1
 62
    18
420
        0
176
     1
 90
       50
176
     1
 90
        3
176
     1
 62
     5
420
      255
176
     1
290
     0
176
     1
 90
       50
176
     1
 90
       50
176
     1
 90
       50
176
     1
290
     0
176
     1
 90
       50
176
     1
 62
   256
176
     0
 40
1.0
176
     0
 90
        2
176
     1
  1
strokes_ogs.tif
176
     1
290
     0
176
     1
 40
1.0
176
     1
 40
1.0
176
     1
  0
VISUALSTYLE
  5
180
102
{ACAD_REACTORS
330
99
102
}
330
99
100
AcDbVisualStyle
  2
X-Ray
 70
    25
177
     3
291
     0
 70
    58
 90
        2
176
     1
 90
        2
176
     1
 90
        1
176
     1
 90
        1
176
     1
 40
0.5
176
     1
 40
30.0
176
     1
 62
     7
420
 16777215
176
     1
 90
        1
176
     1
 90
        0
176
     1
 62
     7
176
     1
 62
   257
176
     1
 90
        1
176
     1
 90
        1
176
     1
 40
1.0
176
     1
 90
        8
176
     1
 62
     7
176
     1
 40
1.0
176
     1
 90
        1
176
     1
 90
        6
176
     1
 90
        2
176
     1
 62
     7
176
     1
 90
        3
176
     1
 90
        0
176
     1
 90
        0
176
     1
290
     0
176
     1
 90
       13
176
     1
 40
0.0
176
     1
 90
        0
176
     1
290
     0
176
     1
290
     1
176
     1
290
     1
176
     1
290
     0
176
     1
290
     0
176
     1
290
     0
176
     1
290
     0
176
     1
290
     0
176
     1
290
     0
176
     1
 90
       50
176
     1
 40
0.0
176
     1
 40
1.0
176
     1
 90
        0
176
     1
 62
    18
420
        0
176
     1
 90
       50
176
     1
 90
        3
176
     1
 62
     5
420
      255
176
     1
290
     0
176
     1
 90
       50
176
     1
 90
       50
176
     1
 90
       50
176
     1
290
     0
176
     1
 90
       50
176
     1
 62
   256
176
     0
 40
1.0
176
     0
 90
        2
176
     1
  1
strokes_ogs.tif
176
     1
290
     0
176
     1
 40
1.0
176
     1
 40
1.0
176
     1
  0
DICTIONARYVAR
  5
F0
102
{ACAD_REACTORS
330
66
102
}
330
66
100
DictionaryVariables
280
     0
  1
1:1
  0
DICTIONARYVAR
  5
EF
102
{ACAD_REACTORS
330
66
102
}
330
66
100
DictionaryVariables
280
     0
  1
STANDARD
  0
DICTIONARYVAR
  5
89
102
{ACAD_REACTORS
330
66
102
}
330
66
100
DictionaryVariables
280
     0
  1
STANDARD
  0
DICTIONARYVAR
  5
1B7
102
{ACAD_REACTORS
330
66
102
}
330
66
100
DictionaryVariables
280
     0
  1
Imperial24
  0
DICTIONARYVAR
  5
1B8
102
{ACAD_REACTORS
330
66
102
}
330
66
100
DictionaryVariables
280
     0
  1
Imperial24
  0
DICTIONARYVAR
  5
67
102
{ACAD_REACTORS
330
66
102
}
330
66
100
DictionaryVariables
280
     0
  1
2
  0
DICTIONARYVAR
  5
6B
102
{ACAD_REACTORS
330
66
102
}
330
66
100
DictionaryVariables
280
     0
  1
1
  0
DICTIONARYVAR
  5
14D
102
{ACAD_REACTORS
330
66
102
}
330
66
100
DictionaryVariables
280
     0
  1
0
  0
DICTIONARYVAR
  5
14E
102
{ACAD_REACTORS
330
66
102
}
330
66
100
DictionaryVariables
280
     0
  1
0
  0
XRECORD
  5
32CF
102
{ACAD_REACTORS
330
1F6
102
}
330
1F6
100
AcDbXrecord
280
     1
1000
ADE02C001
1070
     1
1070
     0
1002
{
1002
}
1002
{
1002
}
1002
{
1002
}
1000

  0
XRECORD
  5
2716
102
{ACAD_REACTORS
330
2715
102
}
330
2715
100
AcDbXrecord
280
     1
330
2922
  0
ACAD_PROXY_OBJECT
  5
1F1
102
{ACAD_REACTORS
330
1E0
102
}
330
1E0
100
AcDbProxyObject
 90
      499
 91
      529
 71
    31
 97
       81
 70
     0
162
                 0
161
                10
310
404C
 94
        0
  0
ACAD_PROXY_OBJECT
  5
1E5
102
{ACAD_REACTORS
330
1E0
102
}
330
1E0
100
AcDbProxyObject
 90
      499
 91
      521
 71
    31
 97
       81
 70
     0
162
                 0
161
                12
310
406C
 94
        0
  0
DATATABLE
  5
1E4
102
{ACAD_REACTORS
330
1E0
102
}
330
1E0
100
AcDbDataTable
 70
     2
 90
        4
 91
       15
  1

 92
        3
  2
OriginalClassName
  3
AcMapDMDefaultStyle
  3
AcMapDMEntityStyle
  3
AcMapDMRasterStyle
  3
AcMapDMSEAnnotationStyle
  3
AcMapDMSEHatchStyle
  3
AcMapDMSETextStyle
  3
AcMapDMThematicStyle
  3
AcMapDMBaseElement
  3
AcMapDMAttachedDwgsQueryElement
  3
AcMapDMFeatureElement
  3
AcMapDMLayerElement
  3
AcMapDMCurrentDwgQueryElement
  3
AcMapDMRasterElement
  3
AcMapDMTopoElement
  3
AcMapDMTopoQueryElement
 92
        3
  2
ProxyDisplayName
  3
Default
  3
Entity
  3
Raster
  3
Annotation
  3
Hatch
  3
Text
  3
Thematic
  3
Map Base
  3
Ade Query
  3
Feature Class
  3
Layer
  3
Ade Project Query
  3
Raster
  3
Topology
  3
Topology Query
 92
        1
  2
CustomObjectType
 93
        2
 93
        2
 93
        2
 93
        2
 93
        2
 93
        2
 93
        2
 93
        1
 93
        1
 93
        1
 93
        1
 93
        1
 93
        1
 93
        1
 93
        1
 92
        1
  2
StyleCoExistanceType
 93
        1
 93
        1
 93
        1
 93
        1
 93
        1
 93
        1
 93
        2
 93
        0
 93
        0
 93
        0
 93
        0
 93
        0
 93
        0
 93
        0
 93
        0
  0
ACAD_PROXY_OBJECT
  5
1E1
102
{ACAD_REACTORS
330
1E0
102
}
330
1E0
100
AcDbProxyObject
 90
      499
 91
      517
 71
    31
 97
       81
 70
     0
162
               186
311
42D1001A401CC01C001B0018401E40134018401C000C400C
161
                38
310
4050100404
350
1E7
340
1E7
340
1E7
 94
        0
  0
ACAD_PROXY_OBJECT
  5
1E2
102
{ACAD_REACTORS
330
1E0
102
}
330
1E0
100
AcDbProxyObject
 90
      499
 91
      518
 71
    31
 97
       81
 70
     0
162
                 0
161
                20
310
40501C
360
1E3
 94
        0
  0
DICTIONARY
  5
1F2
102
{ACAD_REACTORS
330
1E0
102
}
330
1E0
100
AcDbDictionary
281
     1
  0
DICTIONARY
  5
194
330
22
100
AcDbDictionary
280
     1
281
     1
  0
DICTIONARY
  5
188
330
97
100
AcDbDictionary
280
     1
281
     1
  3
FBXASSET
360
189
  0
DICTIONARY
  5
186
330
96
100
AcDbDictionary
280
     1
281
     1
  3
FBXASSET
360
187
  0
DICTIONARY
  5
110
330
98
100
AcDbDictionary
280
     1
281
     1
  3
BUMPTILE
360
112
  3
DIFFUSETILE
360
111
  3
FBXASSET
360
18A
  3
OPACITYTILE
360
113
  3
REFLECTIONTILE
360
114
  0
DICTIONARY
  5
32EE
330
1E9
100
AcDbDictionary
280
     1
281
     1
  3
ACAD_ROUNDTRIP_2008_TABLESTYLE_CELLSTYLEMAP
360
32EF
  0
DICTIONARY
  5
104
330
87
100
AcDbDictionary
280
     1
281
     1
  3
ACAD_ROUNDTRIP_2008_TABLESTYLE_CELLSTYLEMAP
360
32ED
  0
ACAD_PROXY_OBJECT
  5
1E7
102
{ACAD_REACTORS
330
1E1
330
1EA
102
}
330
1E1
100
AcDbProxyObject
 90
      499
 91
      523
 71
    31
 97
       81
 70
     0
162
               168
311
40CC2BBE2F04AB1064C006500670065006E006400A00
161
               837
310
4050140501404FFFFFFFFFFFFEF7FA0D1FFFFFFFFFFFFDEFFA00000000000004202027FFFFFFFFFFFF7BF9C30B55D6AA3147D1FAD1BB6966A129D4D90071B983CAD80D16402A4E15F1B47711D0033CAD90A1E3A3440868602B73E7CABC803AD2C8C8535A24A025080C
330
0
360
1EA
360
1EB
 94
        0
  0
ACAD_PROXY_OBJECT
  5
1E3
102
{ACAD_REACTORS
330
1E2
102
}
330
1E2
100
AcDbProxyObject
 90
      499
 91
      519
 71
    31
 97
       81
 70
     0
162
               138
311
4215359D2E9735373088002930B0341F31CC
161
                12
310
406C
 94
        0
  0
XRECORD
  5
189
102
{ACAD_REACTORS
330
188
102
}
330
188
100
AcDbXrecord
280
     1
 70
     1
 90
429727718
  1
508B35C9-AEE7-456F-BE74-D52651303AC6
310
504B03040A0000080000B670623B3DEE336E79000000790000001B0000006175746F6465736B2D64657369676E2D7061636B6167652E786D6C3C3F786D6C2076657273696F6E3D22312E302220656E636F64696E673D227574662D3822203F3E3C666F726D6174733E3C666F726D61743E687474703A2F2F736368656D612E
310
6175746F6465736B2E636F6D2F64657369676E2D7061636B6167652F323030393C2F666F726D61743E3C2F666F726D6174733E504B0304140006080800B670623BD486FD9CA0000000F4000000130000005B436F6E74656E745F54797065735D2E786D6C7D8EC10E82300C865F65E91D8A1E8C310C0EEA1BF002731658846E
310
D98AC1B77784ABF1D8FE5FBFBF75BBCE937A534CCEB38643598122B6FEE978D0B0485F9C41B54DDD7D022595594E1A469170414C76A4D9A4D207E29CF43ECE46F218070CC6BECC4078ACAA135ACF422C856C0E68EA1BF5669944DDD7BCDE7B1F8E415D77AECB980613C2E4AC91FC167A2B244592486606FC29C8FD7F045B9A
310
EF7053A7E60B504B0304140006080800B670623B28ED286BEB0000007C01000008000000636F72652E786D6C8D90416EC3201045AF82665B6183218D6D61A254764FD00B204C5C94182C03558F5F9C3852BBEB6A467FFE9B197D71FA9E6FE8CBACC17AD7012D0820E3B41FAD9B3A48F1826B40272956EFE32F1B20A766D3C1
310
268314D3EAD3B24BDABB685CCCAAF3A3D94515828980F42D371D04FD696655A814B3235C8B45E9AB9A4C419F5D8653B2237A1CB163DE672FD6AC209BF3C08E0D1B30EB19C3FC9D72FCC6EB231EFA33EDE96BDD341517E5064B11EDFCBCAF57A3A2194156843498524CAA0FCA5B7268F9E185D42D21A2DCEC7FA0B48CFF8492
310
759155FBBB0F2C80A4F991FB408A72CB22977B50B96EB9C91F504B0304140006080800B670623B55019EA25F0000007C00000007000000636E782E786D6C4DCB3B0E80201045D1AD90E915ED2CF8AC45050C11660C8261F98AB1B07AC9C97D42D718D865D3E909258CFD00CCE24AC6E326A164D74DC0B4128928FF32603847
310
2BA13128B1252AC747C6BAB984FC68F0B87FE8960A5C09FE86CFB69FBA01504B0304140006080800B670623B7BC41AC871010000D40300000C0000006662782F636F72652E786D6CC553ED6E8320147D15C2DF4501B56B6D90A64BBB27D80B50A5CE54C120983EFEAE1F4DD7A56BBA5FF3879273EEE59E7310BE393735EA95
310
ED2AA333CC428A91D2B9292A5D66D8BB63B0C26823B835C67D2BC348CB46657880B1E0A535BE9DA1DC68A7B403549B42CDA0EC3AE530CA6B5864B8CB3F552343E91D5474A7B095F949962A6421D0502778E72C0840D390E18DC5F170E664C205F7BE2A66B62A605A75AC94C522DDEEE3651AEF837817C741F2CE92E02D592D
310
83FD6ECB76EC7595A651C2C9D02CB8AB9A8BBADC2AE954814544691A3016D0E883256BBA58278B17BA5A53CAC9507ED3E4DBE2C9265F691747B3DCA9ADC382819091F8E1162272A8933DE82182932144F88C09DF060D8140C84E1EEA8B8F1340BDCA9DB1093085F157AA97B557309586747CD0EF0B4EA64E983A6E0EAEEFCE
310
889E9EF17847386AA94B30211D2C0FDE0D3AF9A4610EAD5536E8DD1969631B593F67E381C33F5157F17725E5A636F6BF1491F980C8FC7B90E13E8A2F504B0304140006080800B670623B70102A487D0000009D0000000B0000006662782F636E782E786D6C4DCCD10A83201886E15B91FFDC95A5C30335ACCDFB886521330D
310
A76397BF1A1DECE883878F57749FD5A3B74D2F17830472A901D9F088930B8B849267CC01754AA418F3DF0D5018572BE160506249B16C274D761E8BCFBB7A179E27F65CB39A0F14D396184C9921B81F34C3ACA1B4B99ABB6E6F062A25AA5F69DF23ACBE504B0304140006080800B670623B3610CA3329010000120200003100
310
00006662782F42384135303843342D343331462D343546312D424341352D3532343432364645413344462F636F72652E786D6C8D515B6EC32010BC0AE22B55850D0E446E848992B43E412FE000495162B07854397EA176A4F62F3F2C9A9D991D58BEBB8F37F0AD7D30CE76905418026DA553C65E3A98E219B510EC04F7CEC5
310
3F3408EC30EA0E16180A7EF12E4D0B249D8DDAC68C5AA7F4020E21E80881BCE54B0783FCD2E3500D296646B856D320AFC34557A4CAEDCC133C449F0380794839A138B47B86DB2345744D7A44594FD0E1B867883594369BFE63BF7EEF793D0B054FC9A8456E548E63CE46FB674D8A58F068C6477CE9F510B582A2C1F80D1182
310
70F349E816B32D65AFB8DD62CCEB42FF274A937A52948C8DEB66893BCB021484D7734370E5D2E9F608A3EF93F3119479ABA0E50B14B8C298119A43CCC4FCFCECB8A18B6388CEE7EF5D5D4F994BD86CBBA182D76543B9FCAE2FD7B24DF103504B0304140006080800B670623B1B8617914E0100003303000030000000666278
310
2F42384135303843342D343331462D343546312D424341352D3532343432364645413344462F636E782E786D6CD593C16EC32010447F0571AD6CE3D489D20813A9877E410FBD62D82434182CC055F3F75D1292E692438FBD206B7698593D61BEFD1E2DF982108D773D6D6B460938E5B571FB9ECE6957AD29D90A1EBC4F7736
310
4A9C1CA1A759A682EF839FA72269D8C9D92654AD71C72206887E0E0A22CAF926B15E498B01E0AA19451807D01A34B919F16B070157417138917400F2F6FA41FCF0092A45DEE414C19BDC21783E4BD39D891265658C3D8DEA00A3ACE59CBC8678ACB54CB26EEB6BD7839D7E9348BE70AD9C8321B9BCA7F9A4A26C542347DEE0
310
50F09802D22BA6749A800A394DD62899107273365E3C82CFC6A55557BC06C10774B7ABE7AEC3B0F34CF06446280E154026D0542C187BA9DAB6628BF7B6DBB0E5A65B3EB1F58631DE64BBE083F7B65CC218087E22CABB042E51D1F2268F1FE12B3EA24D40D63E9CFE00120194D60B9D5BC67FE6D39CDF37E20AF817881F504B
310
0304140006080800B670623BBFEF2E3B690500003C100000340000006662782F42384135303843342D343331462D343546312D424341352D3532343432364645413344462F6F626A656374732E786D6CAD575D739B3814FD2B0CFB0C98D84E931D4227B6938EA793B6534F3BFB90198F0099B001899144EAECAFDF231018B0
310
D37A3FFC609090EEE7B94757C1FB7D915B2F54C88CB31BDB7727B64559CC938CA53776A576CE956DBD0F03C1B9EA2DB32D460A7A63EB693B0C52C1ABD24C257447AA5C8D66EF177F5832A68CDA569C13296F6C193FD182B8A4523CA1F2D94D88226EBADBBBBEDB2C1C8A4D05299F46424B222853B014F30C52ACC6287F389C
310
D85E1878FA7B18E87FB36AFAF62AAFF667A83F635211161F291B8999FAB3D5DDC5FCDA99CF6653677679E13B8BFBC5CAF1DF4D27CBCBE5F2FAF6EE1A8AA51290642C117467871F101B91C581D77CEA2C36869F3229E68CD1B8F61F1ED6361B89092D294B90C78C4A68EB793D190E7D1D9BDEE7A91E1B95FDE9F3BCEAEFE809
310
6A6D6F9F7D4B79F4275C90E7A04248AA51D5C4C738DAE06F72885AC4796EBE65D22A88A22223B995679120E2D50EB1542F098381188D4EA111AE3DB043FF20AF6F2B4AE3D7D83D65E5AECA730D4D3BAC91BD05FEA992B565D95F549CD6069B90AB2A63EACA38A45E4B6A87D781574F86817E4C2FCCC72690D62E2729520E37
310
9BAF234797BAF6D62B3BFC781FED37BA1E4F2B2F052FA9501A3E80569BB8F6A9A364D4FA67654E6F803383981F82F21591FF84F23D9882BC896C3FDBCF8C162508933B2E0AE4C69DD43F6BD2BE38DDDBF10BF86CB4FA784D37F3AF16075E67EC9030DECA1FC0A55373F5DFF3378C591FA9BDF485C10B0A8C8BA909E5262639
310
A8E72163488806A595734C81CB77D1DE0ED7604A303B76913CEC0272F412782FF88EFF4636D8AA56DF7B322474C4B767303F625997056C7B032C473C592B36CEBD15F3F9FF5233B7ABCDC74D257624A60F8658567497B14CE1EC3C80B76FD02011038F9EE9EB0F2E12387A9C844D3F09855125116D1D731DF8B43D2CF4E0A0
310
79A020C6BE946BCE0B7EA1E1219331CD73C228AF5A2DDD31A4B1DA918CE91350854D40A71723140BFA92E94E62B0626016CEFA5864A50E5977E8753CEDBEE1CBB7F52780D20E17AF0BA0F5F9B02A3AD07DCC732EB6D1EBB661421BE0C39E21BABF0FE16D22EA6929407C8DE596724C88B749B6DB5512BC7B228ADFD7CB7EA6
310
3A22397E690BA8D5D8D4E40CEC8CDA23C2C0B7D5898640101CEC9C6D331CE328CB93CAFBBAC70A642DF70DF95155945B52F08AA973C23469FD69ADEF84F7BB18F983A8F8C90E37F5D35980B2139A1C523540813E824EF83448CF7C72B598CE97D7CEEDDDDD3B6736BFBC771677EF66CE6A7E7139F7A793E9EDF2B2B3A8B624
310
0CDA13AA5F8388264EC4A0129909F3B7F5A16CEDF08128E97D680ACA4B9BE7B7B58BB638F0B00700EF36AE8B32A705658A68F83EE897FC2B41573190D1CCAF0B92D233A47CFEB019D9809933F67DD1A5467F8CF69AD9A5AE859342D45355448C64F968A371DC2D596ADC6E43D93D1B466F877A64E2893E54F23C4B40388995
310
525E5005DA3983ED45412510D3EFCA13737B3863F74BD30F2A12E5B4B5E489A025CE25500DB855B11ACE5BBFA185D35DD48D8DC3CE7DC69F2944DB42AA6F6CF09BCA622ADD08C7A36E7C6AE18000BAB08E040135C2D21C9D75B3A91B77BB746C403F38018DFE6EC939DD92F16B40BC05294B9CDA035AAD6D330AE27FE4786B
310
8E45145EA34A75BE1C263A676A35A8ACC6297337400BF16C54EF515F3F77CB77EB3583889C754FFA29081AA98E2222ADEF05DA3E63D2EDEA8B8756C05A7FB6CABC4A91CBF325398202CC952E70A008A830324BA200D5E5EF8F5F04C75DB4B0EE3340E071C98B823333B83577596BF3849B69F2085AA0FAFA212F26BEFF5877
310
FDE622B28D88A42E49E43326DA82D31E8CB006401E1DA726059ECEC168F97A6599036306A135688F9AD2E61A6EA178F4CD51974A9F2CCB9F36FE5EBD14601068D9C3BF01504B0304140006080000B670623B000000000000000000000000350000006662782F42384135303843342D343331462D343546312D424341352D35
310
32343432364645413344462F76657274696365732E62696E504B0304140006080800B670623BF270F1330600000004000000360000006662782F42384135303843342D343331462D343546312D424341352D3532343432364645413344462F747269616E676C65732E62696E636660600000504B0304140006080000B67062
310
3B000000000000000000000000370000006662782F42384135303843342D343331462D343546312D424341352D3532343432364645413344462F617474726962757465732E62696E504B0304140006080800B670623B08DA0BD19000000041010000360000006662782F42384135303843342D343331462D343546312D4243
310
41352D3532343432364645413344462F6469726563746F72792E786D6C858F410AC3201045AF22B36F53E9A60B35CBEEBAE80D244E44489C6234F4F835464A48035D0DF398FF9F8AF63D0E6CC63039F212F8F9020C7D47C6792B21C5FE7403D62A1188E2E60C98D7234A5830286103A55745067B9D86B8A3CF9C7F90C11DE6
310
07FB144396D7B6A82D282E9A152AD114D5EF2CB866EEE831B8EEA07A7BB5A8D7D61A2BAAEB7FD5F70921FF497D00504B0304140006080800B670623B3B4606F3FE000000A00100003B0000006662782F42384135303843342D343331462D343546312D424341352D3532343432364645413344462F7265736F75726365732F
310
636F72652E786D6C8D504B6E833010BD0A9A6D65B08134808CA354A427E8052C332156828DFCA97AFC9A40A576D7CDCCE87D344F8F9FBEE647F689CE6B6B7A6039850C8DB2A336530F315C4903D94970676DF82583CCC8197B5861107C72362E3BA4AC096842428D1D7107A5F71820538F74F4E0D50D6799CB1892C2DFF345
310
AABB9C306779A2934E701F5C0A906D4FD609C2A1B7D129F4BCD858C163D4E3AED163FAA9AF1A1D88F67CA98E6D35906AA82A52BFB39ABCD5CD915C86331BD86BD3B665CD8BD52C78D0F34F46E550061C419494B6843142CB0F5677F4D0D58717DA7494F26295FF31C565FCA7296A13AA728FBBD93C0896823C09C18BB5AFB4
310
9E65A6BD762BBE01504B010214000A0000080000B670623B3DEE336E79000000790000001B00000000000000000000000000000000006175746F6465736B2D64657369676E2D7061636B6167652E786D6C504B01021400140006080800B670623BD486FD9CA0000000F40000001300000000000000000000000000B2000000
310
5B436F6E74656E745F54797065735D2E786D6C504B01021400140006080800B670623B28ED286BEB0000007C010000080000000000000000000000000083010000636F72652E786D6C504B01021400140006080800B670623B55019EA25F0000007C000000070000000000000000000000000094020000636E782E786D6C50
310
4B01021400140006080800B670623B7BC41AC871010000D40300000C00000000000000000000000000180300006662782F636F72652E786D6C504B01021400140006080800B670623B70102A487D0000009D0000000B00000000000000000000000000B30400006662782F636E782E786D6C504B01021400140006080800B6
310
70623B3610CA3329010000120200003100000000000000000000000000590500006662782F42384135303843342D343331462D343546312D424341352D3532343432364645413344462F636F72652E786D6C504B01021400140006080800B670623B1B8617914E010000330300003000000000000000000000000000D10600
310
006662782F42384135303843342D343331462D343546312D424341352D3532343432364645413344462F636E782E786D6C504B01021400140006080800B670623BBFEF2E3B690500003C10000034000000000000000000000000006D0800006662782F42384135303843342D343331462D343546312D424341352D35323434
310
32364645413344462F6F626A656374732E786D6C504B01021400140006080000B670623B0000000000000000000000003500000000000000000000000000280E00006662782F42384135303843342D343331462D343546312D424341352D3532343432364645413344462F76657274696365732E62696E504B010214001400
310
06080800B670623BF270F133060000000400000036000000000000000000000000007B0E00006662782F42384135303843342D343331462D343546312D424341352D3532343432364645413344462F747269616E676C65732E62696E504B01021400140006080000B670623B00000000000000000000000037000000000000
310
00000000000000D50E00006662782F42384135303843342D343331462D343546312D424341352D3532343432364645413344462F617474726962757465732E62696E504B01021400140006080800B670623B08DA0BD1900000004101000036000000000000000000000000002A0F00006662782F42384135303843342D3433
310
31462D343546312D424341352D3532343432364645413344462F6469726563746F72792E786D6C504B01021400140006080800B670623B3B4606F3FE000000A00100003B000000000000000000000000000E1000006662782F42384135303843342D343331462D343546312D424341352D3532343432364645413344462F72
310
65736F75726365732F636F72652E786D6C504B0506000000000E000E0080040000651100000000
  0
XRECORD
  5
187
102
{ACAD_REACTORS
330
186
102
}
330
186
100
AcDbXrecord
280
     1
 70
     1
 90
429727718
  1
887D55A9-D0DD-414E-B741-A7DCD4DA2B4C
310
504B03040A0000080000B670623B3DEE336E79000000790000001B0000006175746F6465736B2D64657369676E2D7061636B6167652E786D6C3C3F786D6C2076657273696F6E3D22312E302220656E636F64696E673D227574662D3822203F3E3C666F726D6174733E3C666F726D61743E687474703A2F2F736368656D612E
310
6175746F6465736B2E636F6D2F64657369676E2D7061636B6167652F323030393C2F666F726D61743E3C2F666F726D6174733E504B0304140006080800B670623BD486FD9CA0000000F4000000130000005B436F6E74656E745F54797065735D2E786D6C7D8EC10E82300C865F65E91D8A1E8C310C0EEA1BF002731658846E
310
D98AC1B77784ABF1D8FE5FBFBF75BBCE937A534CCEB38643598122B6FEE978D0B0485F9C41B54DDD7D022595594E1A469170414C76A4D9A4D207E29CF43ECE46F218070CC6BECC4078ACAA135ACF422C856C0E68EA1BF5669944DDD7BCDE7B1F8E415D77AECB980613C2E4AC91FC167A2B244592486606FC29C8FD7F045B9A
310
EF7053A7E60B504B0304140006080800B670623BBC1638F5EC0000007C01000008000000636F72652E786D6C8D90416EC3201045AF82665B61836BE2D8C24471DB9CA01740401C94182C03558F5F9C3852BBEB6A467FFE9B197D7EF89E6EE8CB2CC17AD7032D0820E394D7D68D3DA478C67B4007C117EFE32F1B202727D3C3
310
2A83E0E3E2D3BC49CABB685CCCAAF3DA6CA20CC14440EA969B1E82BA98491632C5EC08D76296EA2A4753D06797E194AC468F2356E77DF66CCD02825543D50CACC62D39ED70FDC68EB8FD68F6F8787A6784342D1DDA1D2F5758F068A7E77DB518198D065111D2624A31A93E69DD11D6D5EC85EC3B4278B9DAFF4069D6FF8492
310
75F1B5DADE7D600104CD8FDC0782976B16B9DC83CA75CD4DFC00504B0304140006080800B670623B55019EA25F0000007C00000007000000636E782E786D6C4DCB3B0E80201045D1AD90E915ED2CF8AC45050C11660C8261F98AB1B07AC9C97D42D718D865D3E909258CFD00CCE24AC6E326A164D74DC0B4128928FF326038
310
472BA13128B1252AC747C6BAB984FC68F0B87FE8960A5C09FE86CFB69FBA01504B0304140006080800B670623B3586FFB671010000D40300000C0000006662782F636F72652E786D6CC553ED6E8320147D15C2DF4541A76D6D90A6DDD627D80B50A4CE54C120983EFEAE1F4DD7A55BBA5FF3879273EEE59E7310B6393735EA
310
95ED2AA3731C851423A5A5292A5DE6D8BB63B0C268C39935C67D29C3488B46E578803167A535BE9D2169B453DA01AA4DA16650749D7218C91A1639EEE4876A4428BC838AEE14B6429E44A9C228041AEA38EB9C0501681A32BC313F1ECE8C4C3867DE57C5CC56054CAB8E95B298A7F12E5EEED224C8E87E11242FE936C8DE96
310
AB60BB7F4D295D66D12E5B30323473E6AAE6A24E5A259C2A308F29CD82280A68FC1E256B9AAE93F489AED694323294DF34F9B678B0C957DA3DC7B3DCA9ADC33C022123F1CD2D44E450277AD04338234388F01913BE0D1A0281909D38D4171F27807A259DB1093085F157AA17B557309586747CD0CF0B46A64E983A6E0EAEEF
310
CE881F9EF1FB8E70D44297604238581EBC1B74B249C31C5AAB6CD0BB33D2C636A27ECCC62F0EFF445DC5DF95244D6DEC7F2922F30191F9F720C37DE49F504B0304140006080800B670623B4220A0FF7D0000009D0000000B0000006662782F636E782E786D6C4DCCD10A83201886E15B91FFDCE542CB0335D0EC3E6259C84A
310
C3E9D8E5AF46073BFAE0E1E315DD675BD1DBA5978F41C2FD4600B9F088930F8B849267CC01754AA418F3DF0D50183727E164506249B1EC174D6E1ECB9A0F5D7D785E68DB8151CD286E5A5363CA6B8A39E90D36D40E96B086F55A43A544F52B1D7B86D517504B0304140006080800B670623B2FA3FEDE290100001202000031
310
0000006662782F45374635344235342D363743322D343832342D383044432D4334454645303536354442422F636F72652E786D6C8D515B6EC32010BC0AE22B55850D2E386E848994D7097A0117488A1283C5A3CAF10BB523B57FF961D1ECCCECC0F2ED7DBC816FED8371B687A4C210682B9D32F6D2C314CFA883602BB8772E
310
FEA141608751F7B0C050F08B77695A20E96CD43666D43AA5177008414708E42D5F7A18E4971E876A483133C2B59A06791D2EBA22556E679EE021FA1C00CC43CA09C5717D6274C7286AD7FB06D1AEA1A8C3873DDAD3E3E98859CB0EBB1DAF67A1E02919B5C88DCA71CCD968FFAC49110B1ECDF8882FBD1EA256503418BF2342
310
106E3E08DD60B6A1EC15771B8C795DE8FF4469524F8A92B1F1AD59E2CEB20005E1F5DC105CB9F4797B84D1F7C9F908CABC55D0F2050A5C61CC1AD2F27A26E6E767C7962E8E213A9FBF7775FDCC5CC266DB960A5E970DE5F2BBBE5CCB36C50F504B0304140006080800B670623B1B8617914E01000033030000300000006662
310
782F45374635344235342D363743322D343832342D383044432D4334454645303536354442422F636E782E786D6CD593C16EC32010447F0571AD6CE3D489D20813A9877E410FBD62D82434182CC055F3F75D1292E692438FBD206B7698593D61BEFD1E2DF982108D773D6D6B460938E5B571FB9ECE6957AD29D90A1EBC4F77
310
364A9C1CA1A759A682EF839FA72269D8C9D92654AD71C72206887E0E0A22CAF926B15E498B01E0AA19451807D01A34B919F16B070157417138917400F2F6FA41FCF0092A45DEE414C19BDC21783E4BD39D891265658C3D8DEA00A3ACE59CBC8678ACB54CB26EEB6BD7839D7E9348BE70AD9C8321B9BCA7F9A4A26C542347DE
310
E050F09802D22BA6749A800A394DD62899107273365E3C82CFC6A55557BC06C10774B7ABE7AEC3B0F34CF06446280E154026D0542C187BA9DAB6628BF7B6DBB0E5A65B3EB1F58631DE64BBE083F7B65CC218087E22CABB042E51D1F2268F1FE12B3EA24D40D63E9CFE00120194D60B9D5BC67FE6D39CDF37E20AF817881F50
310
4B0304140006080800B670623B29652116630500003C100000340000006662782F45374635344235342D363743322D343832342D383044432D4334454645303536354442422F6F626A656374732E786D6CAD575D739B3814FD2B0CFB0C989834C90EA1639B24E3E9A6EDD4D3CE3E64C623834CD8006224913AFDF57B040203
310
B65BEF871F0C12D2FD3CF7E8CA7FBFCB33E3957291B2E2D674ED8969D02262715A24B76625B7D6B569BC0F7CCE98EC2D338D82E4F4D654D366E0279C55A59E8AE99654991CCDDECFFF3444440B6A1A514684B83545F44C7362934AB2988A173B2692D8C97667BB76B3702836E1A47C1E092D09A78584A5982F20C5688C7287
310
C389E904BEA3BE07BEFAD7ABA6A75739B53F43FD69212429A20365233153D70BEF2E2E6FAC4BCF9B5ADEBB0BD79ADFCF43CBBD9A4E16EF168B9BD9DD0D140BC921495BC2E9D60C1E101B9E46BED37CEA2CD6861F3329624541A3DA7F7858DBAC25C6B4A4458C3CA654405BCFEBC970E8AAD8F43E4FD558ABEC4F9FE7557F47
310
4F506B7BFBEC5BCA367FC105710E2AB8A00A554D7CB4A30DFE26FBA86D18CBF4B75418399194A72433B274C3097F33032C554B027F2046A1932B842B0FCCC0DDCBEBDB8AD2F835768F59B9ADB24C41D30C6A64AF817F2A456D59FA83F2E3DA60137255A585BCD60EC9B7929AC18DEFD49381AF1ED30BFDB109A4B1CD488294
310
C3CDE6EBC8D185AABD6568061FEE37BB95AAC7E3CA4BCE4ACAA5820FA0D526AE7DAA2869B5EE5999531BE0CC20E6FBA07C41E43FA27CF7A6206F3CDD793B4F6B919C1462CB788EDCD893FA674CDA17AB7B3B7C019F8D561FAEE966FED562DFE98C1D12C6A9FC015C2A35D7FF3D7FC398F591DA4B5FE0BFA2C0189FEA50AE22
310
92817A1ED3020951A03432862970F976B33383259812CC8E5D240BBA801CBCF8CE2BBEE3BF910DB6AAD5F79E05123AE2DB33981FB1ACCB02B69D00CB014FD68AB573A7627EF9BFD4CC2C5C7D58557C4B22FAA88925A4DBB44825CECE3D78FB060D1231F0E885BE7D673C86A3874958F593906B5502D1563157814FDAC3420D
310
F69A070A22EC4B98E23CFF171A1E5311D12C23056555ABA53B8614563B92D17D02AAB009E8F46284624E5F53D5490C560CCCC2591FF1B45421EB0EBD8EA7ED13BE7C5D7E0428CD60FEF60779EB13E6664FF711CB185F6FDED60D139A001FF60CD1FD6D086F1D51474901E26B2CB794A343BC8ED3EDB612E0DD2351FCB65CF4
310
33D511C9E14B5B40ADC6A6263DB0336A8F700DDF56271A024E70B0B3629DE21847591E55DED73D56206AB927E46FAABC5C939C55853C274C93D69FD6FA4E78BF8B11DF898C9ECD60553FAD39283BA6F18984AA23E8884F83F45C5F5F859797B31B2B9C84A1E5B9DE9D35BFF25C6B76152E422F9C5DCC3D847F5801ED09D5AF
310
41441327A25FF15487F9EB725FB666F048A4701E9A827292E6F97569A32DF61DEC01C0BB8DCBBCCC684E0B49147C1FD54BF685A0AB18C868E6973949E819523E3DAC463660E68C7D9F55A9D1EFA3BD7A76A16AE1A810F95CE59B82A4D968A376DC2E8B44BBDD86B27B368CDE0ED548C7137DA860591A83706223A12CA712B4
310
7306DBF39C0A20A6DF95C7FAF670C6EED7A61F946493D1D6926782963813403548A78AE470DEF80D2D9CEAA26E4D1C76F60BFE74219A06527D6B82DF641A51616F703CAAC6A7160E08A00BEB4810A0274592A1B36E3675E36E978A0DE80727A0D6DF2D39A75BD27E0D8837276589537B40ABB56D5A41F48F1C6FCD3188C4EB
310
A6929D2FFB89CE995A4D00AE813BDD032DC48B56BD437DFDDC2DD7AED70C2272D63DE9A72068A45A92F0A4BE17A8A06B9366E16707AD80B1FC649459952097E74BB23805982B55E0401150A165964402AA8BDF9F3E7386BB686EDCA780C0D382E5392BF460A6EFB2C6EA1937D3F809B440D5F5435C4C5CF7A9EEFAF54564BD
310
2182DA24162F98680B4E7930C21A0079709CEAEB99A372305ABE0C0D7D6078105A83F6A0296DAEE1068A47DD1C55A9F4C9B2FC69E3EFD44B81028E963DF81B504B0304140006080000B670623B000000000000000000000000350000006662782F45374635344235342D363743322D343832342D383044432D433445464530
310
3536354442422F76657274696365732E62696E504B0304140006080800B670623BF270F1330600000004000000360000006662782F45374635344235342D363743322D343832342D383044432D4334454645303536354442422F747269616E676C65732E62696E636660600000504B0304140006080000B670623B00000000
310
0000000000000000370000006662782F45374635344235342D363743322D343832342D383044432D4334454645303536354442422F617474726962757465732E62696E504B0304140006080800B670623B08DA0BD19000000041010000360000006662782F45374635344235342D363743322D343832342D383044432D4334
310
454645303536354442422F6469726563746F72792E786D6C858F410AC3201045AF22B36F53E9A60B35CBEEBAE80D244E44489C6234F4F835464A48035D0DF398FF9F8AF63D0E6CC63039F212F8F9020C7D47C6792B21C5FE7403D62A1188E2E60C98D7234A5830286103A55745067B9D86B8A3CF9C7F90C11DE607FB144396
310
D7B6A82D282E9A152AD114D5EF2CB866EEE831B8EEA07A7BB5A8D7D61A2BAAEB7FD5F70921FF497D00504B0304140006080800B670623B6378F24DFF000000A00100003B0000006662782F45374635344235342D363743322D343832342D383044432D4334454645303536354442422F7265736F75726365732F636F72652E
310
786D6C8D504B6E833010BD0A9A6D65B0094E42641C85B639412F6099496225D8C89FAAC7AF09546A77DDCC8CDE47F3F4C4F16B7C149FE88371B603565228D06A37187BED20C50BD9437194C23B177FC9A0B06AC40E6618A4B87A97A615D2CE46B431A3D60DB8822A048C50E8473E3A08FA86A32A558A5911EEE5A4F45D5DB1
310
6465A6B34E8A107D0E502C4FE609D26370C96B0CA25A58295232C3AA3143FE692E063D485EF7F5AEE71BD2D2F39634AFFC44DAF7DD9E9CCE6F9CD25DCBFA762BAAD92C4534E34F46ED51451C40D694B6843142EB0FD61C283F34FC85EE0F948A6A96FF31A569F8A729191B37F51A77B105902C0779125254735F793DCBCC7B
310
EE567E03504B010214000A0000080000B670623B3DEE336E79000000790000001B00000000000000000000000000000000006175746F6465736B2D64657369676E2D7061636B6167652E786D6C504B01021400140006080800B670623BD486FD9CA0000000F40000001300000000000000000000000000B20000005B436F6E
310
74656E745F54797065735D2E786D6C504B01021400140006080800B670623BBC1638F5EC0000007C010000080000000000000000000000000083010000636F72652E786D6C504B01021400140006080800B670623B55019EA25F0000007C000000070000000000000000000000000095020000636E782E786D6C504B010214
310
00140006080800B670623B3586FFB671010000D40300000C00000000000000000000000000190300006662782F636F72652E786D6C504B01021400140006080800B670623B4220A0FF7D0000009D0000000B00000000000000000000000000B40400006662782F636E782E786D6C504B01021400140006080800B670623B2F
310
A3FEDE290100001202000031000000000000000000000000005A0500006662782F45374635344235342D363743322D343832342D383044432D4334454645303536354442422F636F72652E786D6C504B01021400140006080800B670623B1B8617914E010000330300003000000000000000000000000000D2060000666278
310
2F45374635344235342D363743322D343832342D383044432D4334454645303536354442422F636E782E786D6C504B01021400140006080800B670623B29652116630500003C10000034000000000000000000000000006E0800006662782F45374635344235342D363743322D343832342D383044432D4334454645303536
310
354442422F6F626A656374732E786D6C504B01021400140006080000B670623B0000000000000000000000003500000000000000000000000000230E00006662782F45374635344235342D363743322D343832342D383044432D4334454645303536354442422F76657274696365732E62696E504B01021400140006080800
310
B670623BF270F13306000000040000003600000000000000000000000000760E00006662782F45374635344235342D363743322D343832342D383044432D4334454645303536354442422F747269616E676C65732E62696E504B01021400140006080000B670623B0000000000000000000000003700000000000000000000
310
000000D00E00006662782F45374635344235342D363743322D343832342D383044432D4334454645303536354442422F617474726962757465732E62696E504B01021400140006080800B670623B08DA0BD190000000410100003600000000000000000000000000250F00006662782F45374635344235342D363743322D34
310
3832342D383044432D4334454645303536354442422F6469726563746F72792E786D6C504B01021400140006080800B670623B6378F24DFF000000A00100003B00000000000000000000000000091000006662782F45374635344235342D363743322D343832342D383044432D4334454645303536354442422F7265736F75
310
726365732F636F72652E786D6C504B0506000000000E000E0080040000611100000000
  0
XRECORD
  5
112
102
{ACAD_REACTORS
330
110
102
}
330
110
100
AcDbXrecord
280
     1
270
     1
271
     1
  0
XRECORD
  5
111
102
{ACAD_REACTORS
330
110
102
}
330
110
100
AcDbXrecord
280
     1
270
     1
271
     1
  0
XRECORD
  5
18A
102
{ACAD_REACTORS
330
110
102
}
330
110
100
AcDbXrecord
280
     1
 70
     0
 90
1778669749
  1
9BF507EE-FAF7-4A99-A33D-4EE51894BC40
310
504B03040A0000080000B670623B3DEE336E79000000790000001B0000006175746F6465736B2D64657369676E2D7061636B6167652E786D6C3C3F786D6C2076657273696F6E3D22312E302220656E636F64696E673D227574662D3822203F3E3C666F726D6174733E3C666F726D61743E687474703A2F2F736368656D612E
310
6175746F6465736B2E636F6D2F64657369676E2D7061636B6167652F323030393C2F666F726D61743E3C2F666F726D6174733E504B0304140006080800B670623BD486FD9CA0000000F4000000130000005B436F6E74656E745F54797065735D2E786D6C7D8EC10E82300C865F65E91D8A1E8C310C0EEA1BF002731658846E
310
D98AC1B77784ABF1D8FE5FBFBF75BBCE937A534CCEB38643598122B6FEE978D0B0485F9C41B54DDD7D022595594E1A469170414C76A4D9A4D207E29CF43ECE46F218070CC6BECC4078ACAA135ACF422C856C0E68EA1BF5669944DDD7BCDE7B1F8E415D77AECB980613C2E4AC91FC167A2B244592486606FC29C8FD7F045B9A
310
EF7053A7E60B504B0304140006080800B670623BCA089DFFEC0000007C01000008000000636F72652E786D6C8D90416E83301045AF62CDB632D8402020E32882F604BD80653BC44AB011B6AB1EBF262152BBEB6A467FFE9B197D76FA9EEFE84BAFDE38DB03CD08206DA553C64E3DC470C1474027CE56E7C22F1B202B66DDC3
310
260367D3EAE2B24BD2D9A06D48AA754AEFA2F05E0740F29E9A1EBCBCEA59642286E4F0B76C11F226269DD15797E0188D42CF2346A57DE662F40ABCAEC77628C6120F654571D50C04B7F5B9C1E3997CD4F550BE3745C3F20DE62C98F9755FAE5A04AD801784B498524C8A4F5A75E4D055873772EC0861F966FF03C545FD138A
310
C686B2D8DF7D621E384D8F3C069CE55B16A93C824A75CB8DFF00504B0304140006080800B670623B55019EA25F0000007C00000007000000636E782E786D6C4DCB3B0E80201045D1AD90E915ED2CF8AC45050C11660C8261F98AB1B07AC9C97D42D718D865D3E909258CFD00CCE24AC6E326A164D74DC0B4128928FF326038
310
472BA13128B1252AC747C6BAB984FC68F0B87FE8960A5C09FE86CFB69FBA01504B0304140006080800B670623B68FC0B7272010000D40300000C0000006662782F636F72652E786D6CC5535B6E833010BC8AE5DF0A6C1E8124328E22D29EA01770C0A128602363A31CBFCB234A53A555FA553EC09AD9F5CE8C31DB5DDA060D
310
D2F4B556190E7C8A9154852E6B5565D8D993B7C668C799D1DA7E29C3488956667884316795D1AE5BA0422B2B950554E9522EA0E87B69312A1A5864B82F3E642B7CE12C54F467BF13C55954D20F7CA0A18EB3DE1A1080E621E31BF3D3F1C2C88C73E65C5D2E6C5DC2B4FA544B8379921C36797888BC3C8A032F4E73EA6D927D
310
EA1DF6F42D49F2E8350D5346C666CE6CDD5ED515460A2B4BCC434A375E1078347C0FE22D5D6DE3D50B5D6F2965642CBF6B725DF96493AB958DC245EEDCD6631E809089F8E61622B2A81703E8219C913144F84C09DF070D8140C8561C9BAB8F3340832CAC363130A576376A108D933095FA747AD0CF0B46E64E983A6D0EAE1F
310
CE089F9EF1FB8E70D44255604258581E9D1D75B259C3125A278D37D80B52DAB4A279CEC62F0EFF44DDC43F9454E8469BFF5244960322CBEF41C6FBC83F01504B0304140006080800B670623B0F71DDB67E0000009D0000000B0000006662782F636E782E786D6C4DCCD10A83201886E15B91FFDCA54DB73F502386BB8F5816
310
32D3703976F9ABD1C18E3E78F87855FB990379BBFCF2296AE02706C4C5471A7C9C349475A408A4352AA7B4FEDD80C47E761A7606A3A69CCA72D0E0C6BE8475D3E0E3F3409428EA6B27A84079A782899AA2EC1A7AE3ECCC2FD858CB2D544655BFD2B67BD87C01504B0304140006080800B670623BE134B4FB28010000120200
310
00310000006662782F38353834323741342D343835462D343034322D383541392D4331303331363839454531452F636F72652E786D6C8D515B6EC32010BC0AE22B55850D0EA424C24451959EA0172086A42831583CAA1CBF503B52FB971F16CDCECC0EACD8DFC71BF836215AEF7A481A0C817183D7D65D7A98D3197108F652
310
04EFD31F1A044E8DA6871586525C82CFD3020DDE25E352419DD76601558C264130DCCAA58771F832A36A544E8511AFCDA486ABBA988634A55D7852C4144A00300FA927949C71DABD1D28A29C7D208A6987383B6CD13BC16BB2E1DBE3911C453B0BA5C8D9EA456E758963CFD684674DAA588A64C747FC2118958C86B2C3788B
310
0841B8FB247487D98EB257CC77188BB6D2FF89F2A49F1465EBD2BA5BE2CEB2082511EDDC9042FB7CBA3DC298FBE4430275DE2A9AE1054ADC60CC08E3A29D89E5F9C5714317C7987C28DFBBBA9E0A97B0D97643A568EB864AF95D5FA9759BF207504B0304140006080800B670623B1B8617914E010000330300003000000066
310
62782F38353834323741342D343835462D343034322D383541392D4331303331363839454531452F636E782E786D6CD593C16EC32010447F0571AD6CE3D489D20813A9877E410FBD62D82434182CC055F3F75D1292E692438FBD206B7698593D61BEFD1E2DF982108D773D6D6B460938E5B571FB9ECE6957AD29D90A1EBC4F
310
77364A9C1CA1A759A682EF839FA72269D8C9D92654AD71C72206887E0E0A22CAF926B15E498B01E0AA19451807D01A34B919F16B070157417138917400F2F6FA41FCF0092A45DEE414C19BDC21783E4BD39D891265658C3D8DEA00A3ACE59CBC8678ACB54CB26EEB6BD7839D7E9348BE70AD9C8321B9BCA7F9A4A26C542347
310
DEE050F09802D22BA6749A800A394DD62899107273365E3C82CFC6A55557BC06C10774B7ABE7AEC3B0F34CF06446280E154026D0542C187BA9DAB6628BF7B6DBB0E5A65B3EB1F58631DE64BBE083F7B65CC218087E22CABB042E51D1F2268F1FE12B3EA24D40D63E9CFE00120194D60B9D5BC67FE6D39CDF37E20AF817881F
310
504B0304140006080800B670623B5933D422630500003B100000340000006662782F38353834323741342D343835462D343034322D383541392D4331303331363839454531452F6F626A656374732E786D6CAD575B6FA33814FE2B887D0642934E9B156594264D158D3A534DD4D13E548A0C38942D60649B4EBABF7E3F8321
310
40924EF6928780CDF1B97EE762EFF32E4B8D37CA45C2F21BD3B547A641F39045491EDF98A5DC5AD7A6F1D9F73863B243661A39C9E88DA9B64DDF8B392B0BBD15D12D295339D85DDEFE618890E6D434C2940871638AF08566C426A5641115AF764424B1E3EDCE76ED9AB0CF36E6A47819302D08A7B984A6D8CFC1C5A89572FB
310
CB91E9F89EA3BEFB9EFAD754E3D3544E654F5F7E920B49F2F040D880CDD89D2CEE2E2EA7D6E56432B6269F2E5CEB7679BBB0DCABF168FE693E9FCEEEA6102C240727AD09A75BD3BF876F78127A4EFDA9D5582B7E4CA590E5390D2BFB6161A5B3E618D182E611E2985001691DAB47FDA5AB7CD3F93C566B2DB2BB7D9E55DD13
310
1D468DEECDB3AB290BFE8409E21C54704115AA6AFF68436BFC8DF65E0B184BF5B74418199194272435D224E084BF9B3E481589EFF5D828747285706581E9BB7B7E5D5D911ABFC6EE312DB7659A2A689A7E85EC0DF04FA5A8344BFEA2FCB834E8845895492EAFB541F2BDA0A63FF59C6AD3F7D4637CA13FD68E34B629891172
310
98597F1D183A57B9B75A98FE9765B05BAB7C3C2EBCE0ACA05C2AF8005A4DE09AA7F29216EB9E15397500C6F47CBE77CA7778FE2BD277AF0AE2C693DD6437D1522427B9D8329E2136F6A8FA19A3E6C56ADF0E5F50CF06D48734EDCEBF22F69C56D97EC138153F804B85E6FABFC7AFEFB32E523BE1F3BD372418E363EDCA7548
310
52949E8724474014288D94610BB57C1BEC4C7F854A89CA8E5324F55B871CBC78CE1BBEE3BFE68D6A5589EF3C730474506FCFA8FCF0659516D0ED04580EEA6425581B77CAE797FF4BCECC16EB2FEB926F49481F746159D06D922712BD730FDEAE42BD40F42C7AA5EF3F198F60E86110D6DD20645A9480B795CF95E3E3A659A8
310
C55E724F408873315335CFFB8584874484344D494E59D94869DB90C26A5B64F49C802CAC1D3ABE18A098D3B7444D123D8A9E5AE8F5214F0AE5B2B6E9B575DA3E61CBD3EA2B4009FA940524DD1305FB6A1FB294F14DF0BEA90BA109ECE1481FDC3FFAE8D60E75141700BE82725371B4873751B2DD960265F788137FACE6DD40
310
B575E4F0A5C99F46629D92131467A41EE11ABD8D4CCC039CA0AFB37C93A08B232B8F0AEFCA1E0A1015DF13FC83322B362463652ECF71D3A8B1A7D1BE65DE1D62C44F22C317D35F574FEB16153BA2D13E543D10A80E74C4A65E78A6B7CBCBD1D5DD9DB59C2DAFACC96C3AB566E3F1C29ADCDD5DBAD7D3C9ED7C822ED74F80A6
310
41755310DE4443F44A9E68373FADF6596BFA0F440AE7BECE2727AE9F4F2B1B53B1E7E00CF0DD1E5C65454A339A4BA2D0FBA05ED2EF0443458F47BDBFCA484CCFE0F2ED7E3DD0013B679C7B5499467F0ECEEADDB9CA85A34CE44B99053949D2C1416DB85DE4B136BB7165FBAC0B7AB3542BED4F8CA182A549847A1319316519
310
95A83A67147B9E5101C47487F2485F1ECE38FD568F839204296D3479219888530154036E6528FBFBC66F98E0D4107563A2D7D9AFF8D389681A08F58D89F22693900A3B407754734FC51C10C010D6D640809EE4718AC1BA3ED4AEDB53CA37283F68805A7E4B72CEB0A4EDEAD5DD8C14059A76AFAA56BA6901E13F32BC51C720
310
12AF41295B5BF61BAD3195181FB506E6B40F4C10AF5AF40EF9F5B159AE5DD1F43C72D635E94310D45C2D49785C5D0B94D3B54AB3C5A38349C0587D338AB48C11CBF339599C02CCA54A70A008A8D03C0B2201D5F9EFCF8F9CE12A9A19CB0410789EB32C63B95ECCF455D658BFE0621A3DA32C5075FB101723D77DAE867E7D0F
310
D90444509B44E2151B4DC2290B065803200FBAA9BE9D392A0603F2D5C2D00D6302A615680F66D2FA166E2079D4C551A54AB758161FCEFD4E450A14704CECFEDF504B0304140006080000B670623B000000000000000000000000350000006662782F38353834323741342D343835462D343034322D383541392D4331303331
310
363839454531452F76657274696365732E62696E504B0304140006080800B670623BF270F1330600000004000000360000006662782F38353834323741342D343835462D343034322D383541392D4331303331363839454531452F747269616E676C65732E62696E636660600000504B0304140006080000B670623B000000
310
000000000000000000370000006662782F38353834323741342D343835462D343034322D383541392D4331303331363839454531452F617474726962757465732E62696E504B0304140006080800B670623B08DA0BD19000000041010000360000006662782F38353834323741342D343835462D343034322D383541392D43
310
31303331363839454531452F6469726563746F72792E786D6C858F410AC3201045AF22B36F53E9A60B35CBEEBAE80D244E44489C6234F4F835464A48035D0DF398FF9F8AF63D0E6CC63039F212F8F9020C7D47C6792B21C5FE7403D62A1188E2E60C98D7234A5830286103A55745067B9D86B8A3CF9C7F90C11DE607FB1443
310
96D7B6A82D282E9A152AD114D5EF2CB866EEE831B8EEA07A7BB5A8D7D61A2BAAEB7FD5F70921FF497D00504B0304140006080800B670623BD9A3B367FE000000A00100003B0000006662782F38353834323741342D343835462D343034322D383541392D4331303331363839454531452F7265736F75726365732F636F7265
310
2E786D6C8D504B6E833010BD0A9A6D65B01D0201194711694FD00B586642AD043BF2A7EAF16B122AB5BB6E6646EFA3797AE2F8B5DC8A4FF4C1383B002B291468B59B8C9D0748F1420E501CA5F0CEC55F3228AC5A708015062966EFD27D83B4B3116DCCA875136EA00A012314FA968F0182FEC045952AC5AC08D7F2AEF455CD
310
58B232D3592745883E07289E4FD609D26370C96B0CA27AB252A464A64D63A6FCD35C0C7A904D73EE467EE664DCD58CD4ED4849D79C5A723ED1B7A61977AF2D6F45B59AA58866F9C9A83DAA8813484E6947182394BFB3BAA7FBBEDEBFD0434FA9A856F91F53BA4FFF342563E38E6F719FB60092E5200F428A6AED2BAF479979
310
AFDDCA6F504B010214000A0000080000B670623B3DEE336E79000000790000001B00000000000000000000000000000000006175746F6465736B2D64657369676E2D7061636B6167652E786D6C504B01021400140006080800B670623BD486FD9CA0000000F40000001300000000000000000000000000B20000005B436F6E
310
74656E745F54797065735D2E786D6C504B01021400140006080800B670623BCA089DFFEC0000007C010000080000000000000000000000000083010000636F72652E786D6C504B01021400140006080800B670623B55019EA25F0000007C000000070000000000000000000000000095020000636E782E786D6C504B010214
310
00140006080800B670623B68FC0B7272010000D40300000C00000000000000000000000000190300006662782F636F72652E786D6C504B01021400140006080800B670623B0F71DDB67E0000009D0000000B00000000000000000000000000B50400006662782F636E782E786D6C504B01021400140006080800B670623BE1
310
34B4FB280100001202000031000000000000000000000000005C0500006662782F38353834323741342D343835462D343034322D383541392D4331303331363839454531452F636F72652E786D6C504B01021400140006080800B670623B1B8617914E010000330300003000000000000000000000000000D3060000666278
310
2F38353834323741342D343835462D343034322D383541392D4331303331363839454531452F636E782E786D6C504B01021400140006080800B670623B5933D422630500003B10000034000000000000000000000000006F0800006662782F38353834323741342D343835462D343034322D383541392D4331303331363839
310
454531452F6F626A656374732E786D6C504B01021400140006080000B670623B0000000000000000000000003500000000000000000000000000240E00006662782F38353834323741342D343835462D343034322D383541392D4331303331363839454531452F76657274696365732E62696E504B01021400140006080800
310
B670623BF270F13306000000040000003600000000000000000000000000770E00006662782F38353834323741342D343835462D343034322D383541392D4331303331363839454531452F747269616E676C65732E62696E504B01021400140006080000B670623B0000000000000000000000003700000000000000000000
310
000000D10E00006662782F38353834323741342D343835462D343034322D383541392D4331303331363839454531452F617474726962757465732E62696E504B01021400140006080800B670623B08DA0BD190000000410100003600000000000000000000000000260F00006662782F38353834323741342D343835462D34
310
3034322D383541392D4331303331363839454531452F6469726563746F72792E786D6C504B01021400140006080800B670623BD9A3B367FE000000A00100003B000000000000000000000000000A1000006662782F38353834323741342D343835462D343034322D383541392D4331303331363839454531452F7265736F75
310
726365732F636F72652E786D6C504B0506000000000E000E0080040000611100000000
  0
XRECORD
  5
113
102
{ACAD_REACTORS
330
110
102
}
330
110
100
AcDbXrecord
280
     1
270
     1
271
     1
  0
XRECORD
  5
114
102
{ACAD_REACTORS
330
110
102
}
330
110
100
AcDbXrecord
280
     1
270
     1
271
     1
  0
CELLSTYLEMAP
  5
32EF
102
{ACAD_REACTORS
330
32EE
102
}
330
32EE
100
AcDbCellStyleMap
 90
        3
300
CELLSTYLE
  1
TABLEFORMAT_BEGIN
 90
        5
170
     1
 91
        0
 92
    32768
 62
   257
 93
        1
300
CONTENTFORMAT
  1
CONTENTFORMAT_BEGIN
 90
        0
 91
        0
 92
      512
 93
        0
300

 40
0.0
140
1.0
 94
        5
 62
     0
340
1E8
144
0.25
309
CONTENTFORMAT_END
171
     0
 94
        6
 95
        1
302
GRIDFORMAT
  1
GRIDFORMAT_BEGIN
 90
        0
 91
        1
 62
     0
 92
       -2
340
0
 93
        1
 40
0.045
309
GRIDFORMAT_END
 95
        2
302
GRIDFORMAT
  1
GRIDFORMAT_BEGIN
 90
        0
 91
        1
 62
     0
 92
       -2
340
0
 93
        1
 40
0.045
309
GRIDFORMAT_END
 95
        4
302
GRIDFORMAT
  1
GRIDFORMAT_BEGIN
 90
        0
 91
        1
 62
     0
 92
       -2
340
0
 93
        1
 40
0.045
309
GRIDFORMAT_END
 95
        8
302
GRIDFORMAT
  1
GRIDFORMAT_BEGIN
 90
        0
 91
        1
 62
     0
 92
       -2
340
0
 93
        1
 40
0.045
309
GRIDFORMAT_END
 95
       16
302
GRIDFORMAT
  1
GRIDFORMAT_BEGIN
 90
        0
 91
        1
 62
     0
 92
       -2
340
0
 93
        1
 40
0.045
309
GRIDFORMAT_END
 95
       32
302
GRIDFORMAT
  1
GRIDFORMAT_BEGIN
 90
        0
 91
        1
 62
     0
 92
       -2
340
0
 93
        1
 40
0.045
309
GRIDFORMAT_END
309
TABLEFORMAT_END
  1
CELLSTYLE_BEGIN
 90
        1
 91
        1
300
_TITLE
309
CELLSTYLE_END
300
CELLSTYLE
  1
TABLEFORMAT_BEGIN
 90
        5
170
     1
 91
        0
 92
        0
 62
   257
 93
        1
300
CONTENTFORMAT
  1
CONTENTFORMAT_BEGIN
 90
        0
 91
        0
 92
      512
 93
        0
300

 40
0.0
140
1.0
 94
        4
 62
     0
340
1E8
144
0.18
309
CONTENTFORMAT_END
171
     0
 94
        6
 95
        1
302
GRIDFORMAT
  1
GRIDFORMAT_BEGIN
 90
        0
 91
        1
 62
     0
 92
       -2
340
0
 93
        1
 40
0.045
309
GRIDFORMAT_END
 95
        2
302
GRIDFORMAT
  1
GRIDFORMAT_BEGIN
 90
        0
 91
        1
 62
     0
 92
       -2
340
0
 93
        1
 40
0.045
309
GRIDFORMAT_END
 95
        4
302
GRIDFORMAT
  1
GRIDFORMAT_BEGIN
 90
        0
 91
        1
 62
     0
 92
       -2
340
0
 93
        1
 40
0.045
309
GRIDFORMAT_END
 95
        8
302
GRIDFORMAT
  1
GRIDFORMAT_BEGIN
 90
        0
 91
        1
 62
     0
 92
       -2
340
0
 93
        1
 40
0.045
309
GRIDFORMAT_END
 95
       16
302
GRIDFORMAT
  1
GRIDFORMAT_BEGIN
 90
        0
 91
        1
 62
     0
 92
       -2
340
0
 93
        1
 40
0.045
309
GRIDFORMAT_END
 95
       32
302
GRIDFORMAT
  1
GRIDFORMAT_BEGIN
 90
        0
 91
        1
 62
     0
 92
       -2
340
0
 93
        1
 40
0.045
309
GRIDFORMAT_END
309
TABLEFORMAT_END
  1
CELLSTYLE_BEGIN
 90
        2
 91
        1
300
_HEADER
309
CELLSTYLE_END
300
CELLSTYLE
  1
TABLEFORMAT_BEGIN
 90
        5
170
     1
 91
        0
 92
        0
 62
   257
 93
        1
300
CONTENTFORMAT
  1
CONTENTFORMAT_BEGIN
 90
        0
 91
        0
 92
      512
 93
        0
300

 40
0.0
140
1.0
 94
        4
 62
     0
340
1E8
144
0.18
309
CONTENTFORMAT_END
171
     0
 94
        6
 95
        1
302
GRIDFORMAT
  1
GRIDFORMAT_BEGIN
 90
        0
 91
        1
 62
     0
 92
       -2
340
0
 93
        1
 40
0.045
309
GRIDFORMAT_END
 95
        2
302
GRIDFORMAT
  1
GRIDFORMAT_BEGIN
 90
        0
 91
        1
 62
     0
 92
       -2
340
0
 93
        1
 40
0.045
309
GRIDFORMAT_END
 95
        4
302
GRIDFORMAT
  1
GRIDFORMAT_BEGIN
 90
        0
 91
        1
 62
     0
 92
       -2
340
0
 93
        1
 40
0.045
309
GRIDFORMAT_END
 95
        8
302
GRIDFORMAT
  1
GRIDFORMAT_BEGIN
 90
        0
 91
        1
 62
     0
 92
       -2
340
0
 93
        1
 40
0.045
309
GRIDFORMAT_END
 95
       16
302
GRIDFORMAT
  1
GRIDFORMAT_BEGIN
 90
        0
 91
        1
 62
     0
 92
       -2
340
0
 93
        1
 40
0.045
309
GRIDFORMAT_END
 95
       32
302
GRIDFORMAT
  1
GRIDFORMAT_BEGIN
 90
        0
 91
        1
 62
     0
 92
       -2
340
0
 93
        1
 40
0.045
309
GRIDFORMAT_END
309
TABLEFORMAT_END
  1
CELLSTYLE_BEGIN
 90
        3
 91
        2
300
_DATA
309
CELLSTYLE_END
  0
CELLSTYLEMAP
  5
32ED
102
{ACAD_REACTORS
330
104
102
}
330
104
100
AcDbCellStyleMap
 90
        3
300
CELLSTYLE
  1
TABLEFORMAT_BEGIN
 90
        5
170
     1
 91
        0
 92
    32768
 62
   257
 93
        1
300
CONTENTFORMAT
  1
CONTENTFORMAT_BEGIN
 90
        0
 91
        0
 92
      512
 93
        0
300

 40
0.0
140
1.0
 94
        5
 62
     0
340
11
144
0.25
309
CONTENTFORMAT_END
171
     1
301
MARGIN
  1
CELLMARGIN_BEGIN
 40
0.06
 40
0.06
 40
0.06
 40
0.06
 40
0.18
 40
0.18
309
CELLMARGIN_END
 94
        6
 95
        1
302
GRIDFORMAT
  1
GRIDFORMAT_BEGIN
 90
        0
 91
        1
 62
     0
 92
       -2
340
0
 93
        0
 40
0.045
309
GRIDFORMAT_END
 95
        2
302
GRIDFORMAT
  1
GRIDFORMAT_BEGIN
 90
        0
 91
        1
 62
     0
 92
       -2
340
0
 93
        0
 40
0.045
309
GRIDFORMAT_END
 95
        4
302
GRIDFORMAT
  1
GRIDFORMAT_BEGIN
 90
        0
 91
        1
 62
     0
 92
       -2
340
0
 93
        0
 40
0.045
309
GRIDFORMAT_END
 95
        8
302
GRIDFORMAT
  1
GRIDFORMAT_BEGIN
 90
        0
 91
        1
 62
     0
 92
       -2
340
0
 93
        0
 40
0.045
309
GRIDFORMAT_END
 95
       16
302
GRIDFORMAT
  1
GRIDFORMAT_BEGIN
 90
        0
 91
        1
 62
     0
 92
       -2
340
0
 93
        0
 40
0.045
309
GRIDFORMAT_END
 95
       32
302
GRIDFORMAT
  1
GRIDFORMAT_BEGIN
 90
        0
 91
        1
 62
     0
 92
       -2
340
0
 93
        0
 40
0.045
309
GRIDFORMAT_END
309
TABLEFORMAT_END
  1
CELLSTYLE_BEGIN
 90
        1
 91
        1
300
_TITLE
309
CELLSTYLE_END
300
CELLSTYLE
  1
TABLEFORMAT_BEGIN
 90
        5
170
     1
 91
        0
 92
        0
 62
   257
 93
        1
300
CONTENTFORMAT
  1
CONTENTFORMAT_BEGIN
 90
        0
 91
        0
 92
      512
 93
        0
300

 40
0.0
140
1.0
 94
        5
 62
     0
340
11
144
0.18
309
CONTENTFORMAT_END
171
     1
301
MARGIN
  1
CELLMARGIN_BEGIN
 40
0.06
 40
0.06
 40
0.06
 40
0.06
 40
0.18
 40
0.18
309
CELLMARGIN_END
 94
        6
 95
        1
302
GRIDFORMAT
  1
GRIDFORMAT_BEGIN
 90
        0
 91
        1
 62
     0
 92
       -2
340
0
 93
        0
 40
0.045
309
GRIDFORMAT_END
 95
        2
302
GRIDFORMAT
  1
GRIDFORMAT_BEGIN
 90
        0
 91
        1
 62
     0
 92
       -2
340
0
 93
        0
 40
0.045
309
GRIDFORMAT_END
 95
        4
302
GRIDFORMAT
  1
GRIDFORMAT_BEGIN
 90
        0
 91
        1
 62
     0
 92
       -2
340
0
 93
        0
 40
0.045
309
GRIDFORMAT_END
 95
        8
302
GRIDFORMAT
  1
GRIDFORMAT_BEGIN
 90
        0
 91
        1
 62
     0
 92
       -2
340
0
 93
        0
 40
0.045
309
GRIDFORMAT_END
 95
       16
302
GRIDFORMAT
  1
GRIDFORMAT_BEGIN
 90
        0
 91
        1
 62
     0
 92
       -2
340
0
 93
        0
 40
0.045
309
GRIDFORMAT_END
 95
       32
302
GRIDFORMAT
  1
GRIDFORMAT_BEGIN
 90
        0
 91
        1
 62
     0
 92
       -2
340
0
 93
        0
 40
0.045
309
GRIDFORMAT_END
309
TABLEFORMAT_END
  1
CELLSTYLE_BEGIN
 90
        2
 91
        1
300
_HEADER
309
CELLSTYLE_END
300
CELLSTYLE
  1
TABLEFORMAT_BEGIN
 90
        5
170
     1
 91
        0
 92
        0
 62
   257
 93
        1
300
CONTENTFORMAT
  1
CONTENTFORMAT_BEGIN
 90
        0
 91
        0
 92
      512
 93
        0
300

 40
0.0
140
1.0
 94
        2
 62
     0
340
11
144
0.18
309
CONTENTFORMAT_END
171
     1
301
MARGIN
  1
CELLMARGIN_BEGIN
 40
0.06
 40
0.06
 40
0.06
 40
0.06
 40
0.18
 40
0.18
309
CELLMARGIN_END
 94
        6
 95
        1
302
GRIDFORMAT
  1
GRIDFORMAT_BEGIN
 90
        0
 91
        1
 62
     0
 92
       -2
340
0
 93
        0
 40
0.045
309
GRIDFORMAT_END
 95
        2
302
GRIDFORMAT
  1
GRIDFORMAT_BEGIN
 90
        0
 91
        1
 62
     0
 92
       -2
340
0
 93
        0
 40
0.045
309
GRIDFORMAT_END
 95
        4
302
GRIDFORMAT
  1
GRIDFORMAT_BEGIN
 90
        0
 91
        1
 62
     0
 92
       -2
340
0
 93
        0
 40
0.045
309
GRIDFORMAT_END
 95
        8
302
GRIDFORMAT
  1
GRIDFORMAT_BEGIN
 90
        0
 91
        1
 62
     0
 92
       -2
340
0
 93
        0
 40
0.045
309
GRIDFORMAT_END
 95
       16
302
GRIDFORMAT
  1
GRIDFORMAT_BEGIN
 90
        0
 91
        1
 62
     0
 92
       -2
340
0
 93
        0
 40
0.045
309
GRIDFORMAT_END
 95
       32
302
GRIDFORMAT
  1
GRIDFORMAT_BEGIN
 90
        0
 91
        1
 62
     0
 92
       -2
340
0
 93
        0
 40
0.045
309
GRIDFORMAT_END
309
TABLEFORMAT_END
  1
CELLSTYLE_BEGIN
 90
        3
 91
        2
300
_DATA
309
CELLSTYLE_END
  0
ACAD_PROXY_OBJECT
  5
1EA
102
{ACAD_XDICTIONARY
360
1EE
102
}
102
{ACAD_REACTORS
330
1E7
102
}
330
1E7
100
AcDbProxyObject
 90
      499
 91
      524
 71
    31
 97
       81
 70
     0
162
                94
311
417032712CC8000C2B803268
161
               148
310
4050140902404FFFFFFFFFFFFEF7FA0340501C
330
1E7
360
1ED
 94
        0
  0
ACAD_PROXY_OBJECT
  5
1EB
102
{ACAD_REACTORS
330
1E7
102
}
330
1E7
100
AcDbProxyObject
 90
      499
 91
      525
 71
    31
 97
       81
 70
     0
162
                58
311
40CC2BBE2F04AB0C
161
                40
310
405014059200
 94
        0
1001
AcMapDMDisplayStyleRegapp
1070
     2
1071
        1
1000
기본값
1000

  0
DICTIONARY
  5
1EE
330
1EA
100
AcDbDictionary
280
     1
281
     1
  3
AcMapDMSurrogateStyleSets
360
1EF
  0
ACAD_PROXY_OBJECT
  5
1ED
330
1EA
100
AcDbProxyObject
 90
      499
 91
      526
 71
    31
 97
       81
 70
     0
162
                 0
161
                11
310
404C
340
1EB
330
1E7
 94
        0
  0
ACAD_PROXY_OBJECT
  5
1EF
102
{ACAD_REACTORS
330
1EE
102
}
330
1EE
100
AcDbProxyObject
 90
      499
 91
      527
 71
    31
 97
       81
 70
     0
162
                90
311
417032712CC8000C2B80324C
161
               110
310
405013FFFFFFFFFFFFBDFE80D018
330
1ED
 94
        0
  0
ENDSEC
  0
SECTION
  2
ACDSDATA
 70
     2
 71
     8
  0
ACDSSCHEMA
 90
        0
  1
AcDb_Thumbnail_Schema
  2
AcDbDs::ID
280
    10
 91
        8
  2
Thumbnail_Data
280
    15
 91
        0
101
ACDSRECORD
 95
        0
 90
        1
  2
AcDbDs::TreatedAsObjectData
280
     1
291
     1
101
ACDSRECORD
 95
        0
 90
        2
  2
AcDbDs::Legacy
280
     1
291
     1
101
ACDSRECORD
  1
AcDbDs::ID
 90
        3
  2
AcDs:Indexable
280
     1
291
     1
101
ACDSRECORD
  1
AcDbDs::ID
 90
        4
  2
AcDbDs::HandleAttribute
280
     7
282
     1
  0
ACDSSCHEMA
 90
        1
  1
AcDbDs::TreatedAsObjectDataSchema
  2
AcDbDs::TreatedAsObjectData
280
     1
 91
        0
  0
ACDSSCHEMA
 90
        2
  1
AcDbDs::LegacySchema
  2
AcDbDs::Legacy
280
     1
 91
        0
  0
ACDSSCHEMA
 90
        3
  1
AcDbDs::IndexedPropertySchema
  2
AcDs:Indexable
280
     1
 91
        0
  0
ACDSSCHEMA
 90
        4
  1
AcDbDs::HandleAttributeSchema
  2
AcDbDs::HandleAttribute
280
     7
 91
        1
284
     1
  0
ACDSRECORD
 90
        0
  2
AcDbDs::ID
280
    10
320
22
  2
Thumbnail_Data
280
    15
 94
     1952
310
89504E470D0A1A0A0000000D49484452000001000000009508030000008070D41000000300504C5445000000000000C8C8C80000000000000000000000000000000000000000000000000000330000660000990000CC0000FF0033000033330033660033990033CC0033FF0066000066330066660066990066CC0066FF0099
310
000099330099660099990099CC0099FF00CC0000CC3300CC6600CC9900CCCC00CCFF00FF0000FF3300FF6600FF9900FFCC00FFFF3300003300333300663300993300CC3300FF3333003333333333663333993333CC3333FF3366003366333366663366993366CC3366FF3399003399333399663399993399CC3399FF33CC00
310
33CC3333CC6633CC9933CCCC33CCFF33FF0033FF3333FF6633FF9933FFCC33FFFF6600006600336600666600996600CC6600FF6633006633336633666633996633CC6633FF6666006666336666666666996666CC6666FF6699006699336699666699996699CC6699FF66CC0066CC3366CC6666CC9966CCCC66CCFF66FF0066
310
FF3366FF6666FF9966FFCC66FFFF9900009900339900669900999900CC9900FF9933009933339933669933999933CC9933FF9966009966339966669966999966CC9966FF9999009999339999669999999999CC9999FF99CC0099CC3399CC6699CC9999CCCC99CCFF99FF0099FF3399FF6699FF9999FFCC99FFFFCC0000CC00
310
33CC0066CC0099CC00CCCC00FFCC3300CC3333CC3366CC3399CC33CCCC33FFCC6600CC6633CC6666CC6699CC66CCCC66FFCC9900CC9933CC9966CC9999CC99CCCC99FFCCCC00CCCC33CCCC66CCCC99CCCCCCCCCCFFCCFF00CCFF33CCFF66CCFF99CCFFCCCCFFFFFF0000FF0033FF0066FF0099FF00CCFF00FFFF3300FF3333
310
FF3366FF3399FF33CCFF33FFFF6600FF6633FF6666FF6699FF66CCFF66FFFF9900FF9933FF9966FF9999FF99CCFF99FFFFCC00FFCC33FFCC66FFCC99FFCCCCFFCCFFFFFF00FFFF33FFFF66FFFF99FFFFCCFFFFFF0000000D0D0D1A1A1A2828283535354343435050505D5D5D6B6B6B787878868686939393A1A1A1AEAEAEBB
310
BBBBC9C9C9D6D6D6E4E4E4F1F1F1FFFFFF00000000000000000000000000000000000000000000000000000000000008F1915C0000045B4944415478DAED9C5B76E3200C40D981F6BF192D6636D02FFD4F1B3B09362004088C8D747ACE348638DC6B99579D71EE31416EF1300126C00498001360024CC05ACCB4B600A2CD00
310
EA08C0E01749E5AAE2E226455F126D06502903708FE063B7A3E9B6605803659F2511E055458EBF51007EC3FF3D77B4AC46CB5BDC59D8877FBF0F56CB009F7F33B09680907FAD4E30C2BF948018FF4A02A2FC334C847A5BC1233F1DF8FB08C0FBF0771150D466E25B80445DF97B089035F93D0A51BCFA7E1453E5D20FDA0526
310
F93B08E09A1CD40A1B7428C654F9B70EE6F889E5D71470749DE7FFADC5F1FF1ECFF213E5F9BD8F899D8E94AFFC8CFC6CDB4893FF1D57F3FB1D087D8EC44F475DF9B1377FB4FCD081786D899E8EBAF07BDE3BF3C790FC131CAE85DFB63A01FF5E3F027EFF9F78E3797E14F3873775923F3A48A90888F0272FB18C9F7AF2FF15
310
D7097820BF868099F8F7143F7D00C35F2480E1477D7E57C5FFEAE40AF8DB05CCC61F4EA059FE660177E72F1170137E57C4DF2AC0C9F9B7620630CFBFD7C92C38B084BF4040AA0B0CF89141CCCC6F30BB96C8F33B7F829CE56F16E00AF833EBFB6CB137A517EE131DF9A353F36601517E27BA3D4B8BC59292FC2D8B210DFE4C
310
69AE985BD409F91B96C3DC3A48CAEF90DFC743C1361F4A371D65FC620129FE7DD751C6AFB1052EDF7246097FBB80600AEE660994F0AB097043F8618FEC63015F01197EA98033FFCFC48145B549562D9B00AEFFF507F05FA4DB113C13C40EAFA4730338E7BAF3B32FB96E925F39A809C0A1FC0502909D39290A1896FE1903E7
310
5B80BF37498BDF8DBCFCAC815806B87B0B80A2C358746F521DFF5AC3E0B50900A56518A905DA1930077FBC545DC095FC006E69015053435BC0D4FCB13A8F11005067E92902A0B6A2B28038FFBC93805768CE03AE490080CA5C893D50DF940117F157577F8600A87FC3130400B4291BD2093606F74C21B426CD7D05BC5E41F3
310
6D738761D013703C3AE37298F452E0FB4DA56306ECBBFD6DBBAA90C800E0EFACA133C12F211C4277EC9857C0DF2556458E1BD016A064A01775C83AA38011F41FCAD904C028FA37A6BA80160323E1DF9CF308184EDF4B4095812BE837D02102DE635902F32AFA6D3D382603E0754AF89C98E609F02ECFE75240220824113170
310
1670FDA50F973FE0AD839A32C0C9044C423F5E00C672EC590262DDE0594064FE938A8709C0E26743A0B79D41025ECDFD3EB327E338F5D87DECE80B080D40660B2F39ECE40454E74E4A00EFAE5EC0E199CDAAEDC0EF98AD720B84E701C10E63EBA3B2C5028674107E062809381938FD2D0E7F6E1BF27DD8C43766A68DBE1970
310
94E0660BD8C05405305F99585D8043A6BF2F1B1DB4AAFE09D86629570AB83603F8594A8D80EB9F18AE194A1715501026C02D6EA052C0CF63A2E82FF24F4C018DFF45C6042C23E089064C800958DC800930015506169D097E760717CE80A5174326C00498001360024C800978BD6DE1B00C300126C00498001360024C800930
310
0126C00498005B0EDBEAD6C2C2C2C2C2C2C2C2C2C2C2C26299F80FBBC86B8674D214870000000049454E44AE426082
  0
ENDSEC
  0
EOF
