  0
SECTION
  2
HEADER
  9
$ACADVER
  1
AC1032
  9
$ACADMAINTVER
 90
      301
  9
$DWGCODEPAGE
  3
ANSI_949
  9
$LASTSAVEDBY
  1
PCuser
  9
$REQUIREDVERSIONS
160
                 0
  9
$INSBASE
 10
0.0
 20
0.0
 30
0.0
  9
$EXTMIN
 10
5.0
 20
-4.0
 30
0.0
  9
$EXTMAX
 10
845.0
 20
586.0
 30
0.0
  9
$LIMMIN
 10
0.0
 20
0.0
  9
$LIMMAX
 10
810.0
 20
571.0
  9
$ORTHOMODE
 70
     0
  9
$REGENMODE
 70
     1
  9
$FILLMODE
 70
     1
  9
$QTEXTMODE
 70
     0
  9
$MIRRTEXT
 70
     1
  9
$LTSCALE
 40
5.0
  9
$ATTMODE
 70
     1
  9
$TEXTSIZE
 40
5.25
  9
$TRACEWID
 40
0.05
  9
$TEXTSTYLE
  7
STANDARD
  9
$CLAYER
  8
0
  9
$CELTYPE
  6
BYLAYER
  9
$CECOLOR
 62
   256
  9
$CELTSCALE
 40
1.0
  9
$DISPSILH
 70
     0
  9
$DIMSCALE
 40
1.0
  9
$DIMASZ
 40
1.0
  9
$DIMEXO
 40
0.0
  9
$DIMDLI
 40
0.38
  9
$DIMRND
 40
0.0
  9
$DIMDLE
 40
0.0
  9
$DIMEXE
 40
2.0
  9
$DIMTP
 40
0.0
  9
$DIMTM
 40
0.0
  9
$DIMTXT
 40
2.5
  9
$DIMCEN
 40
0.09
  9
$DIMTSZ
 40
0.0
  9
$DIMTOL
 70
     0
  9
$DIMLIM
 70
     0
  9
$DIMTIH
 70
     0
  9
$DIMTOH
 70
     1
  9
$DIMSE1
 70
     0
  9
$DIMSE2
 70
     0
  9
$DIMTAD
 70
     0
  9
$DIMZIN
 70
     0
  9
$DIMBLK
  1

  9
$DIMASO
 70
     1
  9
$DIMSHO
 70
     1
  9
$DIMPOST
  1

  9
$DIMAPOST
  1

  9
$DIMALT
 70
     0
  9
$DIMALTD
 70
     2
  9
$DIMALTF
 40
25.4
  9
$DIMLFAC
 40
1.0
  9
$DIMTOFL
 70
     1
  9
$DIMTVP
 40
1.0
  9
$DIMTIX
 70
     1
  9
$DIMSOXD
 70
     0
  9
$DIMSAH
 70
     1
  9
$DIMBLK1
  1
DOT
  9
$DIMBLK2
  1
DOT
  9
$DIMSTYLE
  2
STANDARD
  9
$DIMCLRD
 70
     2
  9
$DIMCLRE
 70
     2
  9
$DIMCLRT
 70
     3
  9
$DIMTFAC
 40
1.0
  9
$DIMGAP
 40
1.0
  9
$DIMJUST
 70
     0
  9
$DIMSD1
 70
     0
  9
$DIMSD2
 70
     0
  9
$DIMTOLJ
 70
     1
  9
$DIMTZIN
 70
     0
  9
$DIMALTZ
 70
     0
  9
$DIMALTTZ
 70
     0
  9
$DIMUPT
 70
     0
  9
$DIMDEC
 70
     4
  9
$DIMTDEC
 70
     4
  9
$DIMALTU
 70
     2
  9
$DIMALTTD
 70
     2
  9
$DIMTXSTY
  7
STANDARD
  9
$DIMAUNIT
 70
     0
  9
$DIMADEC
 70
     0
  9
$DIMALTRND
 40
0.0
  9
$DIMAZIN
 70
     0
  9
$DIMDSEP
 70
    46
  9
$DIMATFIT
 70
     3
  9
$DIMFRAC
 70
     0
  9
$DIMLDRBLK
  1

  9
$DIMLUNIT
 70
     2
  9
$DIMLWD
 70
    -2
  9
$DIMLWE
 70
    -2
  9
$DIMTMOVE
 70
     2
  9
$DIMFXL
 40
1.0
  9
$DIMFXLON
 70
     0
  9
$DIMJOGANG
 40
0.7853981633974483
  9
$DIMTFILL
 70
     0
  9
$DIMTFILLCLR
 70
     0
  9
$DIMARCSYM
 70
     0
  9
$DIMLTYPE
  6

  9
$DIMLTEX1
  6

  9
$DIMLTEX2
  6

  9
$DIMTXTDIRECTION
 70
     0
  9
$LUNITS
 70
     2
  9
$LUPREC
 70
     4
  9
$SKETCHINC
 40
0.1
  9
$FILLETRAD
 40
0.0
  9
$AUNITS
 70
     0
  9
$AUPREC
 70
     0
  9
$MENU
  1
C:\acadr13\win\SUPPORT\acad
  9
$ELEVATION
 40
0.0
  9
$PELEVATION
 40
0.0
  9
$THICKNESS
 40
0.0
  9
$LIMCHECK
 70
     0
  9
$CHAMFERA
 40
0.0
  9
$CHAMFERB
 40
0.0
  9
$CHAMFERC
 40
0.0
  9
$CHAMFERD
 40
0.0
  9
$SKPOLY
 70
     0
  9
$TDCREATE
 40
2450728.884444445
  9
$TDUCREATE
 40
2450728.509444445
  9
$TDUPDATE
 40
2460535.762569445
  9
$TDUUPDATE
 40
2460535.387569445
  9
$TDINDWG
 40
0.2804062500
  9
$TDUSRTIMER
 40
0.2804062500
  9
$USRTIMER
 70
     1
  9
$ANGBASE
 50
0.0
  9
$ANGDIR
 70
     0
  9
$PDMODE
 70
     0
  9
$PDSIZE
 40
0.0
  9
$PLINEWID
 40
0.0
  9
$SPLFRAME
 70
     0
  9
$SPLINETYPE
 70
     6
  9
$SPLINESEGS
 70
     8
  9
$HANDSEED
  5
3A46
  9
$SURFTAB1
 70
     6
  9
$SURFTAB2
 70
     6
  9
$SURFTYPE
 70
     6
  9
$SURFU
 70
     6
  9
$SURFV
 70
     6
  9
$UCSBASE
  2

  9
$UCSNAME
  2

  9
$UCSORG
 10
0.0
 20
0.0
 30
0.0
  9
$UCSXDIR
 10
1.0
 20
0.0
 30
0.0
  9
$UCSYDIR
 10
0.0
 20
1.0
 30
0.0
  9
$UCSORTHOREF
  2

  9
$UCSORTHOVIEW
 70
     0
  9
$UCSORGTOP
 10
0.0
 20
0.0
 30
0.0
  9
$UCSORGBOTTOM
 10
0.0
 20
0.0
 30
0.0
  9
$UCSORGLEFT
 10
0.0
 20
0.0
 30
0.0
  9
$UCSORGRIGHT
 10
0.0
 20
0.0
 30
0.0
  9
$UCSORGFRONT
 10
0.0
 20
0.0
 30
0.0
  9
$UCSORGBACK
 10
0.0
 20
0.0
 30
0.0
  9
$PUCSBASE
  2

  9
$PUCSNAME
  2

  9
$PUCSORG
 10
0.0
 20
0.0
 30
0.0
  9
$PUCSXDIR
 10
1.0
 20
0.0
 30
0.0
  9
$PUCSYDIR
 10
0.0
 20
1.0
 30
0.0
  9
$PUCSORTHOREF
  2

  9
$PUCSORTHOVIEW
 70
     0
  9
$PUCSORGTOP
 10
0.0
 20
0.0
 30
0.0
  9
$PUCSORGBOTTOM
 10
0.0
 20
0.0
 30
0.0
  9
$PUCSORGLEFT
 10
0.0
 20
0.0
 30
0.0
  9
$PUCSORGRIGHT
 10
0.0
 20
0.0
 30
0.0
  9
$PUCSORGFRONT
 10
0.0
 20
0.0
 30
0.0
  9
$PUCSORGBACK
 10
0.0
 20
0.0
 30
0.0
  9
$USERI1
 70
     0
  9
$USERI2
 70
     0
  9
$USERI3
 70
     0
  9
$USERI4
 70
     0
  9
$USERI5
 70
     0
  9
$USERR1
 40
0.0
  9
$USERR2
 40
0.0
  9
$USERR3
 40
0.0
  9
$USERR4
 40
0.0
  9
$USERR5
 40
0.0
  9
$WORLDVIEW
 70
     1
  9
$SHADEDGE
 70
     3
  9
$SHADEDIF
 70
    70
  9
$TILEMODE
 70
     1
  9
$MAXACTVP
 70
    16
  9
$PINSBASE
 10
0.0
 20
0.0
 30
0.0
  9
$PLIMCHECK
 70
     0
  9
$PEXTMIN
 10
1.000000000000000E+20
 20
1.000000000000000E+20
 30
1.000000000000000E+20
  9
$PEXTMAX
 10
-1.000000000000000E+20
 20
-1.000000000000000E+20
 30
-1.000000000000000E+20
  9
$PLIMMIN
 10
0.0
 20
0.0
  9
$PLIMMAX
 10
12.0
 20
9.0
  9
$UNITMODE
 70
     0
  9
$VISRETAIN
 70
     0
  9
$PLINEGEN
 70
     0
  9
$PSLTSCALE
 70
     1
  9
$TREEDEPTH
 70
  3020
  9
$CMLSTYLE
  2
STANDARD
  9
$CMLJUST
 70
     0
  9
$CMLSCALE
 40
1.0
  9
$PROXYGRAPHICS
 70
     1
  9
$MEASUREMENT
 70
     0
  9
$CELWEIGHT
370
    -1
  9
$ENDCAPS
280
     0
  9
$JOINSTYLE
280
     0
  9
$LWDISPLAY
290
     0
  9
$INSUNITS
 70
     0
  9
$HYPERLINKBASE
  1

  9
$STYLESHEET
  1

  9
$XEDIT
290
     1
  9
$CEPSNTYPE
380
     0
  9
$PSTYLEMODE
290
     1
  9
$FINGERPRINTGUID
  2
{9483E1A4-3848-9A41-8499-095969F5880C}
  9
$VERSIONGUID
  2
{8720A22E-50A5-704D-AAC7-07084502C1A6}
  9
$EXTNAMES
290
     1
  9
$PSVPSCALE
 40
0.0
  9
$OLESTARTUP
290
     0
  9
$SORTENTS
280
   127
  9
$INDEXCTL
280
     0
  9
$HIDETEXT
280
     0
  9
$XCLIPFRAME
280
     2
  9
$HALOGAP
280
     0
  9
$OBSCOLOR
 70
   257
  9
$OBSLTYPE
280
     0
  9
$INTERSECTIONDISPLAY
280
     0
  9
$INTERSECTIONCOLOR
 70
   257
  9
$DIMASSOC
280
     1
  9
$PROJECTNAME
  1

  9
$CAMERADISPLAY
290
     0
  9
$LENSLENGTH
 40
50.0
  9
$CAMERAHEIGHT
 40
0.0
  9
$STEPSPERSEC
 40
2.0
  9
$STEPSIZE
 40
6.0
  9
$3DDWFPREC
 40
2.0
  9
$PSOLWIDTH
 40
0.25
  9
$PSOLHEIGHT
 40
4.0
  9
$LOFTANG1
 40
1.570796326794896
  9
$LOFTANG2
 40
1.570796326794896
  9
$LOFTMAG1
 40
0.0
  9
$LOFTMAG2
 40
0.0
  9
$LOFTPARAM
 70
     7
  9
$LOFTNORMALS
280
     1
  9
$LATITUDE
 40
37.795
  9
$LONGITUDE
 40
-122.394
  9
$NORTHDIRECTION
 40
0.0
  9
$TIMEZONE
 70
 -8000
  9
$LIGHTGLYPHDISPLAY
280
     1
  9
$TILEMODELIGHTSYNCH
280
     1
  9
$CMATERIAL
347
39C4
  9
$SOLIDHIST
280
     0
  9
$SHOWHIST
280
     1
  9
$DWFFRAME
280
     2
  9
$DGNFRAME
280
     0
  9
$REALWORLDSCALE
290
     1
  9
$INTERFERECOLOR
 62
     1
  9
$INTERFEREOBJVS
345
39E6
  9
$INTERFEREVPVS
346
39E3
  9
$CSHADOW
280
     0
  9
$SHADOWPLANELOCATION
 40
0.0
  0
ENDSEC
  0
SECTION
  2
CLASSES
  0
CLASS
  1
ACDBDICTIONARYWDFLT
  2
AcDbDictionaryWithDefault
  3
ObjectDBX Classes
 90
        0
 91
        1
280
     0
281
     0
  0
CLASS
  1
MATERIAL
  2
AcDbMaterial
  3
ObjectDBX Classes
 90
     1153
 91
        3
280
     0
281
     0
  0
CLASS
  1
VISUALSTYLE
  2
AcDbVisualStyle
  3
ObjectDBX Classes
 90
     4095
 91
       24
280
     0
281
     0
  0
CLASS
  1
TABLESTYLE
  2
AcDbTableStyle
  3
ObjectDBX Classes
 90
     4095
 91
        1
280
     0
281
     0
  0
CLASS
  1
SCALE
  2
AcDbScale
  3
ObjectDBX Classes
 90
     1153
 91
       17
280
     0
281
     0
  0
CLASS
  1
MLEADERSTYLE
  2
AcDbMLeaderStyle
  3
ACDB_MLEADERSTYLE_CLASS
 90
     4095
 91
        1
280
     0
281
     0
  0
CLASS
  1
ACDBSECTIONVIEWSTYLE
  2
AcDbSectionViewStyle
  3
ObjectDBX Classes
 90
     1025
 91
        1
280
     0
281
     0
  0
CLASS
  1
ACDBDETAILVIEWSTYLE
  2
AcDbDetailViewStyle
  3
ObjectDBX Classes
 90
     1025
 91
        1
280
     0
281
     0
  0
CLASS
  1
DICTIONARYVAR
  2
AcDbDictionaryVar
  3
ObjectDBX Classes
 90
        0
 91
        9
280
     0
281
     0
  0
CLASS
  1
CELLSTYLEMAP
  2
AcDbCellStyleMap
  3
ObjectDBX Classes
 90
     1152
 91
        1
280
     0
281
     0
  0
ENDSEC
  0
SECTION
  2
TABLES
  0
TABLE
  2
VPORT
  5
8
330
0
100
AcDbSymbolTable
 70
     1
  0
VPORT
  5
39BF
330
8
100
AcDbSymbolTableRecord
100
AcDbViewportTableRecord
  2
*ACTIVE
 70
     0
 10
0.0
 20
0.0
 11
1.0
 21
1.0
 12
510.1175387409154
 22
197.3794894634915
 13
0.0
 23
0.0
 14
1.0
 24
1.0
 15
0.0
 25
0.0
 16
0.0
 26
0.0
 36
1.0
 17
0.0
 27
0.0
 37
0.0
 40
574.6754705774485
 41
2.338748984565393
 42
50.0
 43
0.0
 44
0.0
 50
0.0
 51
0.0
 71
     0
 72
   100
 73
     1
 74
     1
 75
     0
 76
     0
 77
     0
 78
     0
281
     0
 65
     1
110
0.0
120
0.0
130
0.0
111
1.0
121
0.0
131
0.0
112
0.0
122
1.0
132
0.0
 79
     0
146
0.0
348
39E2
 60
     3
 61
     5
292
     1
282
     1
141
0.0
142
0.0
 63
   250
421
  3355443
1001
ACAD_NAV_VCDISPLAY
1070
     3
  0
ENDTAB
  0
TABLE
  2
LTYPE
  5
5
330
0
100
AcDbSymbolTable
 70
     4
  0
LTYPE
  5
14
330
5
100
AcDbSymbolTableRecord
100
AcDbLinetypeTableRecord
  2
BYBLOCK
 70
     0
  3

 72
    65
 73
     0
 40
0.0
  0
LTYPE
  5
15
330
5
100
AcDbSymbolTableRecord
100
AcDbLinetypeTableRecord
  2
BYLAYER
 70
     0
  3

 72
    65
 73
     0
 40
0.0
  0
LTYPE
  5
16
330
5
100
AcDbSymbolTableRecord
100
AcDbLinetypeTableRecord
  2
CONTINUOUS
 70
     0
  3
Solid line
 72
    65
 73
     0
 40
0.0
  0
LTYPE
  5
4F2
330
5
100
AcDbSymbolTableRecord
100
AcDbLinetypeTableRecord
  2
CENTER
 70
     0
  3
____ _ ____ _ ____ _ ____ _ ____ _ ____ _ ____ 
 72
    65
 73
     4
 40
2.0
 49
1.25
 74
     0
 49
-0.25
 74
     0
 49
0.25
 74
     0
 49
-0.25
 74
     0
  0
LTYPE
  5
4F3
330
5
100
AcDbSymbolTableRecord
100
AcDbLinetypeTableRecord
  2
DASHED
 70
     0
  3
__ __ __ __ __ __ __ __ __ __ __ __ __ __ __ __
 72
    65
 73
     2
 40
0.75
 49
0.5
 74
     0
 49
-0.25
 74
     0
  0
LTYPE
  5
4F4
330
5
100
AcDbSymbolTableRecord
100
AcDbLinetypeTableRecord
  2
HIDDEN
 70
     0
  3
__ __ __ __ __ __ __ __ __ __ __ __ __ __ __ __
 72
    65
 73
     2
 40
0.375
 49
0.25
 74
     0
 49
-0.125
 74
     0
  0
ENDTAB
  0
TABLE
  2
LAYER
  5
2
330
0
100
AcDbSymbolTable
 70
    13
  0
LAYER
  5
F
102
{ACAD_XDICTIONARY
360
3A1E
102
}
330
2
100
AcDbSymbolTableRecord
100
AcDbLayerTableRecord
  2
0
 70
     0
 62
     7
  6
CONTINUOUS
370
    -3
390
39C2
347
39D4
348
0
  0
LAYER
  5
28C
102
{ACAD_XDICTIONARY
360
3A20
102
}
330
2
100
AcDbSymbolTableRecord
100
AcDbLayerTableRecord
  2
3
 70
     0
 62
     3
  6
CONTINUOUS
370
    -3
390
39C2
347
39D4
348
0
  0
LAYER
  5
28D
102
{ACAD_XDICTIONARY
360
3A22
102
}
330
2
100
AcDbSymbolTableRecord
100
AcDbLayerTableRecord
  2
4
 70
     0
 62
     4
  6
CONTINUOUS
370
    -3
390
39C2
347
39D4
348
0
  0
LAYER
  5
28E
102
{ACAD_XDICTIONARY
360
3A24
102
}
330
2
100
AcDbSymbolTableRecord
100
AcDbLayerTableRecord
  2
6
 70
     0
 62
     6
  6
CONTINUOUS
370
    -3
390
39C2
347
39D4
348
0
  0
LAYER
  5
28F
102
{ACAD_XDICTIONARY
360
3A26
102
}
330
2
100
AcDbSymbolTableRecord
100
AcDbLayerTableRecord
  2
NOTE
 70
     0
 62
     7
  6
CONTINUOUS
370
    -3
390
39C2
347
39D4
348
0
  0
LAYER
  5
290
102
{ACAD_XDICTIONARY
360
3A28
102
}
330
2
100
AcDbSymbolTableRecord
100
AcDbLayerTableRecord
  2
DD
 70
     0
 62
     7
  6
CONTINUOUS
370
    -3
390
39C2
347
39D4
348
0
  0
LAYER
  5
4F5
102
{ACAD_XDICTIONARY
360
3A2A
102
}
330
2
100
AcDbSymbolTableRecord
100
AcDbLayerTableRecord
  2
1
 70
     0
 62
     1
  6
CONTINUOUS
370
    -3
390
39C2
347
39D4
348
0
  0
LAYER
  5
4F6
102
{ACAD_XDICTIONARY
360
3A2C
102
}
330
2
100
AcDbSymbolTableRecord
100
AcDbLayerTableRecord
  2
2
 70
     0
 62
     8
  6
CONTINUOUS
370
    -3
390
39C2
347
39D4
348
0
  0
LAYER
  5
4F7
102
{ACAD_XDICTIONARY
360
3A2E
102
}
330
2
100
AcDbSymbolTableRecord
100
AcDbLayerTableRecord
  2
BOR
 70
     0
 62
     7
  6
CONTINUOUS
370
    -3
390
39C2
347
39D4
348
0
  0
LAYER
  5
4F8
102
{ACAD_XDICTIONARY
360
3A30
102
}
330
2
100
AcDbSymbolTableRecord
100
AcDbLayerTableRecord
  2
C
 70
     0
 62
     1
  6
CENTER
370
    -3
390
39C2
347
39D4
348
0
  0
LAYER
  5
4F9
102
{ACAD_XDICTIONARY
360
3A32
102
}
330
2
100
AcDbSymbolTableRecord
100
AcDbLayerTableRecord
  2
DD2
 70
     0
 62
    21
  6
CONTINUOUS
370
    -3
390
39C2
347
39D4
348
0
  0
LAYER
  5
4FA
102
{ACAD_XDICTIONARY
360
3A34
102
}
330
2
100
AcDbSymbolTableRecord
100
AcDbLayerTableRecord
  2
HL
 70
     0
 62
     2
  6
HIDDEN
370
    -3
390
39C2
347
39D4
348
0
  0
LAYER
  5
4FB
102
{ACAD_XDICTIONARY
360
3A36
102
}
330
2
100
AcDbSymbolTableRecord
100
AcDbLayerTableRecord
  2
STR
 70
     0
 62
     4
  6
HIDDEN
370
    -3
390
39C2
347
39D4
348
0
  0
ENDTAB
  0
TABLE
  2
STYLE
  5
3
330
0
100
AcDbSymbolTable
 70
     6
  0
STYLE
  5
10
330
3
100
AcDbSymbolTableRecord
100
AcDbTextStyleTableRecord
  2
STANDARD
 70
     0
 40
0.0
 41
1.0
 50
0.0
 71
     0
 42
5.25
  3

  4

1001
ACAD
1000
Expo M
1071
    33042
  0
STYLE
  5
291
330
3
100
AcDbSymbolTableRecord
100
AcDbTextStyleTableRecord
  2
GHS
 70
     0
 40
0.0
 41
1.0
 50
0.0
 71
     0
 42
3.0
  3
C:\ACADR13\COMMON\FONTS\romans
  4
ghs.shx
  0
STYLE
  5
536
330
3
100
AcDbSymbolTableRecord
100
AcDbTextStyleTableRecord
  2
GREEKC
 70
     0
 40
0.0
 41
1.0
 50
0.0
 71
     0
 42
2.5
  3
C:\ACADR13\COMMON\FONTS\Greekc.shx
  4

  0
STYLE
  5
54C
330
3
100
AcDbSymbolTableRecord
100
AcDbTextStyleTableRecord
  2
GREEKS
 70
     0
 40
0.0
 41
1.0
 50
0.0
 71
     0
 42
3.0
  3
E:\ACADR12\FONTS\greeks.shx
  4

  0
STYLE
  5
D72
330
3
100
AcDbSymbolTableRecord
100
AcDbTextStyleTableRecord
  2
SYMATH
 70
     0
 40
0.0
 41
1.0
 50
0.0
 71
     0
 42
1.5
  3
symath
  4

  0
STYLE
  5
1137
330
3
100
AcDbSymbolTableRecord
100
AcDbTextStyleTableRecord
  2
LOGO
 70
     0
 40
0.0
 41
1.0
 50
0.0
 71
     0
 42
10.0
  3

  4

1001
ACAD
1000
YDI2002
1071
    33042
  0
ENDTAB
  0
TABLE
  2
VIEW
  5
6
330
0
100
AcDbSymbolTable
 70
     0
  0
ENDTAB
  0
TABLE
  2
UCS
  5
7
330
0
100
AcDbSymbolTable
 70
     0
  0
ENDTAB
  0
TABLE
  2
APPID
  5
9
330
0
100
AcDbSymbolTable
 70
     2
  0
APPID
  5
11
330
9
100
AcDbSymbolTableRecord
100
AcDbRegAppTableRecord
  2
ACAD
 70
     0
  0
APPID
  5
3A42
330
9
100
AcDbSymbolTableRecord
100
AcDbRegAppTableRecord
  2
ACAD_NAV_VCDISPLAY
 70
     0
  0
ENDTAB
  0
TABLE
  2
DIMSTYLE
  5
A
330
0
100
AcDbSymbolTable
 70
     1
100
AcDbDimStyleTable
 71
     0
  0
DIMSTYLE
105
1D
330
A
100
AcDbSymbolTableRecord
100
AcDbDimStyleTableRecord
  2
STANDARD
 70
     0
340
10
  0
ENDTAB
  0
TABLE
  2
BLOCK_RECORD
  5
1
330
0
100
AcDbSymbolTable
 70
    14
  0
BLOCK_RECORD
  5
1A
330
1
100
AcDbSymbolTableRecord
100
AcDbBlockTableRecord
  2
*MODEL_SPACE
340
3A12
 70
     0
280
     1
281
     0
  0
BLOCK_RECORD
  5
17
330
1
100
AcDbSymbolTableRecord
100
AcDbBlockTableRecord
  2
*PAPER_SPACE
340
3A13
 70
     0
280
     1
281
     0
  0
BLOCK_RECORD
  5
3352
330
1
100
AcDbSymbolTableRecord
100
AcDbBlockTableRecord
  2
_DOT
340
0
 70
     0
280
     1
281
     0
  0
BLOCK_RECORD
  5
335A
330
1
100
AcDbSymbolTableRecord
100
AcDbBlockTableRecord
  2
STB18
340
0
102
{BLKREFS
331
335E
102
}
 70
     0
280
     1
281
     0
  0
BLOCK_RECORD
  5
336D
330
1
100
AcDbSymbolTableRecord
100
AcDbBlockTableRecord
  2
STB1
340
0
102
{BLKREFS
331
337F
331
3381
102
}
 70
     0
280
     1
281
     0
  0
BLOCK_RECORD
  5
3382
330
1
100
AcDbSymbolTableRecord
100
AcDbBlockTableRecord
  2
STB2
340
0
102
{BLKREFS
331
33E2
102
}
 70
     0
280
     1
281
     0
  0
BLOCK_RECORD
  5
3432
330
1
100
AcDbSymbolTableRecord
100
AcDbBlockTableRecord
  2
STB19
340
0
102
{BLKREFS
331
3436
102
}
 70
     0
280
     1
281
     0
  0
BLOCK_RECORD
  5
35A8
330
1
100
AcDbSymbolTableRecord
100
AcDbBlockTableRecord
  2
STB22
340
0
102
{BLKREFS
331
35AD
102
}
 70
     0
280
     1
281
     0
  0
BLOCK_RECORD
  5
35CF
330
1
100
AcDbSymbolTableRecord
100
AcDbBlockTableRecord
  2
STB7
340
0
102
{BLKREFS
331
35D5
331
35D6
331
35D7
331
35D8
331
35D9
331
35DA
331
35DB
331
35DC
331
35DD
331
35DE
331
35DF
331
35E0
102
}
 70
     0
280
     1
281
     0
  0
BLOCK_RECORD
  5
369B
330
1
100
AcDbSymbolTableRecord
100
AcDbBlockTableRecord
  2
STB21
340
0
102
{BLKREFS
331
369F
102
}
 70
     0
280
     1
281
     0
  0
BLOCK_RECORD
  5
36A0
330
1
100
AcDbSymbolTableRecord
100
AcDbBlockTableRecord
  2
STB20
340
0
102
{BLKREFS
331
36A6
102
}
 70
     0
280
     1
281
     0
  0
BLOCK_RECORD
  5
36E6
330
1
100
AcDbSymbolTableRecord
100
AcDbBlockTableRecord
  2
STB15
340
0
102
{BLKREFS
331
36EA
331
36EB
331
36EC
331
36ED
331
36EE
331
36EF
331
36F0
331
36F1
331
36F2
331
36F3
331
36F4
331
36F5
331
36F6
331
36F7
331
36F8
331
36F9
331
36FA
331
36FB
331
36FC
331
36FD
331
36FE
331
36FF
331
3700
331
3701
331
3702
331
3703
331
3704
331
3705
331
3706
331
3707
331
3708
331
3709
331
370A
331
370B
331
370C
331
370D
331
370E
331
370F
331
3710
331
3711
331
3712
331
3713
331
3714
102
}
 70
     0
280
     1
281
     0
  0
BLOCK_RECORD
  5
3802
330
1
100
AcDbSymbolTableRecord
100
AcDbBlockTableRecord
  2
STB24
340
0
102
{BLKREFS
331
38BC
102
}
 70
     0
280
     1
281
     0
  0
BLOCK_RECORD
  5
394B
330
1
100
AcDbSymbolTableRecord
100
AcDbBlockTableRecord
  2
STB10
340
0
102
{BLKREFS
331
397A
331
399C
331
394F
331
395D
102
}
 70
     0
280
     1
281
     0
  0
BLOCK_RECORD
  5
39A4
330
1
100
AcDbSymbolTableRecord
100
AcDbBlockTableRecord
  2
STB11
340
0
102
{BLKREFS
331
39A8
102
}
 70
     0
280
     1
281
     0
  0
BLOCK_RECORD
  5
39B5
330
1
100
AcDbSymbolTableRecord
100
AcDbBlockTableRecord
  2
STB29
340
0
102
{BLKREFS
331
39B9
331
39BA
102
}
 70
     0
280
     1
281
     0
  0
ENDTAB
  0
ENDSEC
  0
SECTION
  2
BLOCKS
  0
BLOCK
  5
1B
330
1A
100
AcDbEntity
  8
0
100
AcDbBlockBegin
  2
*MODEL_SPACE
 70
     0
 10
0.0
 20
0.0
 30
0.0
  3
*MODEL_SPACE
  1

  0
ENDBLK
  5
1C
330
1A
100
AcDbEntity
  8
0
100
AcDbBlockEnd
  0
BLOCK
  5
18
330
17
100
AcDbEntity
 67
     1
  8
0
100
AcDbBlockBegin
  2
*PAPER_SPACE
 70
     0
 10
0.0
 20
0.0
 30
0.0
  3
*PAPER_SPACE
  1

  0
ENDBLK
  5
19
330
17
100
AcDbEntity
 67
     1
  8
0
100
AcDbBlockEnd
  0
BLOCK
  5
3358
330
3352
100
AcDbEntity
  8
0
100
AcDbBlockBegin
  2
_DOT
 70
     0
 10
0.0
 20
0.0
 30
0.0
  3
_DOT
  1

  0
LWPOLYLINE
  5
3353
330
3352
100
AcDbEntity
  8
0
  6
ByBlock
 62
     0
100
AcDbPolyline
 90
        2
 70
     1
 43
0.5
 10
-0.25
 20
0.0
 42
1.0
 10
0.25
 20
0.0
 42
1.0
  0
LINE
  5
3357
330
3352
100
AcDbEntity
  8
0
  6
ByBlock
 62
     0
100
AcDbLine
 10
-0.5
 20
0.0
 30
0.0
 11
-1.0
 21
0.0
 31
0.0
  0
ENDBLK
  5
3359
330
3352
100
AcDbEntity
  8
0
100
AcDbBlockEnd
  0
BLOCK
  5
335C
330
335A
100
AcDbEntity
  8
0
100
AcDbBlockBegin
  2
STB18
 70
     0
 10
0.0
 20
0.0
 30
0.0
  3
STB18
  1

  0
TEXT
  5
335B
330
335A
100
AcDbEntity
  8
0
 62
     7
100
AcDbText
 10
-17.44782463401888
 20
-3.164042112344259
 30
0.0
 40
6.0
  1
일 반 도
 72
     4
 11
-0.3507492684395856
 21
0.0359578876557407
 31
0.0
100
AcDbText
  0
ENDBLK
  5
335D
330
335A
100
AcDbEntity
  8
0
100
AcDbBlockEnd
  0
BLOCK
  5
337D
330
336D
100
AcDbEntity
  8
0
100
AcDbBlockBegin
  2
STB1
 70
     0
 10
0.0
 20
0.0
 30
0.0
  3
STB1
  1

  0
LINE
  5
336E
330
336D
100
AcDbEntity
  8
0
  6
Continuous
 62
     0
100
AcDbLine
 10
1.796893406835564
 20
-1.596172732476048
 30
0.0
 11
3.382845766925274
 21
0.0072120897014543
 31
0.0
  0
LINE
  5
336F
330
336D
100
AcDbEntity
  8
0
  6
Continuous
 62
     0
100
AcDbLine
 10
1.233085779960762
 20
-1.597374747424225
 30
0.0
 11
2.819038140050447
 21
0.0060100747531919
 31
0.0
  0
LINE
  5
3370
330
336D
100
AcDbEntity
  8
0
  6
Continuous
 62
     0
100
AcDbLine
 10
-1.193499911985944
 20
-1.206618617497525
 30
0.0
 11
0.0
 21
0.0
 31
0.0
  0
LINE
  5
3371
330
336D
100
AcDbEntity
  8
0
  6
Continuous
 62
     0
100
AcDbLine
 10
-1.022144730025565
 20
-1.602182807222362
 30
0.0
 11
0.5638076300641198
 21
0.0012020149550551
 31
0.0
  0
LINE
  5
3372
330
336D
100
AcDbEntity
  8
0
  6
Continuous
 62
     0
100
AcDbLine
 10
-0.4583371031507629
 20
-1.600980792274185
 30
0.0
 11
1.127615256938923
 21
0.0024040299032606
 31
0.0
  0
LINE
  5
3373
330
336D
100
AcDbEntity
  8
0
  6
Continuous
 62
     0
100
AcDbLine
 10
1.031681920535011
 20
-1.597804132267526
 30
0.0
 11
0.2850734527267358
 21
-0.8493988204972424
 31
0.0
  0
LINE
  5
3374
330
336D
100
AcDbEntity
  8
0
  6
Continuous
 62
     0
100
AcDbLine
 10
1.413898764176958
 20
-1.414574304081526
 30
0.0
 11
0.5663722379369079
 21
-0.5650080569074305
 31
0.0
  0
LINE
  5
3375
330
336D
100
AcDbEntity
  8
0
  6
Continuous
 62
     0
100
AcDbLine
 10
1.695197550978329
 20
-1.130183538883017
 30
0.0
 11
0.8476710247383012
 21
-0.2806172917088645
 31
0.0
  0
LINE
  5
3376
330
336D
100
AcDbEntity
  8
0
  6
Continuous
 62
     0
100
AcDbLine
 10
1.976496336188581
 20
-0.8457927752932334
 30
0.0
 11
1.130330189807009
 21
0.0024098180300598
 31
0.0
  0
LINE
  5
3377
330
336D
100
AcDbEntity
  8
0
  6
Continuous
 62
     0
100
AcDbLine
 10
5.356627170245846
 20
-0.8385864737186352
 30
0.0
 11
4.510461023864276
 21
0.009616119604658
 31
0.0
  0
LINE
  5
3378
330
336D
100
AcDbEntity
  8
0
  6
Continuous
 62
     0
100
AcDbLine
 10
5.075328385035596
 20
-1.122977237308418
 30
0.0
 11
4.227801858795568
 21
-0.2734109901342947
 31
0.0
  0
LINE
  5
3379
330
336D
100
AcDbEntity
  8
0
  6
Continuous
 62
     0
100
AcDbLine
 10
4.794029598234227
 20
-1.407368002506927
 30
0.0
 11
3.946503071994174
 21
-0.5578017553328323
 31
0.0
  0
LINE
  5
337A
330
336D
100
AcDbEntity
  8
0
  6
Continuous
 62
     0
100
AcDbLine
 10
4.411812754592278
 20
-1.590597830692928
 30
0.0
 11
3.665204286784002
 21
-0.8421925189226442
 31
0.0
  0
LINE
  5
337B
330
336D
100
AcDbEntity
  8
0
  6
Continuous
 62
     0
100
AcDbLine
 10
2.360701036899764
 20
-1.594970717521022
 30
0.0
 11
3.946653396989449
 21
0.0084141046563957
 31
0.0
  0
LINE
  5
337C
330
336D
100
AcDbEntity
  8
0
  6
Continuous
 62
     0
100
AcDbLine
 10
2.924508663774566
 20
-1.593768702572816
 30
0.0
 11
4.510461023864276
 21
0.009616119604658
 31
0.0
  0
ENDBLK
  5
337E
330
336D
100
AcDbEntity
  8
0
100
AcDbBlockEnd
  0
BLOCK
  5
33E0
330
3382
100
AcDbEntity
  8
0
100
AcDbBlockBegin
  2
STB2
 70
     0
 10
0.0
 20
0.0
 30
0.0
  3
STB2
  1

  0
LINE
  5
3383
330
3382
100
AcDbEntity
  8
3
100
AcDbLine
 10
0.0
 20
2.077079391146668
 30
0.0
 11
12.84990724733075
 21
2.077079391146668
 31
0.0
  0
TEXT
  5
3384
330
3382
100
AcDbEntity
  8
0
 62
     7
100
AcDbText
 10
1.928350139511479
 20
3.54276687941325
 30
0.0
 40
1.5
  1
q=10kN/m
  7
GHS
100
AcDbText
  0
LINE
  5
3385
330
3382
100
AcDbEntity
  8
3
100
AcDbLine
 10
3.816650421127022
 20
0.5593230753699743
 30
0.0
 11
3.816650421127008
 21
0.6112486740100565
 31
0.0
  0
LINE
  5
3386
330
3382
100
AcDbEntity
  8
3
100
AcDbLine
 10
4.056650421127073
 20
0.500272751060578
 30
0.0
 11
4.056650421127073
 21
0.6112486740100565
 31
0.0
  0
LINE
  5
3387
330
3382
100
AcDbEntity
  8
3
100
AcDbLine
 10
4.036650421127063
 20
0.4119730988580273
 30
0.0
 11
4.036650421127063
 21
0.6112486740100565
 31
0.0
  0
LINE
  5
3388
330
3382
100
AcDbEntity
  8
3
100
AcDbLine
 10
4.016650421127067
 20
0.3236734466554481
 30
0.0
 11
4.016650421127067
 21
0.6112486740100281
 31
0.0
  0
LINE
  5
3389
330
3382
100
AcDbEntity
  8
3
100
AcDbLine
 10
3.996650421127071
 20
0.2353737944529541
 30
0.0
 11
3.996650421127057
 21
0.6112486740100565
 31
0.0
  0
LINE
  5
338A
330
3382
100
AcDbEntity
  8
3
100
AcDbLine
 10
3.976650421127061
 20
0.1470741422504034
 30
0.0
 11
3.976650421127061
 21
0.6112486740100565
 31
0.0
  0
LINE
  5
338B
330
3382
100
AcDbEntity
  8
3
100
AcDbLine
 10
3.956650421127051
 20
0.0587744900478242
 30
0.0
 11
3.956650421127051
 21
0.6112486740100565
 31
0.0
  0
LINE
  5
338C
330
3382
100
AcDbEntity
  8
3
100
AcDbLine
 10
3.93665042112704
 20
0.0295251621547266
 30
0.0
 11
3.936650421127055
 21
0.6112486740100281
 31
0.0
  0
LINE
  5
338D
330
3382
100
AcDbEntity
  8
3
100
AcDbLine
 10
3.916650421127059
 20
0.1178248143572489
 30
0.0
 11
3.916650421127044
 21
0.6112486740100565
 31
0.0
  0
LINE
  5
338E
330
3382
100
AcDbEntity
  8
3
100
AcDbLine
 10
3.896650421127034
 20
0.2061244665597997
 30
0.0
 11
3.896650421127034
 21
0.6112486740100565
 31
0.0
  0
LINE
  5
338F
330
3382
100
AcDbEntity
  8
3
100
AcDbLine
 10
3.876650421127038
 20
0.2944241187623788
 30
0.0
 11
3.876650421127038
 21
0.6112486740100565
 31
0.0
  0
LINE
  5
3390
330
3382
100
AcDbEntity
  8
3
100
AcDbLine
 10
3.856650421127028
 20
0.3827237709649012
 30
0.0
 11
3.856650421127028
 21
0.6112486740100565
 31
0.0
  0
LINE
  5
3391
330
3382
100
AcDbEntity
  8
3
100
AcDbLine
 10
3.836650421127032
 20
0.4710234231674236
 30
0.0
 11
3.836650421127032
 21
0.6112486740100281
 31
0.0
  0
LINE
  5
3392
330
3382
100
AcDbEntity
  8
3
100
AcDbLine
 10
3.943337913414552
 20
0.6112486740100565
 30
0.0
 11
3.804889197306792
 21
0.6112486740100565
 31
0.0
  0
LINE
  5
3393
330
3382
100
AcDbEntity
  8
3
100
AcDbLine
 10
3.804889197306792
 20
0.6112486740100565
 30
0.0
 11
3.943337913414552
 21
0.0
 31
0.0
  0
LINE
  5
3394
330
3382
100
AcDbEntity
  8
3
100
AcDbLine
 10
4.081786629522312
 20
0.6112486740100565
 30
0.0
 11
3.943337913414552
 21
0.0
 31
0.0
  0
LINE
  5
3395
330
3382
100
AcDbEntity
  8
3
100
AcDbLine
 10
3.943337913414552
 20
0.6112486740100565
 30
0.0
 11
4.081786629522312
 21
0.6112486740100565
 31
0.0
  0
LINE
  5
3396
330
3382
100
AcDbEntity
  8
3
100
AcDbLine
 10
2.830815942773384
 20
0.5593230753699743
 30
0.0
 11
2.830815942773369
 21
0.6112486740100565
 31
0.0
  0
LINE
  5
3397
330
3382
100
AcDbEntity
  8
3
100
AcDbLine
 10
3.070815942773435
 20
0.500272751060578
 30
0.0
 11
3.070815942773435
 21
0.6112486740100565
 31
0.0
  0
LINE
  5
3398
330
3382
100
AcDbEntity
  8
3
100
AcDbLine
 10
3.050815942773425
 20
0.4119730988580273
 30
0.0
 11
3.050815942773425
 21
0.6112486740100565
 31
0.0
  0
LINE
  5
3399
330
3382
100
AcDbEntity
  8
3
100
AcDbLine
 10
3.030815942773429
 20
0.3236734466554481
 30
0.0
 11
3.030815942773429
 21
0.6112486740100281
 31
0.0
  0
LINE
  5
339A
330
3382
100
AcDbEntity
  8
3
100
AcDbLine
 10
3.010815942773433
 20
0.2353737944529541
 30
0.0
 11
3.010815942773419
 21
0.6112486740100565
 31
0.0
  0
LINE
  5
339B
330
3382
100
AcDbEntity
  8
3
100
AcDbLine
 10
2.990815942773423
 20
0.1470741422504034
 30
0.0
 11
2.990815942773423
 21
0.6112486740100565
 31
0.0
  0
LINE
  5
339C
330
3382
100
AcDbEntity
  8
3
100
AcDbLine
 10
2.970815942773413
 20
0.0587744900478242
 30
0.0
 11
2.970815942773413
 21
0.6112486740100565
 31
0.0
  0
LINE
  5
339D
330
3382
100
AcDbEntity
  8
3
100
AcDbLine
 10
2.950815942773402
 20
0.0295251621547266
 30
0.0
 11
2.950815942773417
 21
0.6112486740100281
 31
0.0
  0
LINE
  5
339E
330
3382
100
AcDbEntity
  8
3
100
AcDbLine
 10
2.930815942773421
 20
0.1178248143572489
 30
0.0
 11
2.930815942773406
 21
0.6112486740100565
 31
0.0
  0
LINE
  5
339F
330
3382
100
AcDbEntity
  8
3
100
AcDbLine
 10
2.910815942773396
 20
0.2061244665597997
 30
0.0
 11
2.910815942773396
 21
0.6112486740100565
 31
0.0
  0
LINE
  5
33A0
330
3382
100
AcDbEntity
  8
3
100
AcDbLine
 10
2.8908159427734
 20
0.2944241187623788
 30
0.0
 11
2.8908159427734
 21
0.6112486740100565
 31
0.0
  0
LINE
  5
33A1
330
3382
100
AcDbEntity
  8
3
100
AcDbLine
 10
2.87081594277339
 20
0.3827237709649012
 30
0.0
 11
2.87081594277339
 21
0.6112486740100565
 31
0.0
  0
LINE
  5
33A2
330
3382
100
AcDbEntity
  8
3
100
AcDbLine
 10
2.850815942773394
 20
0.4710234231674236
 30
0.0
 11
2.850815942773394
 21
0.6112486740100281
 31
0.0
  0
LINE
  5
33A3
330
3382
100
AcDbEntity
  8
3
100
AcDbLine
 10
2.957503435060914
 20
0.6112486740100565
 30
0.0
 11
2.819054718953154
 21
0.6112486740100565
 31
0.0
  0
LINE
  5
33A4
330
3382
100
AcDbEntity
  8
3
100
AcDbLine
 10
2.819054718953154
 20
0.6112486740100565
 30
0.0
 11
2.957503435060914
 21
0.0
 31
0.0
  0
LINE
  5
33A5
330
3382
100
AcDbEntity
  8
3
100
AcDbLine
 10
3.095952151168674
 20
0.6112486740100565
 30
0.0
 11
2.957503435060914
 21
0.0
 31
0.0
  0
LINE
  5
33A6
330
3382
100
AcDbEntity
  8
3
100
AcDbLine
 10
2.957503435060914
 20
0.6112486740100565
 30
0.0
 11
3.095952151168674
 21
0.6112486740100565
 31
0.0
  0
LINE
  5
33A7
330
3382
100
AcDbEntity
  8
3
100
AcDbLine
 10
1.844981464419745
 20
0.5593230753699743
 30
0.0
 11
1.844981464419731
 21
0.6112486740100565
 31
0.0
  0
LINE
  5
33A8
330
3382
100
AcDbEntity
  8
3
100
AcDbLine
 10
2.084981464419797
 20
0.500272751060578
 30
0.0
 11
2.084981464419797
 21
0.6112486740100565
 31
0.0
  0
LINE
  5
33A9
330
3382
100
AcDbEntity
  8
3
100
AcDbLine
 10
2.064981464419787
 20
0.4119730988580273
 30
0.0
 11
2.064981464419787
 21
0.6112486740100565
 31
0.0
  0
LINE
  5
33AA
330
3382
100
AcDbEntity
  8
3
100
AcDbLine
 10
2.044981464419791
 20
0.3236734466554481
 30
0.0
 11
2.044981464419791
 21
0.6112486740100281
 31
0.0
  0
LINE
  5
33AB
330
3382
100
AcDbEntity
  8
3
100
AcDbLine
 10
2.024981464419795
 20
0.2353737944529541
 30
0.0
 11
2.024981464419781
 21
0.6112486740100565
 31
0.0
  0
LINE
  5
33AC
330
3382
100
AcDbEntity
  8
3
100
AcDbLine
 10
2.004981464419785
 20
0.1470741422504034
 30
0.0
 11
2.004981464419785
 21
0.6112486740100565
 31
0.0
  0
LINE
  5
33AD
330
3382
100
AcDbEntity
  8
3
100
AcDbLine
 10
1.984981464419774
 20
0.0587744900478242
 30
0.0
 11
1.984981464419774
 21
0.6112486740100565
 31
0.0
  0
LINE
  5
33AE
330
3382
100
AcDbEntity
  8
3
100
AcDbLine
 10
1.964981464419764
 20
0.0295251621547266
 30
0.0
 11
1.964981464419778
 21
0.6112486740100281
 31
0.0
  0
LINE
  5
33AF
330
3382
100
AcDbEntity
  8
3
100
AcDbLine
 10
1.944981464419782
 20
0.1178248143572489
 30
0.0
 11
1.944981464419768
 21
0.6112486740100565
 31
0.0
  0
LINE
  5
33B0
330
3382
100
AcDbEntity
  8
3
100
AcDbLine
 10
1.924981464419758
 20
0.2061244665597997
 30
0.0
 11
1.924981464419758
 21
0.6112486740100565
 31
0.0
  0
LINE
  5
33B1
330
3382
100
AcDbEntity
  8
3
100
AcDbLine
 10
1.904981464419762
 20
0.2944241187623788
 30
0.0
 11
1.904981464419762
 21
0.6112486740100565
 31
0.0
  0
LINE
  5
33B2
330
3382
100
AcDbEntity
  8
3
100
AcDbLine
 10
1.884981464419752
 20
0.3827237709649012
 30
0.0
 11
1.884981464419752
 21
0.6112486740100565
 31
0.0
  0
LINE
  5
33B3
330
3382
100
AcDbEntity
  8
3
100
AcDbLine
 10
1.864981464419756
 20
0.4710234231674236
 30
0.0
 11
1.864981464419756
 21
0.6112486740100281
 31
0.0
  0
LINE
  5
33B4
330
3382
100
AcDbEntity
  8
3
100
AcDbLine
 10
1.971668956707276
 20
0.6112486740100565
 30
0.0
 11
1.833220240599516
 21
0.6112486740100565
 31
0.0
  0
LINE
  5
33B5
330
3382
100
AcDbEntity
  8
3
100
AcDbLine
 10
1.833220240599516
 20
0.6112486740100565
 30
0.0
 11
1.971668956707276
 21
0.0
 31
0.0
  0
LINE
  5
33B6
330
3382
100
AcDbEntity
  8
3
100
AcDbLine
 10
2.110117672815036
 20
0.6112486740100565
 30
0.0
 11
1.971668956707276
 21
0.0
 31
0.0
  0
LINE
  5
33B7
330
3382
100
AcDbEntity
  8
3
100
AcDbLine
 10
1.971668956707276
 20
0.6112486740100565
 30
0.0
 11
2.110117672815036
 21
0.6112486740100565
 31
0.0
  0
LINE
  5
33B8
330
3382
100
AcDbEntity
  8
3
100
AcDbLine
 10
0.8591469860661078
 20
0.5593230753699743
 30
0.0
 11
0.8591469860660936
 21
0.6112486740100565
 31
0.0
  0
LINE
  5
33B9
330
3382
100
AcDbEntity
  8
3
100
AcDbLine
 10
1.099146986066159
 20
0.500272751060578
 30
0.0
 11
1.099146986066159
 21
0.6112486740100565
 31
0.0
  0
LINE
  5
33BA
330
3382
100
AcDbEntity
  8
3
100
AcDbLine
 10
1.079146986066149
 20
0.4119730988580273
 30
0.0
 11
1.079146986066149
 21
0.6112486740100565
 31
0.0
  0
LINE
  5
33BB
330
3382
100
AcDbEntity
  8
3
100
AcDbLine
 10
1.059146986066153
 20
0.3236734466554481
 30
0.0
 11
1.059146986066153
 21
0.6112486740100281
 31
0.0
  0
LINE
  5
33BC
330
3382
100
AcDbEntity
  8
3
100
AcDbLine
 10
1.039146986066157
 20
0.2353737944529541
 30
0.0
 11
1.039146986066143
 21
0.6112486740100565
 31
0.0
  0
LINE
  5
33BD
330
3382
100
AcDbEntity
  8
3
100
AcDbLine
 10
1.019146986066147
 20
0.1470741422504034
 30
0.0
 11
1.019146986066147
 21
0.6112486740100565
 31
0.0
  0
LINE
  5
33BE
330
3382
100
AcDbEntity
  8
3
100
AcDbLine
 10
0.9991469860661368
 20
0.0587744900478242
 30
0.0
 11
0.9991469860661368
 21
0.6112486740100565
 31
0.0
  0
LINE
  5
33BF
330
3382
100
AcDbEntity
  8
3
100
AcDbLine
 10
0.9791469860661266
 20
0.0295251621547266
 30
0.0
 11
0.9791469860661408
 21
0.6112486740100281
 31
0.0
  0
LINE
  5
33C0
330
3382
100
AcDbEntity
  8
3
100
AcDbLine
 10
0.9591469860661447
 20
0.1178248143572489
 30
0.0
 11
0.9591469860661305
 21
0.6112486740100565
 31
0.0
  0
LINE
  5
33C1
330
3382
100
AcDbEntity
  8
3
100
AcDbLine
 10
0.9391469860661203
 20
0.2061244665597997
 30
0.0
 11
0.9391469860661203
 21
0.6112486740100565
 31
0.0
  0
LINE
  5
33C2
330
3382
100
AcDbEntity
  8
3
100
AcDbLine
 10
0.9191469860661243
 20
0.2944241187623788
 30
0.0
 11
0.9191469860661243
 21
0.6112486740100565
 31
0.0
  0
LINE
  5
33C3
330
3382
100
AcDbEntity
  8
3
100
AcDbLine
 10
0.899146986066114
 20
0.3827237709649012
 30
0.0
 11
0.899146986066114
 21
0.6112486740100565
 31
0.0
  0
LINE
  5
33C4
330
3382
100
AcDbEntity
  8
3
100
AcDbLine
 10
0.879146986066118
 20
0.4710234231674236
 30
0.0
 11
0.879146986066118
 21
0.6112486740100281
 31
0.0
  0
LINE
  5
33C5
330
3382
100
AcDbEntity
  8
3
100
AcDbLine
 10
0.9858344783536381
 20
0.6112486740100565
 30
0.0
 11
0.847385762245878
 21
0.6112486740100565
 31
0.0
  0
LINE
  5
33C6
330
3382
100
AcDbEntity
  8
3
100
AcDbLine
 10
0.847385762245878
 20
0.6112486740100565
 30
0.0
 11
0.9858344783536381
 21
0.0
 31
0.0
  0
LINE
  5
33C7
330
3382
100
AcDbEntity
  8
3
100
AcDbLine
 10
1.124283194461398
 20
0.6112486740100565
 30
0.0
 11
0.9858344783536381
 21
0.0
 31
0.0
  0
LINE
  5
33C8
330
3382
100
AcDbEntity
  8
3
100
AcDbLine
 10
0.9858344783536381
 20
0.6112486740100565
 30
0.0
 11
1.124283194461398
 21
0.6112486740100565
 31
0.0
  0
LINE
  5
33C9
330
3382
100
AcDbEntity
  8
3
100
AcDbLine
 10
-0.1266874922875303
 20
0.5593230753699743
 30
0.0
 11
-0.1266874922875445
 21
0.6112486740100565
 31
0.0
  0
LINE
  5
33CA
330
3382
100
AcDbEntity
  8
3
100
AcDbLine
 10
0.1133125077125214
 20
0.500272751060578
 30
0.0
 11
0.1133125077125214
 21
0.6112486740100565
 31
0.0
  0
LINE
  5
33CB
330
3382
100
AcDbEntity
  8
3
100
AcDbLine
 10
0.0933125077125112
 20
0.4119730988580273
 30
0.0
 11
0.0933125077125112
 21
0.6112486740100565
 31
0.0
  0
LINE
  5
33CC
330
3382
100
AcDbEntity
  8
3
100
AcDbLine
 10
0.0733125077125152
 20
0.3236734466554481
 30
0.0
 11
0.0733125077125152
 21
0.6112486740100281
 31
0.0
  0
LINE
  5
33CD
330
3382
100
AcDbEntity
  8
3
100
AcDbLine
 10
0.0533125077125192
 20
0.2353737944529541
 30
0.0
 11
0.053312507712505
 21
0.6112486740100565
 31
0.0
  0
LINE
  5
33CE
330
3382
100
AcDbEntity
  8
3
100
AcDbLine
 10
0.0333125077125089
 20
0.1470741422504034
 30
0.0
 11
0.0333125077125089
 21
0.6112486740100565
 31
0.0
  0
LINE
  5
33CF
330
3382
100
AcDbEntity
  8
3
100
AcDbLine
 10
0.0133125077124987
 20
0.0587744900478242
 30
0.0
 11
0.0133125077124987
 21
0.6112486740100565
 31
0.0
  0
LINE
  5
33D0
330
3382
100
AcDbEntity
  8
3
100
AcDbLine
 10
-0.0066874922875115
 20
0.0295251621547266
 30
0.0
 11
-0.0066874922874973
 21
0.6112486740100281
 31
0.0
  0
LINE
  5
33D1
330
3382
100
AcDbEntity
  8
3
100
AcDbLine
 10
-0.0266874922874934
 20
0.1178248143572489
 30
0.0
 11
-0.0266874922875076
 21
0.6112486740100565
 31
0.0
  0
LINE
  5
33D2
330
3382
100
AcDbEntity
  8
3
100
AcDbLine
 10
-0.0466874922875178
 20
0.2061244665597997
 30
0.0
 11
-0.0466874922875178
 21
0.6112486740100565
 31
0.0
  0
LINE
  5
33D3
330
3382
100
AcDbEntity
  8
3
100
AcDbLine
 10
-0.0666874922875138
 20
0.2944241187623788
 30
0.0
 11
-0.0666874922875138
 21
0.6112486740100565
 31
0.0
  0
LINE
  5
33D4
330
3382
100
AcDbEntity
  8
3
100
AcDbLine
 10
-0.0866874922875241
 20
0.3827237709649012
 30
0.0
 11
-0.0866874922875241
 21
0.6112486740100565
 31
0.0
  0
LINE
  5
33D5
330
3382
100
AcDbEntity
  8
3
100
AcDbLine
 10
-0.1066874922875201
 20
0.4710234231674236
 30
0.0
 11
-0.1066874922875201
 21
0.6112486740100281
 31
0.0
  0
LINE
  5
33D6
330
3382
100
AcDbEntity
  8
3
100
AcDbLine
 10
0.0
 20
0.6112486740100565
 30
0.0
 11
-0.1384487161077601
 21
0.6112486740100565
 31
0.0
  0
LINE
  5
33D7
330
3382
100
AcDbEntity
  8
3
100
AcDbLine
 10
-0.1384487161077601
 20
0.6112486740100565
 30
0.0
 11
0.0
 21
0.0
 31
0.0
  0
LINE
  5
33D8
330
3382
100
AcDbEntity
  8
3
100
AcDbLine
 10
0.1384487161077601
 20
0.6112486740100565
 30
0.0
 11
0.0
 21
0.0
 31
0.0
  0
LINE
  5
33D9
330
3382
100
AcDbEntity
  8
3
100
AcDbLine
 10
0.0
 20
0.6112486740100565
 30
0.0
 11
0.1384487161077601
 21
0.6112486740100565
 31
0.0
  0
LINE
  5
33DA
330
3382
100
AcDbEntity
  8
3
100
AcDbLine
 10
3.943337913414552
 20
0.0
 30
0.0
 11
3.943337913414538
 21
2.077079391146668
 31
0.0
  0
LINE
  5
33DB
330
3382
100
AcDbEntity
  8
3
100
AcDbLine
 10
2.957503435060914
 20
0.0
 30
0.0
 11
2.957503435060914
 21
2.077079391146668
 31
0.0
  0
LINE
  5
33DC
330
3382
100
AcDbEntity
  8
3
100
AcDbLine
 10
1.971668956707276
 20
0.0
 30
0.0
 11
1.971668956707276
 21
2.077079391146668
 31
0.0
  0
LINE
  5
33DD
330
3382
100
AcDbEntity
  8
3
100
AcDbLine
 10
0.9858344783536381
 20
0.0
 30
0.0
 11
0.9858344783536381
 21
2.077079391146668
 31
0.0
  0
LINE
  5
33DE
330
3382
100
AcDbEntity
  8
3
100
AcDbLine
 10
0.0
 20
0.0
 30
0.0
 11
0.0
 21
2.077079391146668
 31
0.0
  0
TEXT
  5
33DF
330
3382
100
AcDbEntity
  8
0
 62
     7
100
AcDbText
 10
14.34378180495607
 20
4.446722898672334
 30
0.0
 40
1.0
  1
2
  7
GHS
 72
     4
 11
14.81997228114655
 21
4.946722898672334
 31
0.0
100
AcDbText
  0
ENDBLK
  5
33E1
330
3382
100
AcDbEntity
  8
0
100
AcDbBlockEnd
  0
BLOCK
  5
3434
330
3432
100
AcDbEntity
  8
0
100
AcDbBlockBegin
  2
STB19
 70
     0
 10
0.0
 20
0.0
 30
0.0
  3
STB19
  1

  0
TEXT
  5
3433
330
3432
100
AcDbEntity
  8
0
 62
     7
100
AcDbText
 10
-30.90671101103538
 20
-3.147447890543406
 30
0.0
 40
6.0
  1
표 준 단 면 도
 72
     4
 11
-0.4495681538925283
 21
0.1192187761232617
 31
0.0
100
AcDbText
  0
ENDBLK
  5
3435
330
3432
100
AcDbEntity
  8
0
100
AcDbBlockEnd
  0
BLOCK
  5
35AB
330
35A8
100
AcDbEntity
  8
0
100
AcDbBlockBegin
  2
STB22
 70
     0
 10
0.0
 20
0.0
 30
0.0
  3
STB22
  1

  0
TEXT
  5
35A9
330
35A8
100
AcDbEntity
  8
0
 62
     7
100
AcDbText
 10
3.406553420781619
 20
5.041609378897774
 30
0.0
 40
6.0
  1
상 부
 50
90.0
 72
     1
 11
3.406553420781619
 21
15.18922842651682
 31
0.0
100
AcDbText
  0
TEXT
  5
35AA
330
35A8
100
AcDbEntity
  8
0
 62
     7
100
AcDbText
 10
3.406553420781619
 20
-25.09172395443556
 30
0.0
 40
6.0
  1
하 부
 50
90.0
 72
     1
 11
3.406553420781619
 21
-14.81077157348318
 31
0.0
100
AcDbText
  0
ENDBLK
  5
35AC
330
35A8
100
AcDbEntity
  8
0
100
AcDbBlockEnd
  0
BLOCK
  5
35D3
330
35CF
100
AcDbEntity
  8
0
100
AcDbBlockBegin
  2
STB7
 70
     0
 10
0.0
 20
0.0
 30
0.0
  3
STB7
  1

  0
LINE
  5
35D0
330
35CF
100
AcDbEntity
  8
4
100
AcDbLine
 10
-0.3000000000000114
 20
2.200000000000031
 30
0.0
 11
0.3000000000000114
 21
2.799999999999997
 31
0.0
  0
LINE
  5
35D1
330
35CF
100
AcDbEntity
  8
4
100
AcDbLine
 10
-0.3000000000000114
 20
2.200000000000017
 30
0.0
 11
-0.3000000000000114
 21
0.2999999999999971
 31
0.0
  0
LINE
  5
35D2
330
35CF
100
AcDbEntity
  8
4
100
AcDbLine
 10
-0.3000000000000114
 20
0.3000000000000256
 30
0.0
 11
0.3000000000000114
 21
-0.3000000000000398
 31
0.0
  0
ENDBLK
  5
35D4
330
35CF
100
AcDbEntity
  8
0
100
AcDbBlockEnd
  0
BLOCK
  5
369D
330
369B
100
AcDbEntity
  8
0
100
AcDbBlockBegin
  2
STB21
 70
     0
 10
0.0
 20
0.0
 30
0.0
  3
STB21
  1

  0
TEXT
  5
369C
330
369B
100
AcDbEntity
  8
0
 62
     7
100
AcDbText
 10
-15.26669068102897
 20
-2.417394011733629
 30
0.0
 40
6.0
  1
저   판
 72
     4
 11
0.5761664618281657
 21
0.7826059882663686
 31
0.0
100
AcDbText
  0
ENDBLK
  5
369E
330
369B
100
AcDbEntity
  8
0
100
AcDbBlockEnd
  0
BLOCK
  5
36A4
330
36A0
100
AcDbEntity
  8
0
100
AcDbBlockBegin
  2
STB20
 70
     0
 10
0.0
 20
0.0
 30
0.0
  3
STB20
  1

  0
TEXT
  5
36A1
330
36A0
100
AcDbEntity
  8
0
 62
     7
100
AcDbText
 10
8.493403674051965
 20
-24.7941889867484
 30
0.0
 40
6.0
  1
배 면
 72
     1
 11
15.35054653119482
 21
-24.7941889867484
 31
0.0
100
AcDbText
  0
TEXT
  5
36A2
330
36A0
100
AcDbEntity
  8
0
 62
     7
100
AcDbText
 10
-13.28477409706358
 20
-3.403332924556936
 30
0.0
 40
6.0
  1
벽   체
 72
     4
 11
-0.9990598113492978
 21
-0.4033329245569349
 31
0.0
100
AcDbText
  0
TEXT
  5
36A3
330
36A0
100
AcDbEntity
  8
0
 62
     7
100
AcDbText
 10
-21.50659632594804
 20
-24.7941889867484
 30
0.0
 40
6.0
  1
전 면
 72
     1
 11
-14.64945346880518
 21
-24.7941889867484
 31
0.0
100
AcDbText
  0
ENDBLK
  5
36A5
330
36A0
100
AcDbEntity
  8
0
100
AcDbBlockEnd
  0
BLOCK
  5
36E8
330
36E6
100
AcDbEntity
  8
0
100
AcDbBlockBegin
  2
STB15
 70
     0
 10
0.0
 20
0.0
 30
0.0
  3
STB15
  1

  0
LINE
  5
36E7
330
36E6
100
AcDbEntity
  8
4
100
AcDbLine
 10
-0.3500000000000227
 20
0.3499999999999943
 30
0.0
 11
0.3500000000000227
 21
-0.3499999999999943
 31
0.0
  0
ENDBLK
  5
36E9
330
36E6
100
AcDbEntity
  8
0
100
AcDbBlockEnd
  0
BLOCK
  5
38BA
330
3802
100
AcDbEntity
  8
0
100
AcDbBlockBegin
  2
STB24
 70
     0
 10
0.0
 20
0.0
 30
0.0
  3
STB24
  1

  0
TEXT
  5
3803
330
3802
100
AcDbEntity
  8
3
100
AcDbText
 10
63.74072934359083
 20
-61.76292662109154
 30
0.0
 40
3.0
  1
L2
 50
90.0
  7
GHS
100
AcDbText
  0
LINE
  5
3804
330
3802
100
AcDbEntity
  8
0
100
AcDbLine
 10
60.40004837971356
 20
-55.06751276542695
 30
0.0
 11
65.50004837971346
 21
-55.06751276542695
 31
0.0
  0
LINE
  5
3805
330
3802
100
AcDbEntity
  8
0
100
AcDbLine
 10
60.40004837971356
 20
-64.17396943440099
 30
0.0
 11
65.50004837971346
 21
-64.17396943440099
 31
0.0
  0
LINE
  5
3806
330
3802
100
AcDbEntity
  8
0
100
AcDbLine
 10
30.38719113238267
 20
-5.732332703273641
 30
0.0
 11
30.38719113238267
 21
-21.27963415895056
 31
0.0
  0
LINE
  5
3807
330
3802
100
AcDbEntity
  8
4
100
AcDbLine
 10
30.38719113238267
 20
-30.57850256960774
 30
0.0
 11
27.10427811227101
 21
-12.59108244441518
 31
0.0
  0
LWPOLYLINE
  5
3808
330
3802
100
AcDbEntity
  8
0
100
AcDbPolyline
 90
        2
 70
     1
 43
0.5
 10
20.95178034265928
 20
-13.66835681973816
 42
1.0
 10
21.45178034265928
 20
-13.66835681973816
 42
1.0
  0
LINE
  5
3809
330
3802
100
AcDbEntity
  8
0
100
AcDbLine
 10
24.48469336277094
 20
-31.65577694493072
 30
0.0
 11
21.20178034265927
 21
-13.66835681973816
 31
0.0
  0
LINE
  5
380A
330
3802
100
AcDbEntity
  8
0
100
AcDbLine
 10
20.11965575156364
 20
-13.86585712188071
 30
0.0
 11
25.13677885573361
 21
-12.95017390285625
 31
0.0
  0
TEXT
  5
380B
330
3802
100
AcDbEntity
  8
3
100
AcDbText
 10
45.0684895564691
 20
-70.69894880834453
 30
0.0
 40
3.0
  1
상세5
  7
GHS
100
AcDbText
  0
LINE
  5
380C
330
3802
100
AcDbEntity
  8
0
100
AcDbLine
 10
41.26466976821757
 20
-49.06751276542696
 30
0.0
 11
58.40004837971355
 21
-49.06751276542696
 31
0.0
  0
LINE
  5
380D
330
3802
100
AcDbEntity
  8
4
100
AcDbLine
 10
41.26466976821757
 20
-55.06751276542695
 30
0.0
 11
58.40004837971355
 21
-55.06751276542695
 31
0.0
  0
TEXT
  5
380E
330
3802
100
AcDbEntity
  8
3
100
AcDbText
 10
34.26587983693571
 20
-61.76292662109154
 30
0.0
 40
3.0
  1
L2
 50
90.0
  7
GHS
100
AcDbText
  0
LINE
  5
380F
330
3802
100
AcDbEntity
  8
0
100
AcDbLine
 10
35.26466976821757
 20
-64.17396943440099
 30
0.0
 11
35.26466976821757
 21
-55.06751276542695
 31
0.0
  0
LINE
  5
3810
330
3802
100
AcDbEntity
  8
4
100
AcDbLine
 10
41.26466976821757
 20
-64.17396943440099
 30
0.0
 11
41.26466976821757
 21
-55.06751276542695
 31
0.0
  0
LINE
  5
3811
330
3802
100
AcDbEntity
  8
0
100
AcDbLine
 10
39.26466976821757
 20
-64.17396943440099
 30
0.0
 11
34.16466976821721
 21
-64.17396943440099
 31
0.0
  0
LWPOLYLINE
  5
3812
330
3802
100
AcDbEntity
  8
0
100
AcDbPolyline
 90
        2
 70
     1
 43
0.5
 10
35.01466976821757
 20
-64.17396943440099
 42
1.0
 10
35.51466976821757
 20
-64.17396943440099
 42
1.0
  0
LINE
  5
3813
330
3802
100
AcDbEntity
  8
0
100
AcDbLine
 10
39.26466976821757
 20
-55.06751276542695
 30
0.0
 11
34.16466976821721
 21
-55.06751276542695
 31
0.0
  0
LWPOLYLINE
  5
3814
330
3802
100
AcDbEntity
  8
0
100
AcDbPolyline
 90
        2
 70
     1
 43
0.5
 10
35.01466976821757
 20
-55.06751276542695
 42
1.0
 10
35.51466976821757
 20
-55.06751276542695
 42
1.0
  0
LWPOLYLINE
  5
3815
330
3802
100
AcDbEntity
  8
0
100
AcDbPolyline
 90
        2
 70
     1
 43
0.5
 10
41.01466976821757
 20
-49.06751276542696
 42
1.0
 10
41.51466976821757
 20
-49.06751276542696
 42
1.0
  0
LINE
  5
3816
330
3802
100
AcDbEntity
  8
0
100
AcDbLine
 10
41.26466976821757
 20
-53.06751276542695
 30
0.0
 11
41.26466976821757
 21
-48.06751276542695
 31
0.0
  0
LINE
  5
3817
330
3802
100
AcDbEntity
  8
4
100
AcDbLine
 10
58.40004837971355
 20
-64.17396943440099
 30
0.0
 11
58.40004837971355
 21
-55.06751276542695
 31
0.0
  0
TEXT
  5
3818
330
3802
100
AcDbEntity
  8
3
100
AcDbText
 10
47.8019487387005
 20
-48.37209890976215
 30
0.0
 40
3.0
  1
L1
  7
GHS
100
AcDbText
  0
LWPOLYLINE
  5
3819
330
3802
100
AcDbEntity
  8
0
100
AcDbPolyline
 90
        2
 70
     1
 43
0.5
 10
58.15004837971355
 20
-49.06751276542696
 42
1.0
 10
58.65004837971355
 20
-49.06751276542696
 42
1.0
  0
LINE
  5
381A
330
3802
100
AcDbEntity
  8
0
100
AcDbLine
 10
58.40004837971355
 20
-53.06751276542695
 30
0.0
 11
58.40004837971355
 21
-47.96751276542681
 31
0.0
  0
LINE
  5
381B
330
3802
100
AcDbEntity
  8
0
100
AcDbLine
 10
23.40256877167531
 20
-31.85327724707327
 30
0.0
 11
28.41969187584528
 21
-30.93759402804858
 31
0.0
  0
LWPOLYLINE
  5
381C
330
3802
100
AcDbEntity
  8
0
100
AcDbPolyline
 90
        2
 70
     1
 43
0.5
 10
24.23469336277094
 20
-31.65577694493072
 42
1.0
 10
24.73469336277094
 20
-31.65577694493072
 42
1.0
  0
TEXT
  5
381D
330
3802
100
AcDbEntity
  8
3
100
AcDbText
 10
22.75084997690738
 20
-27.14983507321267
 30
0.0
 40
3.0
  1
L1
 50
100.3433009428837
  7
GHS
100
AcDbText
  0
LWPOLYLINE
  5
381E
330
3802
100
AcDbEntity
  8
0
100
AcDbPolyline
 90
        2
 70
     1
 43
0.5
 10
34.33412542068572
 20
-35.52297712033169
 42
1.0
 10
34.83412542068573
 20
-35.52297712033169
 42
1.0
  0
LINE
  5
381F
330
3802
100
AcDbEntity
  8
4
100
AcDbLine
 10
30.38719113238267
 20
-30.57850256960774
 30
0.0
 11
34.60415712392296
 21
-30.57850256960774
 31
0.0
  0
LINE
  5
3820
330
3802
100
AcDbEntity
  8
0
100
AcDbLine
 10
30.38719113238267
 20
-35.50466198672893
 30
0.0
 11
34.94996444584194
 21
-35.50466198672893
 31
0.0
  0
TEXT
  5
3821
330
3802
100
AcDbEntity
  8
3
100
AcDbText
 10
32.32603177979081
 20
-34.58534350395621
 30
0.0
 40
3.0
  1
L2
  7
GHS
100
AcDbText
  0
TEXT
  5
3822
330
3802
100
AcDbEntity
  8
3
100
AcDbText
 10
27.88932253012354
 20
-41.61032436287905
 30
0.0
 40
3.0
  1
상세 1
  7
GHS
100
AcDbText
  0
LWPOLYLINE
  5
3823
330
3802
100
AcDbEntity
  8
0
100
AcDbPolyline
 90
        2
 70
     1
 43
0.5
 10
30.10187382808999
 20
-35.38207410984205
 42
1.0
 10
30.60187382809
 20
-35.38207410984205
 42
1.0
  0
LINE
  5
3824
330
3802
100
AcDbEntity
  8
0
100
AcDbLine
 10
30.38719113238267
 20
-31.91411621439056
 30
0.0
 11
30.38719113238267
 21
-36.63935325022976
 31
0.0
  0
LINE
  5
3825
330
3802
100
AcDbEntity
  8
0
100
AcDbLine
 10
34.60415712392296
 20
-31.91411621439056
 30
0.0
 11
34.60415712392296
 21
-36.63935325022976
 31
0.0
  0
LWPOLYLINE
  5
3826
330
3802
100
AcDbEntity
  8
0
100
AcDbPolyline
 90
        2
 70
     1
 43
0.5
 10
30.13719113238267
 20
-6.83233270327355
 42
1.0
 10
30.63719113238267
 20
-6.83233270327355
 42
1.0
  0
LWPOLYLINE
  5
3827
330
3802
100
AcDbEntity
  8
0
100
AcDbPolyline
 90
        2
 70
     1
 43
0.5
 10
26.854278112271
 20
-6.83233270327355
 42
1.0
 10
27.35427811227101
 20
-6.83233270327355
 42
1.0
  0
TEXT
  5
3828
330
3802
100
AcDbEntity
  8
3
100
AcDbText
 10
26.38584352381168
 20
-5.462027794990262
 30
0.0
 40
3.0
  1
L3
  7
GHS
100
AcDbText
  0
LINE
  5
3829
330
3802
100
AcDbEntity
  8
0
100
AcDbLine
 10
27.10427811227101
 20
-6.83233270327355
 30
0.0
 11
30.38719113238267
 21
-6.83233270327355
 31
0.0
  0
LINE
  5
382A
330
3802
100
AcDbEntity
  8
0
100
AcDbLine
 10
27.10427811227101
 20
-10.49226100261353
 30
0.0
 11
27.10427811227101
 21
-5.732332703273641
 31
0.0
  0
LINE
  5
382B
330
3802
100
AcDbEntity
  8
0
100
AcDbLine
 10
122.1559142041696
 20
-49.06751276542696
 30
0.0
 11
128.8110810455637
 21
-49.06751276542696
 31
0.0
  0
TEXT
  5
382C
330
3802
100
AcDbEntity
  8
3
100
AcDbText
 10
123.0711841473717
 20
-48.37209890976215
 30
0.0
 40
3.0
  1
L2
  7
GHS
100
AcDbText
  0
LINE
  5
382D
330
3802
100
AcDbEntity
  8
4
100
AcDbLine
 10
122.1559142041696
 20
-55.06751276542695
 30
0.0
 11
128.8110810455637
 21
-55.06751276542672
 31
0.0
  0
LINE
  5
382E
330
3802
100
AcDbEntity
  8
4
100
AcDbLine
 10
101.4254758610946
 20
-22.89438770416859
 30
0.0
 11
118.5608544725905
 21
-22.89438770416859
 31
0.0
  0
TEXT
  5
382F
330
3802
100
AcDbEntity
  8
3
100
AcDbText
 10
104.6333616814304
 20
-37.45413918325767
 30
0.0
 40
3.0
  1
상세3
  7
GHS
100
AcDbText
  0
LINE
  5
3830
330
3802
100
AcDbEntity
  8
0
100
AcDbLine
 10
101.4254758610946
 20
-28.89438770416859
 30
0.0
 11
118.5608544725905
 21
-28.89438770416859
 31
0.0
  0
TEXT
  5
3831
330
3802
100
AcDbEntity
  8
3
100
AcDbText
 10
123.4944178044261
 20
-70.69894880834453
 30
0.0
 40
3.0
  1
상세7
  7
GHS
100
AcDbText
  0
LWPOLYLINE
  5
3832
330
3802
100
AcDbEntity
  8
0
100
AcDbPolyline
 90
        2
 70
     1
 43
0.5
 10
95.17547586109458
 20
-13.78793103519456
 42
1.0
 10
95.67547586109458
 20
-13.78793103519456
 42
1.0
  0
LINE
  5
3833
330
3802
100
AcDbEntity
  8
0
100
AcDbLine
 10
75.59861283326881
 20
-15.68465312446028
 30
0.0
 11
75.59861283326881
 21
-10.68465312446028
 31
0.0
  0
LINE
  5
3834
330
3802
100
AcDbEntity
  8
0
100
AcDbLine
 10
58.46323422177284
 20
-15.68465312446028
 30
0.0
 11
58.46323422177284
 21
-10.68465312446028
 31
0.0
  0
LINE
  5
3835
330
3802
100
AcDbEntity
  8
4
100
AcDbLine
 10
58.46323422177284
 20
-17.68465312446028
 30
0.0
 11
75.59861283326881
 21
-17.68465312446028
 31
0.0
  0
LINE
  5
3836
330
3802
100
AcDbEntity
  8
4
100
AcDbLine
 10
72.33819761401628
 20
-26.79110979343432
 30
0.0
 11
75.49740666525394
 21
-26.79110979343432
 31
0.0
  0
LINE
  5
3837
330
3802
100
AcDbEntity
  8
0
100
AcDbLine
 10
72.4394037820307
 20
-32.96615469658628
 30
0.0
 11
75.59861283326881
 21
-32.96615469658604
 31
0.0
  0
LWPOLYLINE
  5
3838
330
3802
100
AcDbEntity
  8
0
100
AcDbPolyline
 90
        2
 70
     1
 43
0.5
 10
92.76738542184331
 20
-49.69515542754402
 42
1.0
 10
93.2673854218433
 20
-49.69515542754402
 42
1.0
  0
LINE
  5
3839
330
3802
100
AcDbEntity
  8
0
100
AcDbLine
 10
91.47873486892377
 20
-53.23342435599807
 30
0.0
 11
93.51586737769777
 21
-48.54885017165111
 31
0.0
  0
LINE
  5
383A
330
3802
100
AcDbEntity
  8
4
100
AcDbLine
 10
99.32450586399774
 20
-58.82615389976627
 30
0.0
 11
90.68116373955717
 21
-55.06751276542695
 31
0.0
  0
TEXT
  5
383B
330
3802
100
AcDbEntity
  8
3
100
AcDbText
 10
72.86285198317546
 20
-32.07676433776101
 30
0.0
 40
3.0
  1
L3
  7
GHS
100
AcDbText
  0
TEXT
  5
383C
330
3802
100
AcDbEntity
  8
3
100
AcDbText
 10
83.48808758168933
 20
-70.69894880834453
 30
0.0
 40
3.0
  1
상세6
  7
GHS
100
AcDbText
  0
TEXT
  5
383D
330
3802
100
AcDbEntity
  8
3
100
AcDbText
 10
74.63146960185349
 20
-52.97140913228736
 30
0.0
 40
3.0
  1
L2
 50
43.11768320075858
  7
GHS
100
AcDbText
  0
LINE
  5
383E
330
3802
100
AcDbEntity
  8
0
100
AcDbLine
 10
75.25379893457238
 20
-53.74467069367847
 30
0.0
 11
79.26788652373762
 21
-49.98602955933893
 31
0.0
  0
LINE
  5
383F
330
3802
100
AcDbEntity
  8
0
100
AcDbLine
 10
78.64491112664973
 20
-57.36625117374069
 30
0.0
 11
74.39942507060504
 21
-52.83223148991237
 31
0.0
  0
LINE
  5
3840
330
3802
100
AcDbEntity
  8
0
100
AcDbLine
 10
78.01190930899792
 20
-58.82615389976627
 30
0.0
 11
72.91190930899756
 21
-58.82615389976627
 31
0.0
  0
LINE
  5
3841
330
3802
100
AcDbEntity
  8
0
100
AcDbLine
 10
78.01190930899792
 20
-55.06751276542695
 30
0.0
 11
72.91190930899756
 21
-55.06751276542695
 31
0.0
  0
LINE
  5
3842
330
3802
100
AcDbEntity
  8
0
100
AcDbLine
 10
78.01190930899792
 20
-64.17396943440099
 30
0.0
 11
72.91190930899756
 21
-64.17396943440099
 31
0.0
  0
TEXT
  5
3843
330
3802
100
AcDbEntity
  8
3
100
AcDbText
 10
73.01311937771607
 20
-64.10496715393378
 30
0.0
 40
3.0
  1
L1
 50
90.0
  7
GHS
100
AcDbText
  0
LINE
  5
3844
330
3802
100
AcDbEntity
  8
0
100
AcDbLine
 10
74.01190930899793
 20
-64.17396943440099
 30
0.0
 11
74.01190930899793
 21
-55.06751276542695
 31
0.0
  0
LINE
  5
3845
330
3802
100
AcDbEntity
  8
0
100
AcDbLine
 10
64.40004837971355
 20
-64.17396943440099
 30
0.0
 11
64.40004837971355
 21
-55.06751276542695
 31
0.0
  0
LWPOLYLINE
  5
3846
330
3802
100
AcDbEntity
  8
0
100
AcDbPolyline
 90
        2
 70
     1
 43
0.5
 10
64.15004837971356
 20
-64.17396943440099
 42
1.0
 10
64.65004837971355
 20
-64.17396943440099
 42
1.0
  0
LWPOLYLINE
  5
3847
330
3802
100
AcDbEntity
  8
0
100
AcDbPolyline
 90
        2
 70
     1
 43
0.5
 10
73.76190930899793
 20
-64.17396943440099
 42
1.0
 10
74.26190930899792
 20
-64.17396943440099
 42
1.0
  0
LWPOLYLINE
  5
3848
330
3802
100
AcDbEntity
  8
0
100
AcDbPolyline
 90
        2
 70
     1
 43
0.5
 10
64.15004837971356
 20
-55.06751276542695
 42
1.0
 10
64.65004837971355
 20
-55.06751276542695
 42
1.0
  0
TEXT
  5
3849
330
3802
100
AcDbEntity
  8
3
100
AcDbText
 10
73.01311937771607
 20
-58.88556758393235
 30
0.0
 40
3.0
  1
L6
 50
90.0
  7
GHS
100
AcDbText
  0
LWPOLYLINE
  5
384A
330
3802
100
AcDbEntity
  8
0
100
AcDbPolyline
 90
        2
 70
     1
 43
0.5
 10
75.00379893457239
 20
-53.74467069367847
 42
1.0
 10
75.50379893457239
 20
-53.74467069367847
 42
1.0
  0
LWPOLYLINE
  5
384B
330
3802
100
AcDbEntity
  8
0
100
AcDbPolyline
 90
        2
 70
     1
 43
0.5
 10
73.76190930899793
 20
-58.82615389976627
 42
1.0
 10
74.26190930899792
 20
-58.82615389976627
 42
1.0
  0
LWPOLYLINE
  5
384C
330
3802
100
AcDbEntity
  8
0
100
AcDbPolyline
 90
        2
 70
     1
 43
0.5
 10
73.76190930899793
 20
-55.06751276542695
 42
1.0
 10
74.26190930899792
 20
-55.06751276542695
 42
1.0
  0
LINE
  5
384D
330
3802
100
AcDbEntity
  8
4
100
AcDbLine
 10
80.01190930899793
 20
-64.17396943440099
 30
0.0
 11
80.01190930899793
 21
-58.82615389976638
 31
0.0
  0
LINE
  5
384E
330
3802
100
AcDbEntity
  8
4
100
AcDbLine
 10
84.0259968981627
 20
-55.06751276542695
 30
0.0
 11
90.68116373955673
 21
-55.06751276542672
 31
0.0
  0
LINE
  5
384F
330
3802
100
AcDbEntity
  8
0
100
AcDbLine
 10
84.0259968981627
 20
-49.06751276542696
 30
0.0
 11
90.68116373955673
 21
-49.06751276542696
 31
0.0
  0
LWPOLYLINE
  5
3850
330
3802
100
AcDbEntity
  8
0
100
AcDbPolyline
 90
        2
 70
     1
 43
0.5
 10
83.77599689816269
 20
-49.06751276542696
 42
1.0
 10
84.2759968981627
 20
-49.06751276542696
 42
1.0
  0
LINE
  5
3851
330
3802
100
AcDbEntity
  8
0
100
AcDbLine
 10
84.0259968981627
 20
-53.06751276542695
 30
0.0
 11
84.0259968981627
 21
-48.06751276542695
 31
0.0
  0
LWPOLYLINE
  5
3852
330
3802
100
AcDbEntity
  8
0
100
AcDbPolyline
 90
        2
 70
     1
 43
0.5
 10
79.01788652373761
 20
-49.98602955933893
 42
1.0
 10
79.51788652373761
 20
-49.98602955933893
 42
1.0
  0
LINE
  5
3853
330
3802
100
AcDbEntity
  8
0
100
AcDbLine
 10
82.65899871581451
 20
-53.60761003940115
 30
0.0
 11
78.41351265976982
 21
-49.07359035557283
 31
0.0
  0
LINE
  5
3854
330
3802
100
AcDbEntity
  8
4
100
AcDbLine
 10
80.01190930899793
 20
-58.82615389976627
 30
0.0
 11
84.0259968981627
 21
-55.06751276542695
 31
0.0
  0
LWPOLYLINE
  5
3855
330
3802
100
AcDbEntity
  8
0
100
AcDbPolyline
 90
        2
 70
     1
 43
0.5
 10
90.43116373955673
 20
-49.06751276542696
 42
1.0
 10
90.93116373955671
 20
-49.06751276542696
 42
1.0
  0
LINE
  5
3856
330
3802
100
AcDbEntity
  8
0
100
AcDbLine
 10
90.68116373955673
 20
-53.06751276542695
 30
0.0
 11
90.68116373955673
 21
-48.06751276542695
 31
0.0
  0
TEXT
  5
3857
330
3802
100
AcDbEntity
  8
3
100
AcDbText
 10
84.94126684136473
 20
-48.37209890976215
 30
0.0
 40
3.0
  1
L3
  7
GHS
100
AcDbText
  0
TEXT
  5
3858
330
3802
100
AcDbEntity
  8
3
100
AcDbText
 10
51.46444429049097
 20
-24.38006698012487
 30
0.0
 40
3.0
  1
L2
 50
90.0
  7
GHS
100
AcDbText
  0
LWPOLYLINE
  5
3859
330
3802
100
AcDbEntity
  8
0
100
AcDbPolyline
 90
        2
 70
     1
 43
0.5
 10
52.21323422177284
 20
-17.68465312446028
 42
1.0
 10
52.71323422177284
 20
-17.68465312446028
 42
1.0
  0
LINE
  5
385A
330
3802
100
AcDbEntity
  8
0
100
AcDbLine
 10
56.46323422177284
 20
-17.68465312446028
 30
0.0
 11
51.36323422177247
 21
-17.68465312446028
 31
0.0
  0
LWPOLYLINE
  5
385B
330
3802
100
AcDbEntity
  8
0
100
AcDbPolyline
 90
        2
 70
     1
 43
0.5
 10
52.21323422177284
 20
-26.79110979343432
 42
1.0
 10
52.71323422177284
 20
-26.79110979343432
 42
1.0
  0
LINE
  5
385C
330
3802
100
AcDbEntity
  8
0
100
AcDbLine
 10
56.46323422177284
 20
-26.79110979343432
 30
0.0
 11
51.36323422177247
 21
-26.79110979343432
 31
0.0
  0
LINE
  5
385D
330
3802
100
AcDbEntity
  8
0
100
AcDbLine
 10
52.46323422177283
 20
-26.79110979343432
 30
0.0
 11
52.46323422177283
 21
-17.68465312446028
 31
0.0
  0
LINE
  5
385E
330
3802
100
AcDbEntity
  8
0
100
AcDbLine
 10
72.43940378203115
 20
-29.34091766074698
 30
0.0
 11
72.4394037820307
 21
-34.06615469658618
 31
0.0
  0
LINE
  5
385F
330
3802
100
AcDbEntity
  8
0
100
AcDbLine
 10
61.6224432730105
 20
-29.34091766074698
 30
0.0
 11
61.6224432730105
 21
-34.06615469658595
 31
0.0
  0
TEXT
  5
3860
330
3802
100
AcDbEntity
  8
3
100
AcDbText
 10
58.8866824229176
 20
-32.07676433776101
 30
0.0
 40
3.0
  1
L3
  7
GHS
100
AcDbText
  0
LINE
  5
3861
330
3802
100
AcDbEntity
  8
0
100
AcDbLine
 10
58.46323422177284
 20
-29.34091766074698
 30
0.0
 11
58.46323422177284
 21
-34.06615469658618
 31
0.0
  0
TEXT
  5
3862
330
3802
100
AcDbEntity
  8
3
100
AcDbText
 10
61.95549241997833
 20
-39.17589086323892
 30
0.0
 40
3.0
  1
상세2
  7
GHS
100
AcDbText
  0
LWPOLYLINE
  5
3863
330
3802
100
AcDbEntity
  8
0
100
AcDbPolyline
 90
        2
 70
     1
 43
0.5
 10
61.37244327301051
 20
-32.96615469658604
 42
1.0
 10
61.8724432730105
 20
-32.96615469658604
 42
1.0
  0
LWPOLYLINE
  5
3864
330
3802
100
AcDbEntity
  8
0
100
AcDbPolyline
 90
        2
 70
     1
 43
0.5
 10
58.21323422177283
 20
-32.96615469658628
 42
1.0
 10
58.71323422177283
 20
-32.96615469658628
 42
1.0
  0
LINE
  5
3865
330
3802
100
AcDbEntity
  8
0
100
AcDbLine
 10
58.46323422177284
 20
-32.96615469658628
 30
0.0
 11
61.6224432730105
 21
-32.96615469658604
 31
0.0
  0
LWPOLYLINE
  5
3866
330
3802
100
AcDbEntity
  8
0
100
AcDbPolyline
 90
        2
 70
     1
 43
0.5
 10
72.18940378203069
 20
-32.96615469658628
 42
1.0
 10
72.68940378203069
 20
-32.96615469658628
 42
1.0
  0
LINE
  5
3867
330
3802
100
AcDbEntity
  8
4
100
AcDbLine
 10
58.46323422177284
 20
-26.79110979343432
 30
0.0
 11
61.6224432730105
 21
-26.79110979343432
 31
0.0
  0
LINE
  5
3868
330
3802
100
AcDbEntity
  8
4
100
AcDbLine
 10
58.46323422177284
 20
-26.79110979343432
 30
0.0
 11
58.46323422177284
 21
-17.68465312446028
 31
0.0
  0
TEXT
  5
3869
330
3802
100
AcDbEntity
  8
3
100
AcDbText
 10
109.7289735078311
 20
-59.00764499746833
 30
0.0
 40
3.0
  1
L6
 50
90.0
  7
GHS
100
AcDbText
  0
TEXT
  5
386A
330
3802
100
AcDbEntity
  8
3
100
AcDbText
 10
109.7289735078311
 20
-64.75062055134571
 30
0.0
 40
3.0
  1
L5
 50
90.0
  7
GHS
100
AcDbText
  0
LINE
  5
386B
330
3802
100
AcDbEntity
  8
0
100
AcDbLine
 10
105.3245058639977
 20
-64.17396943440099
 30
0.0
 11
105.3245058639977
 21
-55.06751276542695
 31
0.0
  0
LINE
  5
386C
330
3802
100
AcDbEntity
  8
4
100
AcDbLine
 10
99.32450586399774
 20
-64.17396943440099
 30
0.0
 11
99.32450586399774
 21
-58.82615389976638
 31
0.0
  0
LWPOLYLINE
  5
386D
330
3802
100
AcDbEntity
  8
0
100
AcDbPolyline
 90
        2
 70
     1
 43
0.5
 10
105.0745058639977
 20
-64.17396943440099
 42
1.0
 10
105.5745058639977
 20
-64.17396943440099
 42
1.0
  0
LINE
  5
386E
330
3802
100
AcDbEntity
  8
0
100
AcDbLine
 10
101.3245058639977
 20
-64.17396943440099
 30
0.0
 11
106.4245058639976
 21
-64.17396943440099
 31
0.0
  0
LINE
  5
386F
330
3802
100
AcDbEntity
  8
0
100
AcDbLine
 10
100.1220769933647
 20
-56.9920654903376
 30
0.0
 11
102.1592095021383
 21
-52.30749130599065
 31
0.0
  0
LINE
  5
3870
330
3802
100
AcDbEntity
  8
0
100
AcDbLine
 10
93.01738542184329
 20
-49.69515542754402
 30
0.0
 11
101.6607275462838
 21
-53.45379656188356
 31
0.0
  0
TEXT
  5
3871
330
3802
100
AcDbEntity
  8
3
100
AcDbText
 10
95.40417939669259
 20
-49.9747549561821
 30
0.0
 40
3.0
  1
L4
 50
336.4977198102264
  7
GHS
100
AcDbText
  0
LWPOLYLINE
  5
3872
330
3802
100
AcDbEntity
  8
0
100
AcDbPolyline
 90
        2
 70
     1
 43
0.5
 10
105.0745058639977
 20
-58.82615389976627
 42
1.0
 10
105.5745058639977
 20
-58.82615389976627
 42
1.0
  0
LWPOLYLINE
  5
3873
330
3802
100
AcDbEntity
  8
0
100
AcDbPolyline
 90
        2
 70
     1
 43
0.5
 10
105.0745058639977
 20
-55.06751276542695
 42
1.0
 10
105.5745058639977
 20
-55.06751276542695
 42
1.0
  0
LWPOLYLINE
  5
3874
330
3802
100
AcDbEntity
  8
0
100
AcDbPolyline
 90
        2
 70
     1
 43
0.5
 10
101.4107275462838
 20
-53.45379656188356
 42
1.0
 10
101.9107275462838
 20
-53.45379656188356
 42
1.0
  0
LINE
  5
3875
330
3802
100
AcDbEntity
  8
0
100
AcDbLine
 10
101.3245058639977
 20
-58.82615389976627
 30
0.0
 11
106.4245058639976
 21
-58.82615389976627
 31
0.0
  0
LINE
  5
3876
330
3802
100
AcDbEntity
  8
0
100
AcDbLine
 10
101.3245058639977
 20
-55.06751276542695
 30
0.0
 11
106.4245058639976
 21
-55.06751276542695
 31
0.0
  0
LINE
  5
3877
330
3802
100
AcDbEntity
  8
0
100
AcDbLine
 10
116.7748284326567
 20
-57.36625117374069
 30
0.0
 11
112.529342376612
 21
-52.83223148991237
 31
0.0
  0
LINE
  5
3878
330
3802
100
AcDbEntity
  8
0
100
AcDbLine
 10
113.3837162405793
 20
-53.74467069367847
 30
0.0
 11
117.3978038297446
 21
-49.98602955933893
 31
0.0
  0
LWPOLYLINE
  5
3879
330
3802
100
AcDbEntity
  8
0
100
AcDbPolyline
 90
        2
 70
     1
 43
0.5
 10
113.1337162405793
 20
-53.74467069367847
 42
1.0
 10
113.6337162405793
 20
-53.74467069367847
 42
1.0
  0
TEXT
  5
387A
330
3802
100
AcDbEntity
  8
3
100
AcDbText
 10
112.7613869078604
 20
-52.97140913228736
 30
0.0
 40
3.0
  1
L1
 50
43.11768320075858
  7
GHS
100
AcDbText
  0
LINE
  5
387B
330
3802
100
AcDbEntity
  8
0
100
AcDbLine
 10
122.1559142041696
 20
-53.06751276542695
 30
0.0
 11
122.1559142041696
 21
-48.06751276542695
 31
0.0
  0
LWPOLYLINE
  5
387C
330
3802
100
AcDbEntity
  8
0
100
AcDbPolyline
 90
        2
 70
     1
 43
0.5
 10
121.9059142041696
 20
-49.06751276542696
 42
1.0
 10
122.4059142041697
 20
-49.06751276542696
 42
1.0
  0
LWPOLYLINE
  5
387D
330
3802
100
AcDbEntity
  8
0
100
AcDbPolyline
 90
        2
 70
     1
 43
0.5
 10
117.1478038297446
 20
-49.98602955933893
 42
1.0
 10
117.6478038297446
 20
-49.98602955933893
 42
1.0
  0
LINE
  5
387E
330
3802
100
AcDbEntity
  8
0
100
AcDbLine
 10
120.7889160218215
 20
-53.60761003940115
 30
0.0
 11
116.5434299657768
 21
-49.07359035557283
 31
0.0
  0
LINE
  5
387F
330
3802
100
AcDbEntity
  8
4
100
AcDbLine
 10
118.1418266150049
 20
-58.82615389976627
 30
0.0
 11
122.1559142041696
 21
-55.06751276542695
 31
0.0
  0
LINE
  5
3880
330
3802
100
AcDbEntity
  8
0
100
AcDbLine
 10
75.59861283326881
 20
-29.34091766074698
 30
0.0
 11
75.59861283326881
 21
-34.06615469658595
 31
0.0
  0
LWPOLYLINE
  5
3881
330
3802
100
AcDbEntity
  8
0
100
AcDbPolyline
 90
        2
 70
     1
 43
0.5
 10
75.34861283326882
 20
-32.96615469658604
 42
1.0
 10
75.84861283326882
 20
-32.96615469658604
 42
1.0
  0
LWPOLYLINE
  5
3882
330
3802
100
AcDbEntity
  8
0
100
AcDbPolyline
 90
        2
 70
     1
 43
0.5
 10
81.34861283326882
 20
-17.68465312446028
 42
1.0
 10
81.84861283326881
 20
-17.68465312446028
 42
1.0
  0
LINE
  5
3883
330
3802
100
AcDbEntity
  8
0
100
AcDbLine
 10
77.59861283326881
 20
-17.68465312446028
 30
0.0
 11
82.69861283326873
 21
-17.68465312446028
 31
0.0
  0
LWPOLYLINE
  5
3884
330
3802
100
AcDbEntity
  8
0
100
AcDbPolyline
 90
        2
 70
     1
 43
0.5
 10
81.34861283326882
 20
-26.79110979343432
 42
1.0
 10
81.84861283326881
 20
-26.79110979343432
 42
1.0
  0
LINE
  5
3885
330
3802
100
AcDbEntity
  8
0
100
AcDbLine
 10
77.59861283326881
 20
-26.79110979343432
 30
0.0
 11
82.69861283326873
 21
-26.79110979343409
 31
0.0
  0
TEXT
  5
3886
330
3802
100
AcDbEntity
  8
3
100
AcDbText
 10
80.93929379714609
 20
-24.38006698012487
 30
0.0
 40
3.0
  1
L2
 50
90.0
  7
GHS
100
AcDbText
  0
LINE
  5
3887
330
3802
100
AcDbEntity
  8
4
100
AcDbLine
 10
75.59861283326881
 20
-26.79110979343432
 30
0.0
 11
75.59861283326881
 21
-17.68465312446028
 31
0.0
  0
LINE
  5
3888
330
3802
100
AcDbEntity
  8
0
100
AcDbLine
 10
81.59861283326881
 20
-26.79110979343432
 30
0.0
 11
81.59861283326881
 21
-17.68465312446028
 31
0.0
  0
LINE
  5
3889
330
3802
100
AcDbEntity
  8
0
100
AcDbLine
 10
101.4254758610946
 20
-24.89438770416859
 30
0.0
 11
101.4254758610946
 21
-29.9943877041685
 31
0.0
  0
LINE
  5
388A
330
3802
100
AcDbEntity
  8
0
100
AcDbLine
 10
99.42547586109458
 20
-13.78793103519456
 30
0.0
 11
94.32547586109468
 21
-13.78793103519456
 31
0.0
  0
LINE
  5
388B
330
3802
100
AcDbEntity
  8
0
100
AcDbLine
 10
99.42547586109458
 20
-22.89438770416859
 30
0.0
 11
94.32547586109468
 21
-22.89438770416859
 31
0.0
  0
LWPOLYLINE
  5
388C
330
3802
100
AcDbEntity
  8
0
100
AcDbPolyline
 90
        2
 70
     1
 43
0.5
 10
95.17547586109458
 20
-22.89438770416859
 42
1.0
 10
95.67547586109458
 20
-22.89438770416859
 42
1.0
  0
LINE
  5
388D
330
3802
100
AcDbEntity
  8
0
100
AcDbLine
 10
95.42547586109458
 20
-13.78793103519456
 30
0.0
 11
95.42547586109458
 21
-22.89438770416859
 31
0.0
  0
TEXT
  5
388E
330
3802
100
AcDbEntity
  8
3
100
AcDbText
 10
94.42668592981318
 20
-20.48468813421823
 30
0.0
 40
3.0
  1
L2
 50
90.0
  7
GHS
100
AcDbText
  0
LWPOLYLINE
  5
388F
330
3802
100
AcDbEntity
  8
0
100
AcDbPolyline
 90
        2
 70
     1
 43
0.5
 10
101.1754758610946
 20
-28.89438770416859
 42
1.0
 10
101.6754758610945
 20
-28.89438770416859
 42
1.0
  0
LINE
  5
3890
330
3802
100
AcDbEntity
  8
4
100
AcDbLine
 10
101.4254758610946
 20
-13.78793103519456
 30
0.0
 11
101.4254758610946
 21
-22.89438770416859
 31
0.0
  0
LINE
  5
3891
330
3802
100
AcDbEntity
  8
0
100
AcDbLine
 10
58.46323422177284
 20
-11.68465312446028
 30
0.0
 11
75.59861283326881
 21
-11.68465312446028
 31
0.0
  0
TEXT
  5
3892
330
3802
100
AcDbEntity
  8
3
100
AcDbText
 10
65.00051319225576
 20
-10.9892392687957
 30
0.0
 40
3.0
  1
L1
  7
GHS
100
AcDbText
  0
LWPOLYLINE
  5
3893
330
3802
100
AcDbEntity
  8
0
100
AcDbPolyline
 90
        2
 70
     1
 43
0.5
 10
58.21323422177283
 20
-11.68465312446028
 42
1.0
 10
58.71323422177283
 20
-11.68465312446028
 42
1.0
  0
LWPOLYLINE
  5
3894
330
3802
100
AcDbEntity
  8
0
100
AcDbPolyline
 90
        2
 70
     1
 43
0.5
 10
75.34861283326882
 20
-11.68465312446028
 42
1.0
 10
75.84861283326882
 20
-11.68465312446028
 42
1.0
  0
LWPOLYLINE
  5
3895
330
3802
100
AcDbEntity
  8
0
100
AcDbPolyline
 90
        2
 70
     1
 43
0.5
 10
136.3304044840933
 20
-20.30834925140721
 42
1.0
 10
136.8304044840934
 20
-20.30834925140721
 42
1.0
  0
LINE
  5
3896
330
3802
100
AcDbEntity
  8
0
100
AcDbLine
 10
136.5804044840934
 20
-20.30834925140721
 30
0.0
 11
153.7157830955893
 21
-20.30834925140721
 31
0.0
  0
LINE
  5
3897
330
3802
100
AcDbEntity
  8
4
100
AcDbLine
 10
136.5804044840934
 20
-26.30834925140721
 30
0.0
 11
153.7157830955893
 21
-26.30834925140721
 31
0.0
  0
LINE
  5
3898
330
3802
100
AcDbEntity
  8
0
100
AcDbLine
 10
138.2519942993717
 20
-56.9920654903376
 30
0.0
 11
140.2891268081453
 21
-52.30749130599065
 31
0.0
  0
LWPOLYLINE
  5
3899
330
3802
100
AcDbEntity
  8
0
100
AcDbPolyline
 90
        2
 70
     1
 43
0.5
 10
139.5406448522908
 20
-53.45379656188356
 42
1.0
 10
140.0406448522908
 20
-53.45379656188356
 42
1.0
  0
LINE
  5
389A
330
3802
100
AcDbEntity
  8
0
100
AcDbLine
 10
139.4544231700047
 20
-55.06751276542695
 30
0.0
 11
144.5544231700046
 21
-55.06751276542695
 31
0.0
  0
LINE
  5
389B
330
3802
100
AcDbEntity
  8
0
100
AcDbLine
 10
139.4544231700047
 20
-58.82615389976627
 30
0.0
 11
144.5544231700046
 21
-58.82615389976627
 31
0.0
  0
LINE
  5
389C
330
3802
100
AcDbEntity
  8
0
100
AcDbLine
 10
139.4544231700047
 20
-64.17396943440099
 30
0.0
 11
144.5544231700046
 21
-64.17396943440099
 31
0.0
  0
LINE
  5
389D
330
3802
100
AcDbEntity
  8
4
100
AcDbLine
 10
137.4544231700047
 20
-64.17396943440099
 30
0.0
 11
137.4544231700047
 21
-58.82615389976638
 31
0.0
  0
LINE
  5
389E
330
3802
100
AcDbEntity
  8
0
100
AcDbLine
 10
131.1473027278502
 20
-49.69515542754402
 30
0.0
 11
139.7906448522908
 21
-53.45379656188356
 31
0.0
  0
LINE
  5
389F
330
3802
100
AcDbEntity
  8
4
100
AcDbLine
 10
137.4544231700047
 20
-58.82615389976627
 30
0.0
 11
128.8110810455641
 21
-55.06751276542695
 31
0.0
  0
LWPOLYLINE
  5
38A0
330
3802
100
AcDbEntity
  8
0
100
AcDbPolyline
 90
        2
 70
     1
 43
0.5
 10
130.8973027278502
 20
-49.69515542754402
 42
1.0
 10
131.3973027278503
 20
-49.69515542754402
 42
1.0
  0
LINE
  5
38A1
330
3802
100
AcDbEntity
  8
0
100
AcDbLine
 10
129.6086521749307
 20
-53.23342435599807
 30
0.0
 11
131.6457846837047
 21
-48.54885017165111
 31
0.0
  0
LINE
  5
38A2
330
3802
100
AcDbEntity
  8
0
100
AcDbLine
 10
128.8110810455637
 20
-53.06751276542695
 30
0.0
 11
128.8110810455637
 21
-48.06751276542695
 31
0.0
  0
LWPOLYLINE
  5
38A3
330
3802
100
AcDbEntity
  8
0
100
AcDbPolyline
 90
        2
 70
     1
 43
0.5
 10
128.5610810455637
 20
-49.06751276542696
 42
1.0
 10
129.0610810455637
 20
-49.06751276542696
 42
1.0
  0
TEXT
  5
38A4
330
3802
100
AcDbEntity
  8
3
100
AcDbText
 10
133.5340967026996
 20
-49.9747549561821
 30
0.0
 40
3.0
  1
L3
 50
336.4977198102264
  7
GHS
100
AcDbText
  0
LINE
  5
38A5
330
3802
100
AcDbEntity
  8
0
100
AcDbLine
 10
143.4544231700047
 20
-64.17396943440099
 30
0.0
 11
143.4544231700047
 21
-55.06751276542695
 31
0.0
  0
TEXT
  5
38A6
330
3802
100
AcDbEntity
  8
3
100
AcDbText
 10
147.8588908138381
 20
-64.75062055134571
 30
0.0
 40
3.0
  1
L4
 50
90.0
  7
GHS
100
AcDbText
  0
LWPOLYLINE
  5
38A7
330
3802
100
AcDbEntity
  8
0
100
AcDbPolyline
 90
        2
 70
     1
 43
0.5
 10
143.2044231700047
 20
-64.17396943440099
 42
1.0
 10
143.7044231700047
 20
-64.17396943440099
 42
1.0
  0
LWPOLYLINE
  5
38A8
330
3802
100
AcDbEntity
  8
0
100
AcDbPolyline
 90
        2
 70
     1
 43
0.5
 10
143.2044231700047
 20
-55.06751276542695
 42
1.0
 10
143.7044231700047
 20
-55.06751276542695
 42
1.0
  0
LWPOLYLINE
  5
38A9
330
3802
100
AcDbEntity
  8
0
100
AcDbPolyline
 90
        2
 70
     1
 43
0.5
 10
143.2044231700047
 20
-58.82615389976627
 42
1.0
 10
143.7044231700047
 20
-58.82615389976627
 42
1.0
  0
TEXT
  5
38AA
330
3802
100
AcDbEntity
  8
3
100
AcDbText
 10
147.8588908138381
 20
-59.00764499746833
 30
0.0
 40
3.0
  1
L5
 50
90.0
  7
GHS
100
AcDbText
  0
LINE
  5
38AB
330
3802
100
AcDbEntity
  8
0
100
AcDbLine
 10
120.5608544725905
 20
-16.44181269300975
 30
0.0
 11
125.6608544725904
 21
-16.44181269300975
 31
0.0
  0
LINE
  5
38AC
330
3802
100
AcDbEntity
  8
0
100
AcDbLine
 10
120.5608544725905
 20
-22.89438770416859
 30
0.0
 11
125.6608544725904
 21
-22.89438770416859
 31
0.0
  0
TEXT
  5
38AD
330
3802
100
AcDbEntity
  8
3
100
AcDbText
 10
123.9015354364678
 20
-22.09783188700794
 30
0.0
 40
3.0
  1
L3
 50
90.0
  7
GHS
100
AcDbText
  0
LINE
  5
38AE
330
3802
100
AcDbEntity
  8
0
100
AcDbLine
 10
118.5608544725905
 20
-24.89438770416859
 30
0.0
 11
118.5608544725905
 21
-29.9943877041685
 31
0.0
  0
TEXT
  5
38AF
330
3802
100
AcDbEntity
  8
3
100
AcDbText
 10
107.962754831578
 20
-27.35221506402832
 30
0.0
 40
3.0
  1
L1
  7
GHS
100
AcDbText
  0
LWPOLYLINE
  5
38B0
330
3802
100
AcDbEntity
  8
0
100
AcDbPolyline
 90
        2
 70
     1
 43
0.5
 10
118.3108544725905
 20
-28.89438770416859
 42
1.0
 10
118.8108544725905
 20
-28.89438770416859
 42
1.0
  0
LINE
  5
38B1
330
3802
100
AcDbEntity
  8
4
100
AcDbLine
 10
118.5608544725905
 20
-16.44181269300975
 30
0.0
 11
118.5608544725905
 21
-22.89438770416859
 31
0.0
  0
LWPOLYLINE
  5
38B2
330
3802
100
AcDbEntity
  8
0
100
AcDbPolyline
 90
        2
 70
     1
 43
0.5
 10
124.3108544725905
 20
-16.44181269300975
 42
1.0
 10
124.8108544725905
 20
-16.44181269300975
 42
1.0
  0
LWPOLYLINE
  5
38B3
330
3802
100
AcDbEntity
  8
0
100
AcDbPolyline
 90
        2
 70
     1
 43
0.5
 10
124.3108544725905
 20
-22.89438770416859
 42
1.0
 10
124.8108544725905
 20
-22.89438770416859
 42
1.0
  0
LINE
  5
38B4
330
3802
100
AcDbEntity
  8
0
100
AcDbLine
 10
124.5608544725905
 20
-16.44181269300975
 30
0.0
 11
124.5608544725905
 21
-22.89438770416859
 31
0.0
  0
LINE
  5
38B5
330
3802
100
AcDbEntity
  8
0
100
AcDbLine
 10
136.5804044840934
 20
-24.30834925140721
 30
0.0
 11
136.5804044840934
 21
-19.2083492514073
 31
0.0
  0
TEXT
  5
38B6
330
3802
100
AcDbEntity
  8
3
100
AcDbText
 10
140.7110083277621
 20
-37.45413918325767
 30
0.0
 40
3.0
  1
상세4
  7
GHS
100
AcDbText
  0
TEXT
  5
38B7
330
3802
100
AcDbEntity
  8
3
100
AcDbText
 10
143.1176834545767
 20
-19.61293539574262
 30
0.0
 40
3.0
  1
L1
  7
GHS
100
AcDbText
  0
LWPOLYLINE
  5
38B8
330
3802
100
AcDbEntity
  8
0
100
AcDbPolyline
 90
        2
 70
     1
 43
0.5
 10
153.4657830955893
 20
-20.30834925140721
 42
1.0
 10
153.9657830955893
 20
-20.30834925140721
 42
1.0
  0
LINE
  5
38B9
330
3802
100
AcDbEntity
  8
0
100
AcDbLine
 10
153.7157830955893
 20
-24.30834925140721
 30
0.0
 11
153.7157830955893
 21
-19.2083492514073
 31
0.0
  0
ENDBLK
  5
38BB
330
3802
100
AcDbEntity
  8
0
100
AcDbBlockEnd
  0
BLOCK
  5
394D
330
394B
100
AcDbEntity
  8
0
100
AcDbBlockBegin
  2
STB10
 70
     0
 10
0.0
 20
0.0
 30
0.0
  3
STB10
  1

  0
TEXT
  5
394C
330
394B
100
AcDbEntity
  8
3
100
AcDbText
 10
11.44166666666666
 20
0.7000000000000002
 30
0.0
 40
1.5
  1
소     계
  7
GHS
 72
     4
 11
17.0
 21
1.5
 31
0.0
100
AcDbText
  0
ENDBLK
  5
394E
330
394B
100
AcDbEntity
  8
0
100
AcDbBlockEnd
  0
BLOCK
  5
39A6
330
39A4
100
AcDbEntity
  8
0
100
AcDbBlockBegin
  2
STB11
 70
     0
 10
0.0
 20
0.0
 30
0.0
  3
STB11
  1

  0
TEXT
  5
39A5
330
39A4
100
AcDbEntity
  8
3
100
AcDbText
 10
19.94166666666666
 20
0.691666666666667
 30
0.0
 40
1.5
  1
총         계
  7
GHS
 72
     4
 11
28.5
 21
1.5
 31
0.0
100
AcDbText
  0
ENDBLK
  5
39A7
330
39A4
100
AcDbEntity
  8
0
100
AcDbBlockEnd
  0
BLOCK
  5
39B7
330
39B5
100
AcDbEntity
  8
0
100
AcDbBlockBegin
  2
STB29
 70
     0
 10
0.0
 20
0.0
 30
0.0
  3
STB29
  1

  0
TEXT
  5
39B6
330
39B5
100
AcDbEntity
  8
0
 62
     7
100
AcDbText
 10
-12.54217639729923
 20
-3.574880822258021
 30
0.0
 40
7.5
  1
수 평
 72
     4
 11
-0.3576525877754193
 21
0.3417858444086477
 31
0.0
100
AcDbText
  0
ENDBLK
  5
39B8
330
39B5
100
AcDbEntity
  8
0
100
AcDbBlockEnd
  0
ENDSEC
  0
SECTION
  2
ENTITIES
  0
LWPOLYLINE
  5
183B
330
1A
100
AcDbEntity
  8
0
100
AcDbPolyline
 90
        4
 70
     1
 43
1.5
 10
827.5
 20
16.0
 10
452.5
 20
16.0
 10
452.5
 20
566.0
 10
827.5
 20
566.0
  0
LWPOLYLINE
  5
183C
330
1A
100
AcDbEntity
  8
0
100
AcDbPolyline
 90
        4
 70
     1
 43
1.5
 10
397.5
 20
16.0
 10
22.5
 20
16.0
 10
22.5
 20
566.0
 10
397.5
 20
566.0
  0
POINT
  5
183D
330
1A
100
AcDbEntity
  8
0
100
AcDbPoint
 10
425.0
 20
586.0
 30
0.0
  0
POINT
  5
183E
330
1A
100
AcDbEntity
  8
0
100
AcDbPoint
 10
845.0
 20
586.0
 30
0.0
  0
LWPOLYLINE
  5
183F
330
1A
100
AcDbEntity
  8
0
100
AcDbPolyline
 90
        2
 70
     0
 43
1.0
 10
22.5
 20
41.0
 10
397.5
 20
41.0
  0
LWPOLYLINE
  5
1840
330
1A
100
AcDbEntity
  8
DD
100
AcDbPolyline
 90
        2
 70
     0
 43
0.75
 10
22.5
 20
16.0
 10
22.5
 20
41.0
  0
HATCH
  5
1841
330
1A
100
AcDbEntity
  8
0
100
AcDbHatch
 10
0.0
 20
0.0
 30
0.0
210
0.0
220
0.0
230
1.0
  2
SOLID
 70
     1
 71
     0
 91
        4
 92
        7
 72
     1
 73
     1
 93
        8
 10
36.68771916995684
 20
33.44004789501742
 42
0.0
 10
36.65602419334528
 20
37.98299454263736
 42
0.0
 10
32.43002731183833
 20
37.98299454263736
 42
0.0
 10
32.43999440157222
 20
34.99286762241605
 42
0.0309098612195239
 10
32.46547614620613
 20
34.60219688805114
 42
0.1952341485161468
 10
36.50811430249269
 20
27.41800233886977
 42
0.0487726463502694
 10
37.81532960635786
 20
26.45625930855988
 42
0.0
 10
39.24194506180447
 20
27.93697339669166
 42
-0.1825077056950771
 97
        0
 92
        7
 72
     1
 73
     1
 93
       18
 10
40.38546644127518
 20
26.99540265071914
 42
-0.0432044152952166
 10
39.24194506180447
 20
27.93697339669166
 42
0.0
 10
37.81532960635786
 20
26.45625930855988
 42
0.2086502245945202
 10
44.43185845531843
 20
25.62195366422918
 42
0.1968729510191757
 10
46.71451603924061
 20
27.86817944857773
 42
0.0973784821222413
 10
46.79970458177558
 20
28.26683462736787
 42
0.0
 10
46.80496886649916
 20
28.58821707998027
 42
0.1340624217888635
 10
46.3729180545647
 20
29.61403398104426
 42
0.1921347420202958
 10
43.29134521985998
 20
31.08378168534216
 42
0.0882821781635033
 10
37.42827675440594
 20
30.53043794406972
 42
0.0552806070196446
 10
38.39408545208335
 20
28.90226837015439
 42
-0.0298108860573541
 10
39.93467415184387
 20
29.73062109748719
 42
-0.1095143406937435
 10
43.13930534780865
 20
30.16441840668506
 42
-0.0323750796477972
 10
43.76558320907861
 20
30.14723561732604
 42
-0.1763280251622877
 10
45.57789920109871
 20
29.29873524925915
 42
-0.1636242487810571
 10
45.8656700026795
 20
28.68987009142211
 42
0.0
 10
45.88350496509247
 20
28.34969316787613
 42
-0.2446092032467425
 10
45.47919820210426
 20
27.46207829112291
 42
-0.3534285698391839
 97
        0
 92
        7
 72
     1
 73
     1
 93
        8
 10
36.39189938825121
 20
27.41800233886977
 42
-0.0012574581081286
 10
36.44739923044653
 20
27.46671778752148
 42
-0.0219208666831742
 10
35.72762819225818
 20
28.10256106838551
 42
0.0981349139576272
 10
32.06555250684096
 20
24.45476582399658
 42
0.1490156191303025
 10
31.79612777961211
 20
23.57082501197329
 42
0.0
 10
31.78556278740871
 20
23.1920054573626
 42
0.0
 10
33.90912622036558
 20
23.1920054573626
 42
-0.0908643337381581
 10
34.06856747154689
 20
23.94337742422363
 42
-0.1624462786262883
 97
        0
 92
        7
 72
     1
 73
     1
 93
        8
 10
35.50035718317031
 20
28.32830031832418
 42
-0.0334212603937531
 10
34.54946168918605
 20
29.4405583271606
 42
0.1175716310105631
 10
28.52510406589227
 20
24.49185220518416
 42
0.1633874720968818
 10
28.20403043033093
 20
23.53552911254769
 42
0.0
 10
28.20403043033093
 20
23.1920054573626
 42
0.0
 10
30.52832871516012
 20
23.1920054573626
 42
0.0
 10
30.52832871516012
 20
23.38832707600023
 42
-0.1563535170850447
 10
30.72520616600605
 20
24.00252656802673
 42
-0.1075842297841907
 97
        0
 75
     0
 76
     1
 47
0.058940789520932
 98
        4
 10
36.71150130819206
 20
29.39516930553975
 10
39.7249466443177
 20
26.46581303199253
 10
34.52365724038373
 20
25.84693368465628
 10
33.28525392437541
 20
27.53853484583772
450
        0
451
        0
460
0.0
461
0.0
452
        0
462
0.0
453
        0
470

  0
TEXT
  5
1843
330
1A
100
AcDbEntity
  8
0
100
AcDbText
 10
53.50689461445806
 20
24.45862263890183
 30
0.0
 40
7.0
  1
건설교통부
  7
LOGO
 72
     4
 11
67.34022794779139
 21
27.95862263890183
 31
0.0
100
AcDbText
  0
LWPOLYLINE
  5
1844
330
1A
100
AcDbEntity
  8
0
100
AcDbPolyline
 90
       22
 70
     0
 43
0.0
 10
38.39408545208335
 20
28.90226837015439
 42
-0.0298108860573552
 10
39.93467415184387
 20
29.73062109748719
 42
-0.1095143406937421
 10
43.13930534780865
 20
30.16441840668506
 42
-0.0323750796477921
 10
43.76558320907861
 20
30.14723561732604
 42
-0.1763280251622753
 10
45.57789920109826
 20
29.29873524925938
 42
-0.1636242487811419
 10
45.8656700026795
 20
28.689870091422
 10
45.88350496509247
 20
28.34969316787613
 42
-0.2446092032467358
 10
45.47919820210426
 20
27.46207829112291
 42
-0.3534285698391709
 10
40.38546644127563
 20
26.99540265071903
 42
-0.2275060376548946
 10
36.68771916995684
 20
33.4400478950173
 10
36.65602419334528
 20
37.98299454263736
 10
32.43002731183833
 20
37.98299454263736
 10
32.43999440157222
 20
34.99286762241468
 42
0.0309098612195657
 10
32.46547614620658
 20
34.60219688804921
 42
0.1952341485161012
 10
36.50811430249269
 20
27.41800233886966
 42
0.2600694478150862
 10
44.43185845531843
 20
25.62195366422918
 42
0.1968729510191849
 10
46.71451603924106
 20
27.86817944857785
 42
0.0973784821222471
 10
46.79970458177558
 20
28.2668346273681
 10
46.80496886649916
 20
28.58821707998027
 42
0.1340624217888622
 10
46.3729180545647
 20
29.61403398104426
 42
0.1921347420202978
 10
43.29134521985998
 20
31.08378168534216
 42
0.0882821781635029
 10
37.42827675440594
 20
30.53043794406972
  0
POINT
  5
1845
330
1A
100
AcDbEntity
  8
0
100
AcDbPoint
 10
5.0
 20
-4.0
 30
0.0
  0
LWPOLYLINE
  5
1846
330
1A
100
AcDbEntity
  8
DD
100
AcDbPolyline
 90
        2
 70
     0
 43
0.75
 10
177.5
 20
16.0
 10
177.5
 20
41.0
  0
TEXT
  5
1847
330
1A
100
AcDbEntity
  8
0
100
AcDbText
 10
170.9285714285714
 20
25.5
 30
0.0
 40
6.0
  1
면
 72
     4
 11
172.5
 21
28.5
 31
0.0
100
AcDbText
  0
LWPOLYLINE
  5
1848
330
1A
100
AcDbEntity
  8
DD
100
AcDbPolyline
 90
        2
 70
     0
 43
0.75
 10
167.5
 20
16.0
 10
167.5
 20
41.0
  0
LWPOLYLINE
  5
1849
330
1A
100
AcDbEntity
  8
DD
100
AcDbPolyline
 90
        2
 70
     0
 43
0.75
 10
92.5
 20
16.0
 10
92.5
 20
41.0
  0
TEXT
  5
184A
330
1A
100
AcDbEntity
  8
0
100
AcDbText
 10
103.8333333333333
 20
25.0
 30
0.0
 40
7.0
  1
도로 옹벽 표준도
 72
     4
 11
130.0
 21
28.5
 31
0.0
100
AcDbText
  0
TEXT
  5
184B
330
1A
100
AcDbEntity
  8
0
100
AcDbText
 10
187.2320178799007
 20
25.5
 30
0.0
 40
6.0
  1
역T형 옹벽
 72
     1
 11
201.8034464513294
 21
28.5
 31
0.0
100
AcDbText
 73
     2
  0
TEXT
  5
184C
330
1A
100
AcDbEntity
  8
0
100
AcDbText
 10
170.9285714285714
 20
18.5
 30
0.0
 40
6.0
  1
명
 72
     4
 11
172.5
 21
21.5
 31
0.0
100
AcDbText
  0
TEXT
  5
184D
330
1A
100
AcDbEntity
  8
0
100
AcDbText
 10
170.9285714285714
 20
32.5
 30
0.0
 40
6.0
  1
도
 72
     4
 11
172.5
 21
35.5
 31
0.0
100
AcDbText
  0
TEXT
  5
184E
330
1A
100
AcDbEntity
  8
0
100
AcDbText
 10
346.4967187500001
 20
29.375
 30
0.0
 40
5.25
  1
도 면
 72
     4
 11
352.4967187500001
 21
32.0
 31
0.0
100
AcDbText
  0
LWPOLYLINE
  5
1850
330
1A
100
AcDbEntity
  8
DD
100
AcDbPolyline
 90
        2
 70
     0
 43
0.75
 10
342.5
 20
16.0
 10
342.5
 20
41.0
  0
LWPOLYLINE
  5
1851
330
1A
100
AcDbEntity
  8
DD
100
AcDbPolyline
 90
        2
 70
     0
 43
0.75
 10
362.5
 20
16.0
 10
362.5
 20
41.0
  0
LWPOLYLINE
  5
1852
330
1A
100
AcDbEntity
  8
DD
100
AcDbPolyline
 90
        2
 70
     0
 43
0.75
 10
302.5
 20
16.0
 10
302.5
 20
41.0
  0
LWPOLYLINE
  5
1853
330
1A
100
AcDbEntity
  8
DD
100
AcDbPolyline
 90
        2
 70
     0
 43
0.75
 10
267.5
 20
16.0
 10
267.5
 20
41.0
  0
TEXT
  5
1854
330
1A
100
AcDbEntity
  8
0
100
AcDbText
 10
275.8099549119792
 20
31.5
 30
0.0
 40
6.0
  1
사면경사
 72
     1
 11
285.0956691976935
 21
31.5
 31
0.0
100
AcDbText
  0
TEXT
  5
1855
330
1A
100
AcDbEntity
  8
0
100
AcDbText
 10
275.7142857142857
 20
19.25
 30
0.0
 40
6.0
  1
성토높이
 72
     4
 11
285.0
 21
22.25
 31
0.0
100
AcDbText
  0
LWPOLYLINE
  5
1856
330
1A
100
AcDbEntity
  8
DD
100
AcDbPolyline
 90
        2
 70
     0
 43
0.75
 10
342.5
 20
28.5
 10
267.5
 20
28.5
  0
TEXT
  5
1858
330
1A
100
AcDbEntity
  8
0
100
AcDbText
 10
346.5032812499999
 20
22.375
 30
0.0
 40
5.25
  1
번 호
 72
     4
 11
352.5032812499999
 21
25.0
 31
0.0
100
AcDbText
  0
POINT
  5
185A
330
1A
100
AcDbEntity
  8
0
100
AcDbPoint
 10
425.0
 20
-4.0
 30
0.0
  0
TEXT
  5
185B
330
1A
100
AcDbEntity
  8
0
100
AcDbText
 10
483.5068946144581
 20
24.45862263890183
 30
0.0
 40
7.0
  1
건설교통부
  7
LOGO
 72
     4
 11
497.3402279477913
 21
27.95862263890183
 31
0.0
100
AcDbText
  0
LWPOLYLINE
  5
185C
330
1A
100
AcDbEntity
  8
0
100
AcDbPolyline
 90
        2
 70
     0
 43
1.0
 10
452.5
 20
41.0
 10
827.5
 20
41.0
  0
HATCH
  5
185D
330
1A
100
AcDbEntity
  8
0
100
AcDbHatch
 10
0.0
 20
0.0
 30
0.0
210
0.0
220
0.0
230
1.0
  2
SOLID
 70
     1
 71
     0
 91
        4
 92
        7
 72
     1
 73
     1
 93
        8
 10
466.6877191699568
 20
33.44004789501742
 42
0.0
 10
466.6560241933452
 20
37.98299454263736
 42
0.0
 10
462.4300273118383
 20
37.98299454263736
 42
0.0
 10
462.4399944015721
 20
34.99286762241605
 42
0.0309098612195239
 10
462.4654761462061
 20
34.60219688805114
 42
0.1952341485161468
 10
466.5081143024926
 20
27.41800233886977
 42
0.0487726463502694
 10
467.8153296063578
 20
26.45625930855988
 42
0.0
 10
469.2419450618045
 20
27.93697339669166
 42
-0.1825077056950771
 97
        0
 92
        7
 72
     1
 73
     1
 93
       18
 10
470.3854664412752
 20
26.99540265071914
 42
-0.0432044152952166
 10
469.2419450618045
 20
27.93697339669166
 42
0.0
 10
467.8153296063578
 20
26.45625930855988
 42
0.2086502245945202
 10
474.4318584553184
 20
25.62195366422918
 42
0.1968729510191757
 10
476.7145160392406
 20
27.86817944857773
 42
0.0973784821222413
 10
476.7997045817756
 20
28.26683462736787
 42
0.0
 10
476.8049688664992
 20
28.58821707998027
 42
0.1340624217888635
 10
476.3729180545647
 20
29.61403398104426
 42
0.1921347420202958
 10
473.29134521986
 20
31.08378168534216
 42
0.0882821781635033
 10
467.4282767544059
 20
30.53043794406972
 42
0.0552806070196446
 10
468.3940854520833
 20
28.90226837015439
 42
-0.0298108860573541
 10
469.9346741518438
 20
29.73062109748719
 42
-0.1095143406937435
 10
473.1393053478086
 20
30.16441840668506
 42
-0.0323750796477972
 10
473.7655832090786
 20
30.14723561732604
 42
-0.1763280251622877
 10
475.5778992010987
 20
29.29873524925915
 42
-0.1636242487810571
 10
475.8656700026794
 20
28.68987009142211
 42
0.0
 10
475.8835049650924
 20
28.34969316787613
 42
-0.2446092032467425
 10
475.4791982021043
 20
27.46207829112291
 42
-0.3534285698391839
 97
        0
 92
        7
 72
     1
 73
     1
 93
        8
 10
466.3918993882512
 20
27.41800233886977
 42
-0.0012574581081286
 10
466.4473992304465
 20
27.46671778752148
 42
-0.0219208666831742
 10
465.7276281922581
 20
28.10256106838551
 42
0.0981349139576272
 10
462.0655525068409
 20
24.45476582399658
 42
0.1490156191303025
 10
461.7961277796121
 20
23.57082501197329
 42
0.0
 10
461.7855627874087
 20
23.1920054573626
 42
0.0
 10
463.9091262203655
 20
23.1920054573626
 42
-0.0908643337381581
 10
464.0685674715468
 20
23.94337742422363
 42
-0.1624462786262883
 97
        0
 92
        7
 72
     1
 73
     1
 93
        8
 10
465.5003571831703
 20
28.32830031832418
 42
-0.0334212603937531
 10
464.549461689186
 20
29.4405583271606
 42
0.1175716310105631
 10
458.5251040658922
 20
24.49185220518416
 42
0.1633874720968818
 10
458.2040304303309
 20
23.53552911254769
 42
0.0
 10
458.2040304303309
 20
23.1920054573626
 42
0.0
 10
460.5283287151601
 20
23.1920054573626
 42
0.0
 10
460.5283287151601
 20
23.38832707600023
 42
-0.1563535170850447
 10
460.725206166006
 20
24.00252656802673
 42
-0.1075842297841907
 97
        0
 75
     0
 76
     1
 47
0.058940789520932
 98
        4
 10
466.711501308192
 20
29.39516930553975
 10
469.7249466443176
 20
26.46581303199253
 10
464.5236572403837
 20
25.84693368465628
 10
463.2852539243754
 20
27.53853484583772
450
        0
451
        0
460
0.0
461
0.0
452
        0
462
0.0
453
        0
470

  0
LWPOLYLINE
  5
185E
330
1A
100
AcDbEntity
  8
0
100
AcDbPolyline
 90
       22
 70
     0
 43
0.0
 10
468.3940854520833
 20
28.90226837015439
 42
-0.0298108860573552
 10
469.9346741518438
 20
29.73062109748719
 42
-0.1095143406937421
 10
473.1393053478086
 20
30.16441840668506
 42
-0.0323750796477921
 10
473.7655832090786
 20
30.14723561732604
 42
-0.1763280251622753
 10
475.5778992010982
 20
29.29873524925938
 42
-0.1636242487811419
 10
475.8656700026794
 20
28.689870091422
 10
475.8835049650924
 20
28.34969316787613
 42
-0.2446092032467358
 10
475.4791982021043
 20
27.46207829112291
 42
-0.3534285698391709
 10
470.3854664412756
 20
26.99540265071903
 42
-0.2275060376548946
 10
466.6877191699568
 20
33.4400478950173
 10
466.6560241933452
 20
37.98299454263736
 10
462.4300273118383
 20
37.98299454263736
 10
462.4399944015721
 20
34.99286762241468
 42
0.0309098612195657
 10
462.4654761462066
 20
34.60219688804921
 42
0.1952341485161012
 10
466.5081143024926
 20
27.41800233886966
 42
0.2600694478150862
 10
474.4318584553184
 20
25.62195366422918
 42
0.1968729510191849
 10
476.714516039241
 20
27.86817944857785
 42
0.0973784821222471
 10
476.7997045817756
 20
28.2668346273681
 10
476.8049688664992
 20
28.58821707998027
 42
0.1340624217888622
 10
476.3729180545647
 20
29.61403398104426
 42
0.1921347420202978
 10
473.29134521986
 20
31.08378168534216
 42
0.0882821781635029
 10
467.4282767544059
 20
30.53043794406972
  0
LWPOLYLINE
  5
185F
330
1A
100
AcDbEntity
  8
DD
100
AcDbPolyline
 90
        2
 70
     0
 43
0.75
 10
452.5
 20
16.0
 10
452.5
 20
41.0
  0
TEXT
  5
1860
330
1A
100
AcDbEntity
  8
0
100
AcDbText
 10
776.4967187500001
 20
29.375
 30
0.0
 40
5.25
  1
도 면
 72
     4
 11
782.4967187500001
 21
32.0
 31
0.0
100
AcDbText
  0
TEXT
  5
1861
330
1A
100
AcDbEntity
  8
0
100
AcDbText
 10
776.5032812499998
 20
22.375
 30
0.0
 40
5.25
  1
번 호
 72
     4
 11
782.5032812499999
 21
25.0
 31
0.0
100
AcDbText
  0
TEXT
  5
1862
330
1A
100
AcDbEntity
  8
0
100
AcDbText
 10
617.2320178799008
 20
25.5
 30
0.0
 40
6.0
  1
역T형 옹벽
 72
     1
 11
631.8034464513293
 21
28.5
 31
0.0
100
AcDbText
 73
     2
  0
LWPOLYLINE
  5
1863
330
1A
100
AcDbEntity
  8
DD
100
AcDbPolyline
 90
        2
 70
     0
 43
0.75
 10
597.5
 20
16.0
 10
597.5
 20
41.0
  0
TEXT
  5
1864
330
1A
100
AcDbEntity
  8
0
100
AcDbText
 10
600.9285714285714
 20
25.5
 30
0.0
 40
6.0
  1
면
 72
     4
 11
602.5
 21
28.5
 31
0.0
100
AcDbText
  0
LWPOLYLINE
  5
1865
330
1A
100
AcDbEntity
  8
DD
100
AcDbPolyline
 90
        2
 70
     0
 43
0.75
 10
607.5
 20
16.0
 10
607.5
 20
41.0
  0
LWPOLYLINE
  5
1866
330
1A
100
AcDbEntity
  8
DD
100
AcDbPolyline
 90
        2
 70
     0
 43
0.75
 10
522.5
 20
16.0
 10
522.5
 20
41.0
  0
TEXT
  5
1867
330
1A
100
AcDbEntity
  8
0
100
AcDbText
 10
533.8333333333333
 20
25.0
 30
0.0
 40
7.0
  1
도로 옹벽 표준도
 72
     4
 11
560.0
 21
28.5
 31
0.0
100
AcDbText
  0
TEXT
  5
1868
330
1A
100
AcDbEntity
  8
0
100
AcDbText
 10
600.9285714285714
 20
18.5
 30
0.0
 40
6.0
  1
명
 72
     4
 11
602.5
 21
21.5
 31
0.0
100
AcDbText
  0
TEXT
  5
1869
330
1A
100
AcDbEntity
  8
0
100
AcDbText
 10
600.9285714285714
 20
32.5
 30
0.0
 40
6.0
  1
도
 72
     4
 11
602.5
 21
35.5
 31
0.0
100
AcDbText
  0
LWPOLYLINE
  5
186A
330
1A
100
AcDbEntity
  8
DD
100
AcDbPolyline
 90
        2
 70
     0
 43
0.75
 10
772.5
 20
16.0
 10
772.5
 20
41.0
  0
TEXT
  5
186C
330
1A
100
AcDbEntity
  8
0
100
AcDbText
 10
705.8099549119791
 20
31.5
 30
0.0
 40
6.0
  1
사면경사
 72
     1
 11
715.0956691976935
 21
31.5
 31
0.0
100
AcDbText
  0
LWPOLYLINE
  5
186D
330
1A
100
AcDbEntity
  8
DD
100
AcDbPolyline
 90
        2
 70
     0
 43
0.75
 10
697.5
 20
16.0
 10
697.5
 20
41.0
  0
LWPOLYLINE
  5
186E
330
1A
100
AcDbEntity
  8
DD
100
AcDbPolyline
 90
        2
 70
     0
 43
0.75
 10
732.5
 20
16.0
 10
732.5
 20
41.0
  0
TEXT
  5
1870
330
1A
100
AcDbEntity
  8
0
100
AcDbText
 10
705.7142857142856
 20
19.25
 30
0.0
 40
6.0
  1
성토높이
 72
     4
 11
715.0
 21
22.25
 31
0.0
100
AcDbText
  0
LWPOLYLINE
  5
1871
330
1A
100
AcDbEntity
  8
DD
100
AcDbPolyline
 90
        2
 70
     0
 43
0.75
 10
772.5
 20
28.5
 10
697.5
 20
28.5
  0
LWPOLYLINE
  5
1873
330
1A
100
AcDbEntity
  8
DD
100
AcDbPolyline
 90
        2
 70
     0
 43
0.75
 10
792.4999999999999
 20
16.0
 10
792.4999999999999
 20
41.0
  0
TEXT
  5
25BB
330
1A
100
AcDbEntity
  8
0
100
AcDbText
 10
557.4825589008732
 20
516.7733018799445
 30
0.0
 40
6.0
  1
설 계 조 건
 72
     4
 11
574.9111303294446
 21
519.7733018799445
 31
0.0
100
AcDbText
  0
LINE
  5
25BC
330
1A
100
AcDbEntity
  8
NOTE
100
AcDbLine
 10
680.0
 20
435.2
 30
0.0
 11
790.0
 21
435.2000000000001
 31
0.0
  0
LINE
  5
25BD
330
1A
100
AcDbEntity
  8
NOTE
100
AcDbLine
 10
680.0
 20
442.3999999999999
 30
0.0
 11
790.0
 21
442.3999999999999
 31
0.0
  0
LINE
  5
25BE
330
1A
100
AcDbEntity
  8
NOTE
100
AcDbLine
 10
520.0
 20
507.2
 30
0.0
 11
630.0
 21
507.2
 31
0.0
  0
LINE
  5
25BF
330
1A
100
AcDbEntity
  8
NOTE
100
AcDbLine
 10
520.0
 20
500.0
 30
0.0
 11
630.0
 21
500.0
 31
0.0
  0
LINE
  5
25C0
330
1A
100
AcDbEntity
  8
NOTE
100
AcDbLine
 10
520.0
 20
456.8
 30
0.0
 11
630.0
 21
456.8
 31
0.0
  0
LINE
  5
25C1
330
1A
100
AcDbEntity
  8
NOTE
100
AcDbLine
 10
520.0
 20
464.0
 30
0.0
 11
630.0
 21
464.0
 31
0.0
  0
LINE
  5
25C2
330
1A
100
AcDbEntity
  8
NOTE
100
AcDbLine
 10
550.0
 20
471.2
 30
0.0
 11
630.0
 21
471.2
 31
0.0
  0
LINE
  5
25C3
330
1A
100
AcDbEntity
  8
NOTE
100
AcDbLine
 10
520.0
 20
478.4
 30
0.0
 11
630.0
 21
478.4
 31
0.0
  0
LINE
  5
25C4
330
1A
100
AcDbEntity
  8
NOTE
100
AcDbLine
 10
520.0
 20
485.6
 30
0.0
 11
630.0
 21
485.6
 31
0.0
  0
LINE
  5
25C5
330
1A
100
AcDbEntity
  8
NOTE
100
AcDbLine
 10
520.0
 20
492.7999999999999
 30
0.0
 11
630.0
 21
492.7999999999999
 31
0.0
  0
LINE
  5
25C6
330
1A
100
AcDbEntity
  8
NOTE
100
AcDbLine
 10
520.0
 20
449.6000000000001
 30
0.0
 11
630.0
 21
449.6000000000001
 31
0.0
  0
LINE
  5
25C7
330
1A
100
AcDbEntity
  8
NOTE
100
AcDbLine
 10
520.0
 20
435.2000000000001
 30
0.0
 11
630.0
 21
435.2000000000001
 31
0.0
  0
LINE
  5
25C8
330
1A
100
AcDbEntity
  8
NOTE
100
AcDbLine
 10
520.0
 20
420.8
 30
0.0
 11
630.0
 21
420.8
 31
0.0
  0
LINE
  5
25C9
330
1A
100
AcDbEntity
  8
NOTE
100
AcDbLine
 10
550.0
 20
442.4000000000001
 30
0.0
 11
630.0
 21
442.4000000000001
 31
0.0
  0
LINE
  5
25CA
330
1A
100
AcDbEntity
  8
NOTE
100
AcDbLine
 10
550.0
 20
428.0000000000001
 30
0.0
 11
630.0
 21
428.0000000000001
 31
0.0
  0
LINE
  5
25CB
330
1A
100
AcDbEntity
  8
NOTE
100
AcDbLine
 10
680.0
 20
464.0
 30
0.0
 11
790.0
 21
464.0000000000001
 31
0.0
  0
LINE
  5
25CC
330
1A
100
AcDbEntity
  8
NOTE
100
AcDbLine
 10
680.0
 20
471.2
 30
0.0
 11
790.0
 21
471.2
 31
0.0
  0
LINE
  5
25CD
330
1A
100
AcDbEntity
  8
NOTE
100
AcDbLine
 10
680.0
 20
500.0
 30
0.0
 11
790.0
 21
500.0
 31
0.0
  0
LINE
  5
25CE
330
1A
100
AcDbEntity
  8
NOTE
100
AcDbLine
 10
680.0
 20
478.3999999999999
 30
0.0
 11
790.0
 21
478.3999999999999
 31
0.0
  0
LINE
  5
25CF
330
1A
100
AcDbEntity
  8
NOTE
100
AcDbLine
 10
698.6053513569348
 20
485.6
 30
0.0
 11
790.0
 21
485.6
 31
0.0
  0
LINE
  5
25D0
330
1A
100
AcDbEntity
  8
NOTE
100
AcDbLine
 10
698.6053513569348
 20
492.7999999999999
 30
0.0
 11
790.0
 21
492.7999999999999
 31
0.0
  0
LINE
  5
25D1
330
1A
100
AcDbEntity
  8
NOTE
100
AcDbLine
 10
680.0
 20
507.2
 30
0.0
 11
790.0
 21
507.2
 31
0.0
  0
TEXT
  5
25D2
330
1A
100
AcDbEntity
  8
0
100
AcDbText
 10
739.4709507214356
 20
518.5940892606092
 30
0.0
 40
6.0
  1
(1m당)
 72
     4
 11
751.6138078642927
 21
521.1655178320378
 31
0.0
100
AcDbText
  0
LINE
  5
25D3
330
1A
100
AcDbEntity
  8
NOTE
100
AcDbLine
 10
680.0
 20
456.7999999999999
 30
0.0
 11
790.0
 21
456.8
 31
0.0
  0
LINE
  5
25D4
330
1A
100
AcDbEntity
  8
NOTE
100
AcDbLine
 10
680.0
 20
449.6
 30
0.0
 11
790.0
 21
449.6000000000001
 31
0.0
  0
TEXT
  5
25D5
330
1A
100
AcDbEntity
  8
NOTE
 62
     3
100
AcDbText
 10
733.9166666666666
 20
502.0
 30
0.0
 40
3.0
  1
상   시
  7
GHS
 72
     4
 11
742.0
 21
503.6
 31
0.0
100
AcDbText
  0
LINE
  5
25D6
330
1A
100
AcDbEntity
  8
NOTE
100
AcDbLine
 10
520.0
 20
413.5999999999999
 30
0.0
 11
630.0
 21
413.5999999999999
 31
0.0
  0
TEXT
  5
25D7
330
1A
100
AcDbEntity
  8
NOTE
 62
     3
100
AcDbText
 10
686.2999999999999
 20
465.9666666666667
 30
0.0
 40
3.0
  1
모 멘 트
  7
GHS
 72
     4
 11
695.0
 21
467.6
 31
0.0
100
AcDbText
  0
TEXT
  5
25D8
330
1A
100
AcDbEntity
  8
NOTE
 62
     3
100
AcDbText
 10
711.7722855617729
 20
466.1000000000001
 30
0.0
 40
3.0
  1
kN m
  7
GHS
 72
     4
 11
718.2008569903444
 21
467.6000000000001
 31
0.0
100
AcDbText
  0
LINE
  5
25D9
330
1A
100
AcDbEntity
  8
NOTE
100
AcDbLine
 10
680.0000000000002
 20
435.2
 30
0.0
 11
680.0
 21
507.2
 31
0.0
  0
LINE
  5
25DA
330
1A
100
AcDbEntity
  8
NOTE
100
AcDbLine
 10
710.0000000000002
 20
435.2
 30
0.0
 11
710.0
 21
507.2
 31
0.0
  0
LINE
  5
25DB
330
1A
100
AcDbEntity
  8
NOTE
100
AcDbLine
 10
726.0
 20
435.2
 30
0.0
 11
726.0
 21
507.2
 31
0.0
  0
TEXT
  5
25DC
330
1A
100
AcDbEntity
  8
NOTE
 62
     3
100
AcDbText
 10
710.5459292958641
 20
444.7142857142859
 30
0.0
 40
3.0
  1
kN/m
  7
GHS
 72
     4
 11
717.0459292958642
 21
446.0000000000001
 31
0.0
100
AcDbText
  0
TEXT
  5
25DD
330
1A
100
AcDbEntity
  8
NOTE
 62
     3
100
AcDbText
 10
710.5459292958641
 20
451.9142857142857
 30
0.0
 40
3.0
  1
kN/m
  7
GHS
 72
     4
 11
717.0459292958642
 21
453.2
 31
0.0
100
AcDbText
  0
TEXT
  5
25DE
330
1A
100
AcDbEntity
  8
NOTE
 62
     3
100
AcDbText
 10
682.0115247246003
 20
444.3999999999999
 30
0.0
 40
3.0
  1
최소지반반력
  7
GHS
 72
     4
 11
693.7948580579337
 21
446.0
 31
0.0
100
AcDbText
  0
TEXT
  5
25DF
330
1A
100
AcDbEntity
  8
NOTE
 62
     3
100
AcDbText
 10
683.8615247246004
 20
437.1999999999998
 30
0.0
 40
3.0
  1
반력작용폭
  7
GHS
 72
     4
 11
693.7948580579337
 21
438.7999999999999
 31
0.0
100
AcDbText
  0
TEXT
  5
25E0
330
1A
100
AcDbEntity
  8
NOTE
 62
     3
100
AcDbText
 10
686.0448580579336
 20
458.8
 30
0.0
 40
3.0
  1
작용편심
  7
GHS
 72
     4
 11
693.7948580579337
 21
460.4
 31
0.0
100
AcDbText
  0
TEXT
  5
25E1
330
1A
100
AcDbEntity
  8
NOTE
 62
     3
100
AcDbText
 10
682.0115247246003
 20
451.6
 30
0.0
 40
3.0
  1
최대지반반력
  7
GHS
 72
     4
 11
693.7948580579337
 21
453.2
 31
0.0
100
AcDbText
  0
TEXT
  5
25E2
330
1A
100
AcDbEntity
  8
NOTE
 62
     3
100
AcDbText
 10
723.0927360716536
 20
446.1929323012491
 30
0.0
 40
2.0
  1
2
  7
GHS
 72
     4
 11
724.0451170240346
 21
447.1929323012491
 31
0.0
100
AcDbText
  0
TEXT
  5
25E3
330
1A
100
AcDbEntity
  8
NOTE
 62
     3
100
AcDbText
 10
716.0579998474875
 20
437.8000000000001
 30
0.0
 40
3.0
  1
m
  7
GHS
 72
     4
 11
718.2008569903445
 21
438.8
 31
0.0
100
AcDbText
  0
TEXT
  5
25E4
330
1A
100
AcDbEntity
  8
NOTE
 62
     3
100
AcDbText
 10
723.0927360716536
 20
453.3929323012491
 30
0.0
 40
2.0
  1
2
  7
GHS
 72
     4
 11
724.0451170240346
 21
454.392932301249
 31
0.0
100
AcDbText
  0
LWPOLYLINE
  5
25E5
330
1A
100
AcDbEntity
  8
3
100
AcDbPolyline
 90
        2
 70
     1
 43
0.0875
 10
718.6433285095526
 20
467.4509446961057
 42
1.0
 10
718.9058285095527
 20
467.4509446961057
 42
1.0
  0
TEXT
  5
25E6
330
1A
100
AcDbEntity
  8
NOTE
 62
     3
100
AcDbText
 10
716.0579998474872
 20
459.4000000000001
 30
0.0
 40
3.0
  1
m
  7
GHS
 72
     4
 11
718.2008569903444
 21
460.4
 31
0.0
100
AcDbText
  0
LINE
  5
25E7
330
1A
100
AcDbEntity
  8
NOTE
100
AcDbLine
 10
550.0
 20
413.5999999999999
 30
0.0
 11
550.0
 21
435.2
 31
0.0
  0
LINE
  5
25E8
330
1A
100
AcDbEntity
  8
NOTE
100
AcDbLine
 10
520.0
 20
413.5999999999999
 30
0.0
 11
520.0
 21
507.2
 31
0.0
  0
LINE
  5
25E9
330
1A
100
AcDbEntity
  8
NOTE
100
AcDbLine
 10
580.0
 20
413.5999999999999
 30
0.0
 11
580.0
 21
507.2
 31
0.0
  0
LINE
  5
25EA
330
1A
100
AcDbEntity
  8
0
100
AcDbLine
 10
698.6053513569348
 20
500.0
 30
0.0
 11
698.6053513569348
 21
478.3999999999999
 31
0.0
  0
TEXT
  5
25EB
330
1A
100
AcDbEntity
  8
NOTE
 62
     3
100
AcDbText
 10
686.4333333333332
 20
473.2333333333333
 30
0.0
 40
3.0
  1
수 평 력
  7
GHS
 72
     4
 11
695.0
 21
474.8000000000001
 31
0.0
100
AcDbText
  0
TEXT
  5
25EC
330
1A
100
AcDbEntity
  8
NOTE
 62
     3
100
AcDbText
 10
683.7562184621151
 20
487.6
 30
0.0
 40
3.0
  1
연직력
  7
GHS
 72
     4
 11
689.4571370972857
 21
489.2
 31
0.0
100
AcDbText
  0
TEXT
  5
25ED
330
1A
100
AcDbEntity
  8
NOTE
 62
     3
100
AcDbText
 10
704.4476262628242
 20
487.6810399438543
 30
0.0
 40
1.5
  1
2
  7
GHS
 72
     4
 11
705.1619119771098
 21
488.4310399438543
 31
0.0
100
AcDbText
  0
TEXT
  5
25EE
330
1A
100
AcDbEntity
  8
NOTE
 62
     3
100
AcDbText
 10
701.7682599809248
 20
480.4
 30
0.0
 40
3.0
  1
계
  7
GHS
 72
     4
 11
703.4682599809248
 21
482.0
 31
0.0
100
AcDbText
  0
TEXT
  5
25EF
330
1A
100
AcDbEntity
  8
NOTE
 62
     3
100
AcDbText
 10
702.1825456952105
 20
487.7
 30
0.0
 40
3.0
  1
V
  7
GHS
 72
     4
 11
703.4682599809248
 21
489.2
 31
0.0
100
AcDbText
  0
TEXT
  5
25F0
330
1A
100
AcDbEntity
  8
NOTE
 62
     3
100
AcDbText
 10
686.7166666666666
 20
502.0
 30
0.0
 40
3.0
  1
항   목
  7
GHS
 72
     4
 11
695.0
 21
503.6
 31
0.0
100
AcDbText
  0
TEXT
  5
25F1
330
1A
100
AcDbEntity
  8
NOTE
 62
     3
100
AcDbText
 10
702.1825456952105
 20
494.9
 30
0.0
 40
3.0
  1
V
  7
GHS
 72
     4
 11
703.4682599809248
 21
496.4000000000001
 31
0.0
100
AcDbText
  0
TEXT
  5
25F2
330
1A
100
AcDbEntity
  8
NOTE
 62
     3
100
AcDbText
 10
704.5547691199669
 20
494.8810399438543
 30
0.0
 40
1.5
  1
1
  7
GHS
 72
     4
 11
705.1619119771098
 21
495.6310399438543
 31
0.0
100
AcDbText
  0
TEXT
  5
25F3
330
1A
100
AcDbEntity
  8
NOTE
 62
     3
100
AcDbText
 10
715.2142857142856
 20
473.3
 30
0.0
 40
3.0
  1
kN
  7
GHS
 72
     4
 11
718.0
 21
474.8000000000001
 31
0.0
100
AcDbText
  0
TEXT
  5
25F4
330
1A
100
AcDbEntity
  8
NOTE
 62
     3
100
AcDbText
 10
715.2142857142856
 20
480.5
 30
0.0
 40
3.0
  1
kN
  7
GHS
 72
     4
 11
718.0
 21
482.0
 31
0.0
100
AcDbText
  0
TEXT
  5
25F5
330
1A
100
AcDbEntity
  8
NOTE
 62
     3
100
AcDbText
 10
715.2142857142856
 20
487.7
 30
0.0
 40
3.0
  1
kN
  7
GHS
 72
     4
 11
718.0
 21
489.2
 31
0.0
100
AcDbText
  0
TEXT
  5
25F6
330
1A
100
AcDbEntity
  8
NOTE
 62
     3
100
AcDbText
 10
712.85
 20
502.0
 30
0.0
 40
3.0
  1
단 위
  7
GHS
 72
     4
 11
718.0
 21
503.6
 31
0.0
100
AcDbText
  0
TEXT
  5
25F7
330
1A
100
AcDbEntity
  8
NOTE
 62
     3
100
AcDbText
 10
715.2142857142856
 20
494.9
 30
0.0
 40
3.0
  1
kN
  7
GHS
 72
     4
 11
718.0
 21
496.4000000000001
 31
0.0
100
AcDbText
  0
TEXT
  5
25F8
330
1A
100
AcDbEntity
  8
NOTE
 62
     3
100
AcDbText
 10
524.3809523809524
 20
415.9142857142858
 30
0.0
 40
3.0
  1
지 진 계 수 (Kh=0.5A)
  7
GHS
 72
     4
 11
550.0
 21
417.2
 31
0.0
100
AcDbText
  0
TEXT
  5
25F9
330
1A
100
AcDbEntity
  8
0
100
AcDbText
 10
708.7491061470878
 20
517.9655178320378
 30
0.0
 40
6.0
  1
외력표
 72
     4
 11
720.2824394804211
 21
521.1655178320378
 31
0.0
100
AcDbText
  0
TEXT
  5
25FA
330
1A
100
AcDbEntity
  8
NOTE
 62
     3
100
AcDbText
 10
523.0166666666666
 20
426.4333333333334
 30
0.0
 40
3.0
  1
지반마찰계수
  7
GHS
 72
     4
 11
535.0
 21
428.0000000000001
 31
0.0
100
AcDbText
  0
TEXT
  5
25FB
330
1A
100
AcDbEntity
  8
NOTE
 62
     3
100
AcDbText
 10
553.15
 20
422.7666666666668
 30
0.0
 40
3.0
  1
흙과콘크리트
  7
GHS
 72
     4
 11
565.0
 21
424.4000000000002
 31
0.0
100
AcDbText
  0
LINE
  5
25FC
330
1A
100
AcDbEntity
  8
NOTE
100
AcDbLine
 10
550.0
 20
464.0
 30
0.0
 11
550.0
 21
478.3999999999999
 31
0.0
  0
TEXT
  5
25FD
330
1A
100
AcDbEntity
  8
NOTE
 62
     3
100
AcDbText
 10
552.6833333333334
 20
473.1666666666667
 30
0.0
 40
3.0
  1
뒤 채 움 흙
  7
GHS
 72
     4
 11
565.0
 21
474.8000000000001
 31
0.0
100
AcDbText
  0
TEXT
  5
25FE
330
1A
100
AcDbEntity
  8
NOTE
 62
     3
100
AcDbText
 10
523.9285714285714
 20
459.1142857142858
 30
0.0
 40
3.0
  1
콘크리트 설계기준강도(f )
  7
GHS
 72
     4
 11
550.0
 21
460.4
 31
0.0
100
AcDbText
  0
TEXT
  5
25FF
330
1A
100
AcDbEntity
  8
NOTE
 62
     3
100
AcDbText
 10
524.2095238095238
 20
451.9142857142857
 30
0.0
 40
3.0
  1
철근 항복강도(SD30)(f )
  7
GHS
 72
     4
 11
550.0
 21
453.2
 31
0.0
100
AcDbText
  0
TEXT
  5
2600
330
1A
100
AcDbEntity
  8
NOTE
 62
     3
100
AcDbText
 10
523.7
 20
440.8
 30
0.0
 40
3.0
  1
허용 지지력
  7
GHS
 72
     4
 11
535.0
 21
442.4000000000001
 31
0.0
100
AcDbText
  0
LINE
  5
2601
330
1A
100
AcDbEntity
  8
NOTE
100
AcDbLine
 10
550.0
 20
435.2000000000001
 30
0.0
 11
550.0
 21
449.6
 31
0.0
  0
TEXT
  5
2602
330
1A
100
AcDbEntity
  8
NOTE
 62
     3
100
AcDbText
 10
525.5499999999999
 20
469.6
 30
0.0
 40
3.0
  1
단위 중량
  7
GHS
 72
     4
 11
535.0
 21
471.2
 31
0.0
100
AcDbText
  0
TEXT
  5
2603
330
1A
100
AcDbEntity
  8
NOTE
 62
     3
100
AcDbText
 10
571.5965143836662
 20
451.7627167211808
 30
0.0
 40
2.0
  1
y
  7
GHS
 72
     4
 11
572.3108000979518
 21
452.096050054514
 31
0.0
100
AcDbText
  0
TEXT
  5
2604
330
1A
100
AcDbEntity
  8
NOTE
 62
     3
100
AcDbText
 10
556.9166666666666
 20
444.4000000000001
 30
0.0
 40
3.0
  1
상   시
  7
GHS
 72
     4
 11
565.0
 21
446.0000000000002
 31
0.0
100
AcDbText
  0
TEXT
  5
2605
330
1A
100
AcDbEntity
  8
NOTE
 62
     3
100
AcDbText
 10
556.2999999999999
 20
429.9666666666668
 30
0.0
 40
3.0
  1
흙 과 흙
  7
GHS
 72
     4
 11
565.0
 21
431.6000000000001
 31
0.0
100
AcDbText
  0
TEXT
  5
2606
330
1A
100
AcDbEntity
  8
NOTE
 62
     3
100
AcDbText
 10
556.2999999999999
 20
437.2000000000001
 30
0.0
 40
3.0
  1
지 진 시
  7
GHS
 72
     4
 11
565.0
 21
438.8000000000001
 31
0.0
100
AcDbText
  0
TEXT
  5
2607
330
1A
100
AcDbEntity
  8
NOTE
 62
     3
100
AcDbText
 10
553.0166666666666
 20
466.0000000000001
 30
0.0
 40
3.0
  1
철근콘크리트
  7
GHS
 72
     4
 11
565.0
 21
467.6000000000001
 31
0.0
100
AcDbText
  0
TEXT
  5
2608
330
1A
100
AcDbEntity
  8
NOTE
 62
     3
100
AcDbText
 10
571.5298768645904
 20
459.1704467547344
 30
0.0
 40
2.0
  1
ck
  7
GHS
 72
     4
 11
573.244162578876
 21
460.1704467547344
 31
0.0
100
AcDbText
  0
TEXT
  5
2609
330
1A
100
AcDbEntity
  8
NOTE
 62
     3
100
AcDbText
 10
534.2166666666667
 20
502.0
 30
0.0
 40
3.0
  1
항        목
  7
GHS
 72
     4
 11
550.0
 21
503.6
 31
0.0
100
AcDbText
  0
TEXT
  5
260A
330
1A
100
AcDbEntity
  8
NOTE
 62
     3
100
AcDbText
 10
528.8166666666667
 20
487.6
 30
0.0
 40
3.0
  1
성   토   높   이
  7
GHS
 72
     4
 11
550.0
 21
489.2
 31
0.0
100
AcDbText
  0
TEXT
  5
260B
330
1A
100
AcDbEntity
  8
NOTE
 62
     3
100
AcDbText
 10
528.8833333333333
 20
494.8
 30
0.0
 40
3.0
  1
옹   벽   높   이
  7
GHS
 72
     4
 11
550.0
 21
496.4000000000001
 31
0.0
100
AcDbText
  0
TEXT
  5
260C
330
1A
100
AcDbEntity
  8
NOTE
 62
     3
100
AcDbText
 10
528.3166666666667
 20
480.5064304461942
 30
0.0
 40
3.0
  1
뒷채움토의 내부마찰각
  7
GHS
 72
     4
 11
550.0
 21
482.0
 31
0.0
100
AcDbText
  0
LINE
  5
260D
330
1A
100
AcDbEntity
  8
NOTE
100
AcDbLine
 10
758.0
 20
435.2000000000001
 30
0.0
 11
758.0
 21
507.2
 31
0.0
  0
LINE
  5
260E
330
1A
100
AcDbEntity
  8
NOTE
100
AcDbLine
 10
790.0
 20
435.2000000000001
 30
0.0
 11
790.0
 21
507.2000000000001
 31
0.0
  0
TEXT
  5
260F
330
1A
100
AcDbEntity
  8
3
 62
     3
100
AcDbText
 10
589.0854220554313
 20
430.3310838027202
 30
0.0
 40
4.0
  1
m
  7
GREEKS
 72
     4
 11
591.0854220554313
 21
430.9977504693868
 31
0.0
100
AcDbText
  0
TEXT
  5
2610
330
1A
100
AcDbEntity
  8
NOTE
 62
     3
100
AcDbText
 10
587.2231407056374
 20
430.3142857142858
 30
0.0
 40
3.0
  1
(  )
  7
GHS
 72
     4
 11
592.2231407056374
 21
431.6000000000001
 31
0.0
100
AcDbText
  0
LINE
  5
2611
330
1A
100
AcDbEntity
  8
NOTE
100
AcDbLine
 10
606.0
 20
413.5999999999999
 30
0.0
 11
605.9999999999997
 21
464.0
 31
0.0
  0
LINE
  5
2612
330
1A
100
AcDbEntity
  8
NOTE
100
AcDbLine
 10
630.0
 20
413.5999999999999
 30
0.0
 11
630.0
 21
507.2
 31
0.0
  0
TEXT
  5
2613
330
1A
100
AcDbEntity
  8
NOTE
 62
     3
100
AcDbText
 10
765.2999999999999
 20
502.0000000000001
 30
0.0
 40
3.0
  1
지 진 시
  7
GHS
 72
     4
 11
774.0
 21
503.6000000000001
 31
0.0
100
AcDbText
  0
TEXT
  5
2614
330
1A
100
AcDbEntity
  8
3
100
AcDbText
 10
613.0
 20
422.9000000000001
 30
0.0
 40
3.0
  1
0.50
  7
GHS
 72
     4
 11
618.0
 21
424.4000000000001
 31
0.0
100
AcDbText
  0
TEXT
  5
2615
330
1A
100
AcDbEntity
  8
3
 62
     3
100
AcDbText
 10
589.0854220554313
 20
423.1310838027201
 30
0.0
 40
4.0
  1
m
  7
GREEKS
 72
     4
 11
591.0854220554313
 21
423.7977504693868
 31
0.0
100
AcDbText
  0
TEXT
  5
2616
330
1A
100
AcDbEntity
  8
NOTE
 62
     3
100
AcDbText
 10
587.2231407056374
 20
423.1142857142858
 30
0.0
 40
3.0
  1
(  )
  7
GHS
 72
     4
 11
592.2231407056374
 21
424.4
 31
0.0
100
AcDbText
  0
TEXT
  5
2617
330
1A
100
AcDbEntity
  8
NOTE
 62
     3
100
AcDbText
 10
593.271784079448
 20
422.8810399438544
 30
0.0
 40
1.5
  1
v2
  7
GHS
 72
     4
 11
594.521784079448
 21
423.6310399438544
 31
0.0
100
AcDbText
  0
LINE
  5
2618
330
1A
100
AcDbEntity
  8
NOTE
100
AcDbLine
 10
606.0
 20
464.0
 30
0.0
 11
606.0
 21
507.2
 31
0.0
  0
TEXT
  5
2619
330
1A
100
AcDbEntity
  8
NOTE
 62
     3
100
AcDbText
 10
586.5
 20
473.5142857142857
 30
0.0
 40
3.0
  1
kN/m
  7
GHS
 72
     4
 11
593.0
 21
474.8000000000001
 31
0.0
100
AcDbText
  0
TEXT
  5
261A
330
1A
100
AcDbEntity
  8
3
100
AcDbText
 10
613.0
 20
466.1
 30
0.0
 40
3.0
  1
24.5
  7
GHS
 72
     4
 11
618.0
 21
467.6
 31
0.0
100
AcDbText
  0
TEXT
  5
261B
330
1A
100
AcDbEntity
  8
3
100
AcDbText
 10
615.0714285714285
 20
458.9000000000001
 30
0.0
 40
3.0
  1
24
  7
GHS
 72
     4
 11
618.0
 21
460.4
 31
0.0
100
AcDbText
  0
TEXT
  5
261C
330
1A
100
AcDbEntity
  8
3
100
AcDbText
 10
613.7142857142857
 20
451.7
 30
0.0
 40
3.0
  1
300
  7
GHS
 72
     4
 11
618.0
 21
453.2
 31
0.0
100
AcDbText
  0
TEXT
  5
261D
330
1A
100
AcDbEntity
  8
3
100
AcDbText
 10
613.7142857142857
 20
444.5000000000001
 30
0.0
 40
3.0
  1
300
  7
GHS
 72
     4
 11
618.0
 21
446.0
 31
0.0
100
AcDbText
  0
TEXT
  5
261E
330
1A
100
AcDbEntity
  8
3
100
AcDbText
 10
612.9999999999998
 20
430.0999999999999
 30
0.0
 40
3.0
  1
0.70
  7
GHS
 72
     4
 11
617.9999999999997
 21
431.5999999999998
 31
0.0
100
AcDbText
  0
TEXT
  5
261F
330
1A
100
AcDbEntity
  8
3
100
AcDbText
 10
613.7142857142857
 20
437.3000000000001
 30
0.0
 40
3.0
  1
450
  7
GHS
 72
     4
 11
618.0
 21
438.8
 31
0.0
100
AcDbText
  0
TEXT
  5
2620
330
1A
100
AcDbEntity
  8
NOTE
 62
     3
100
AcDbText
 10
588.4285714285712
 20
451.7
 30
0.0
 40
3.0
  1
MPa
  7
GHS
 72
     4
 11
592.9999999999997
 21
453.2
 31
0.0
100
AcDbText
  0
TEXT
  5
2621
330
1A
100
AcDbEntity
  8
NOTE
 62
     3
100
AcDbText
 10
599.0718448910883
 20
438.992932301249
 30
0.0
 40
2.0
  1
2
  7
GHS
 72
     4
 11
600.0242258434694
 21
439.992932301249
 31
0.0
100
AcDbText
  0
TEXT
  5
2622
330
1A
100
AcDbEntity
  8
NOTE
 62
     3
100
AcDbText
 10
586.5
 20
437.5142857142859
 30
0.0
 40
3.0
  1
kN/m
  7
GHS
 72
     4
 11
593.0
 21
438.8000000000001
 31
0.0
100
AcDbText
  0
TEXT
  5
2623
330
1A
100
AcDbEntity
  8
NOTE
 62
     3
100
AcDbText
 10
593.4860697937336
 20
430.0810399438544
 30
0.0
 40
1.5
  1
v1
  7
GHS
 72
     4
 11
594.521784079448
 21
430.8310399438544
 31
0.0
100
AcDbText
  0
TEXT
  5
2624
330
1A
100
AcDbEntity
  8
NOTE
 62
     3
100
AcDbText
 10
586.5
 20
444.7142857142858
 30
0.0
 40
3.0
  1
kN/m
  7
GHS
 72
     4
 11
593.0
 21
446.0
 31
0.0
100
AcDbText
  0
TEXT
  5
2625
330
1A
100
AcDbEntity
  8
NOTE
 62
     3
100
AcDbText
 10
599.0718448910883
 20
446.192932301249
 30
0.0
 40
2.0
  1
2
  7
GHS
 72
     4
 11
600.0242258434694
 21
447.1929323012489
 31
0.0
100
AcDbText
  0
TEXT
  5
2626
330
1A
100
AcDbEntity
  8
NOTE
 62
     3
100
AcDbText
 10
588.4285714285714
 20
458.9000000000001
 30
0.0
 40
3.0
  1
MPa
  7
GHS
 72
     4
 11
593.0
 21
460.4
 31
0.0
100
AcDbText
  0
TEXT
  5
2627
330
1A
100
AcDbEntity
  8
NOTE
 62
     3
100
AcDbText
 10
586.5
 20
466.3142857142858
 30
0.0
 40
3.0
  1
kN/m
  7
GHS
 72
     4
 11
593.0
 21
467.6000000000001
 31
0.0
100
AcDbText
  0
TEXT
  5
2628
330
1A
100
AcDbEntity
  8
NOTE
 62
     3
100
AcDbText
 10
598.8226122190435
 20
467.792932301249
 30
0.0
 40
2.0
  1
3
  7
GHS
 72
     4
 11
599.7749931714245
 21
468.792932301249
 31
0.0
100
AcDbText
  0
TEXT
  5
2629
330
1A
100
AcDbEntity
  8
NOTE
 62
     3
100
AcDbText
 10
612.9833333333333
 20
502.0333333333335
 30
0.0
 40
3.0
  1
수 치
  7
GHS
 72
     4
 11
618.0
 21
503.6000000000001
 31
0.0
100
AcDbText
  0
TEXT
  5
262A
330
1A
100
AcDbEntity
  8
NOTE
 62
     3
100
AcDbText
 10
590.8571428571429
 20
495.4
 30
0.0
 40
3.0
  1
m
  7
GHS
 72
     4
 11
593.0
 21
496.4000000000001
 31
0.0
100
AcDbText
  0
TEXT
  5
262B
330
1A
100
AcDbEntity
  8
NOTE
 62
     3
100
AcDbText
 10
587.7357142857142
 20
480.7142857142858
 30
0.0
 40
3.0
  1
도( )
  7
GHS
 72
     4
 11
593.0
 21
482.0000000000001
 31
0.0
100
AcDbText
  0
CIRCLE
  5
262C
330
1A
100
AcDbEntity
  8
3
100
AcDbCircle
 10
595.4213277250812
 20
483.2604426549894
 30
0.0
 40
0.3
  0
TEXT
  5
262D
330
1A
100
AcDbEntity
  8
NOTE
 62
     3
100
AcDbText
 10
598.8226122190435
 20
474.9929323012491
 30
0.0
 40
2.0
  1
3
  7
GHS
 72
     4
 11
599.7749931714245
 21
475.9929323012491
 31
0.0
100
AcDbText
  0
TEXT
  5
262E
330
1A
100
AcDbEntity
  8
NOTE
 62
     3
100
AcDbText
 10
590.8571428571429
 20
488.2
 30
0.0
 40
3.0
  1
m
  7
GHS
 72
     4
 11
593.0
 21
489.2
 31
0.0
100
AcDbText
  0
TEXT
  5
262F
330
1A
100
AcDbEntity
  8
NOTE
 62
     3
100
AcDbText
 10
587.85
 20
502.0
 30
0.0
 40
3.0
  1
단 위
  7
GHS
 72
     4
 11
593.0
 21
503.6
 31
0.0
100
AcDbText
  0
TEXT
  5
2630
330
1A
100
AcDbEntity
  8
0
100
AcDbText
 10
688.7677964785797
 20
382.7288446599478
 30
0.0
 40
6.0
  1
철 근 집 계 표 (1m당)
 72
     4
 11
736.7773202881035
 21
385.3002732313764
 31
0.0
100
AcDbText
  0
TEXT
  5
2631
330
1A
100
AcDbEntity
  8
3
 62
     3
100
AcDbText
 10
689.5377861197579
 20
367.3999999999999
 30
0.0
 40
3.0
  1
길  이
  7
GHS
 72
     4
 11
696.1877861197579
 21
368.9999999999999
 31
0.0
100
AcDbText
  0
TEXT
  5
2632
330
1A
100
AcDbEntity
  8
3
 62
     3
100
AcDbText
 10
692.0449289769008
 20
362.7142857142857
 30
0.0
 40
3.0
  1
(m)
  7
GHS
 72
     4
 11
696.1877861197579
 21
364.0
 31
0.0
100
AcDbText
  0
LINE
  5
2633
330
1A
100
AcDbEntity
  8
0
100
AcDbLine
 10
651.9999999999997
 20
372.9999999999999
 30
0.0
 11
817.9999999999992
 21
373.0000000000002
 31
0.0
  0
LINE
  5
2634
330
1A
100
AcDbEntity
  8
0
100
AcDbLine
 10
651.9999999999997
 20
360.9999999999999
 30
0.0
 11
817.9999999999992
 21
361.0000000000002
 31
0.0
  0
TEXT
  5
2635
330
1A
100
AcDbEntity
  8
0
100
AcDbText
 10
565.7950338589999
 20
171.2418544555056
 30
0.0
 40
6.0
  1
(1m당)
 72
     4
 11
579.4664624304284
 21
173.8132830269342
 31
0.0
100
AcDbText
  0
TEXT
  5
2636
330
1A
100
AcDbEntity
  8
3
 62
     3
100
AcDbText
 10
565.283333333333
 20
154.8333333333334
 30
0.0
 40
3.0
  1
수  량
  7
GHS
 72
     4
 11
571.9999999999997
 21
156.4000000000001
 31
0.0
100
AcDbText
  0
LINE
  5
2637
330
1A
100
AcDbEntity
  8
0
100
AcDbLine
 10
500.0000000000002
 20
80.80000000000012
 30
0.0
 11
607.9999999999998
 21
80.80000000000012
 31
0.0
  0
LINE
  5
2638
330
1A
100
AcDbEntity
  8
0
100
AcDbLine
 10
499.9999999999998
 20
73.60000000000013
 30
0.0
 11
607.9999999999998
 21
73.60000000000013
 31
0.0
  0
LINE
  5
2639
330
1A
100
AcDbEntity
  8
0
100
AcDbLine
 10
520.0
 20
102.4000000000001
 30
0.0
 11
607.9999999999998
 21
102.4000000000001
 31
0.0
  0
LINE
  5
263A
330
1A
100
AcDbEntity
  8
0
100
AcDbLine
 10
500.0
 20
131.2
 30
0.0
 11
607.9999999999992
 21
131.2
 31
0.0
  0
LINE
  5
263B
330
1A
100
AcDbEntity
  8
0
100
AcDbLine
 10
500.0
 20
88.00000000000011
 30
0.0
 11
607.9999999999992
 21
88.00000000000011
 31
0.0
  0
LINE
  5
263C
330
1A
100
AcDbEntity
  8
0
100
AcDbLine
 10
520.0
 20
109.6
 30
0.0
 11
607.9999999999998
 21
109.6
 31
0.0
  0
LINE
  5
263D
330
1A
100
AcDbEntity
  8
0
100
AcDbLine
 10
520.0
 20
116.8000000000001
 30
0.0
 11
607.9999999999998
 21
116.8000000000001
 31
0.0
  0
LINE
  5
263E
330
1A
100
AcDbEntity
  8
0
100
AcDbLine
 10
500.0
 20
95.2000000000001
 30
0.0
 11
607.9999999999992
 21
95.2000000000001
 31
0.0
  0
LINE
  5
263F
330
1A
100
AcDbEntity
  8
0
100
AcDbLine
 10
500.0
 20
124.0000000000001
 30
0.0
 11
607.9999999999998
 21
124.0000000000001
 31
0.0
  0
LINE
  5
2640
330
1A
100
AcDbEntity
  8
0
100
AcDbLine
 10
500.0
 20
160.0
 30
0.0
 11
607.9999999999998
 21
160.0
 31
0.0
  0
LINE
  5
2641
330
1A
100
AcDbEntity
  8
0
100
AcDbLine
 10
500.0
 20
152.8
 30
0.0
 11
607.9999999999998
 21
152.8
 31
0.0
  0
LINE
  5
2642
330
1A
100
AcDbEntity
  8
0
100
AcDbLine
 10
520.0
 20
138.4000000000001
 30
0.0
 11
607.9999999999998
 21
138.4000000000001
 31
0.0
  0
LINE
  5
2643
330
1A
100
AcDbEntity
  8
0
100
AcDbLine
 10
520.0
 20
145.6
 30
0.0
 11
607.9999999999998
 21
145.6
 31
0.0
  0
LINE
  5
2644
330
1A
100
AcDbEntity
  8
0
100
AcDbLine
 10
500.0
 20
73.60000000000013
 30
0.0
 11
500.0
 21
160.0
 31
0.0
  0
LINE
  5
2645
330
1A
100
AcDbEntity
  8
0
100
AcDbLine
 10
543.9999999999997
 20
73.60000000000013
 30
0.0
 11
544.0
 21
160.0
 31
0.0
  0
LINE
  5
2646
330
1A
100
AcDbEntity
  8
0
100
AcDbLine
 10
559.9999999999997
 20
73.60000000000013
 30
0.0
 11
559.9999999999997
 21
160.0
 31
0.0
  0
LINE
  5
2647
330
1A
100
AcDbEntity
  8
0
100
AcDbLine
 10
519.9999999999997
 20
73.60000000000013
 30
0.0
 11
520.0
 21
124.0000000000001
 31
0.0
  0
TEXT
  5
2648
330
1A
100
AcDbEntity
  8
3
 62
     3
100
AcDbText
 10
501.2999999999999
 20
107.8333333333334
 30
0.0
 40
3.0
  1
거 푸 집
  7
GHS
 72
     4
 11
510.0
 21
109.4000000000001
 31
0.0
100
AcDbText
  0
TEXT
  5
2649
330
1A
100
AcDbEntity
  8
3
 62
     3
100
AcDbText
 10
501.3289159916068
 20
82.57926709177917
 30
0.0
 40
3.0
  1
배 수 관
  7
GHS
 72
     4
 11
510.2289159916067
 21
84.14593375844583
 31
0.0
100
AcDbText
  0
TEXT
  5
264A
330
1A
100
AcDbEntity
  8
3
 62
     3
100
AcDbText
 10
501.9789159916067
 20
89.74593375844582
 30
0.0
 40
3.0
  1
비   계
  7
GHS
 72
     4
 11
510.2289159916067
 21
91.34593375844582
 31
0.0
100
AcDbText
  0
TEXT
  5
264B
330
1A
100
AcDbEntity
  8
3
 62
     3
100
AcDbText
 10
501.9455826582731
 20
75.34593375844585
 30
0.0
 40
3.0
  1
철   근
  7
GHS
 72
     4
 11
510.2289159916065
 21
76.94593375844585
 31
0.0
100
AcDbText
  0
TEXT
  5
264C
330
1A
100
AcDbEntity
  8
3
 62
     3
100
AcDbText
 10
523.2857142857143
 20
82.90000000000015
 30
0.0
 40
3.0
  1
PVC 50
  7
GHS
 72
     4
 11
532.0
 21
84.40000000000015
 31
0.0
100
AcDbText
  0
TEXT
  5
264D
330
1A
100
AcDbEntity
  8
3
 62
     3
100
AcDbText
 10
525.15
 20
89.99908136482954
 30
0.0
 40
3.0
  1
강  관
  7
GHS
 72
     4
 11
532.0
 21
91.60000000000014
 31
0.0
100
AcDbText
  0
TEXT
  5
264E
330
1A
100
AcDbEntity
  8
3
 62
     3
100
AcDbText
 10
525.15
 20
97.20000000000013
 30
0.0
 40
3.0
  1
마  감
  7
GHS
 72
     4
 11
532.0
 21
98.80000000000013
 31
0.0
100
AcDbText
  0
TEXT
  5
264F
330
1A
100
AcDbEntity
  8
3
 62
     3
100
AcDbText
 10
523.2666666666666
 20
111.6000000000001
 30
0.0
 40
3.0
  1
벽 배 면
  7
GHS
 72
     4
 11
532.0
 21
113.2000000000001
 31
0.0
100
AcDbText
  0
TEXT
  5
2650
330
1A
100
AcDbEntity
  8
3
 62
     3
100
AcDbText
 10
525.2166666666666
 20
104.4000000000001
 30
0.0
 40
3.0
  1
기  초
  7
GHS
 72
     4
 11
532.0
 21
106.0000000000001
 31
0.0
100
AcDbText
  0
LINE
  5
2651
330
1A
100
AcDbEntity
  8
3
100
AcDbLine
 10
534.3342026074569
 20
86.59882292193225
 30
0.0
 11
533.417720972328
 21
82.20244123550385
 31
0.0
  0
TEXT
  5
2652
330
1A
100
AcDbEntity
  8
3
 62
     3
100
AcDbText
 10
530.2999999999997
 20
75.60000000000016
 30
0.0
 40
3.0
  1
계
  7
GHS
 72
     4
 11
531.9999999999997
 21
77.20000000000016
 31
0.0
100
AcDbText
  0
CIRCLE
  5
2653
330
1A
100
AcDbEntity
  8
3
100
AcDbCircle
 10
533.7843154017405
 20
84.40063277022506
 30
0.0
 40
1.099095075853711
  0
TEXT
  5
2654
330
1A
100
AcDbEntity
  8
3
 62
     3
100
AcDbText
 10
552.6941183079543
 20
92.00257744344567
 30
0.0
 40
2.0
  1
2
  7
GHS
 72
     4
 11
553.6464992603352
 21
93.00257744344566
 31
0.0
100
AcDbText
  0
TEXT
  5
2655
330
1A
100
AcDbEntity
  8
3
 62
     3
100
AcDbText
 10
548.2385360965968
 20
82.90000000000015
 30
0.0
 40
3.0
  1
EA
  7
GHS
 72
     4
 11
551.0956789537397
 21
84.40000000000015
 31
0.0
100
AcDbText
  0
TEXT
  5
2656
330
1A
100
AcDbEntity
  8
3
 62
     3
100
AcDbText
 10
550.2385360965968
 20
75.70000000000016
 30
0.0
 40
3.0
  1
t
  7
GHS
 72
     4
 11
551.0956789537397
 21
77.20000000000016
 31
0.0
100
AcDbText
  0
TEXT
  5
2657
330
1A
100
AcDbEntity
  8
3
 62
     3
100
AcDbText
 10
548.5231289689741
 20
90.60000000000014
 30
0.0
 40
3.0
  1
m
  7
GHS
 72
     4
 11
550.6659861118312
 21
91.60000000000014
 31
0.0
100
AcDbText
  0
TEXT
  5
2658
330
1A
100
AcDbEntity
  8
3
 62
     3
100
AcDbText
 10
552.6941183079543
 20
113.6025774434456
 30
0.0
 40
2.0
  1
2
  7
GHS
 72
     4
 11
553.6464992603352
 21
114.6025774434456
 31
0.0
100
AcDbText
  0
TEXT
  5
2659
330
1A
100
AcDbEntity
  8
3
 62
     3
100
AcDbText
 10
552.6941183079543
 20
99.20257744344565
 30
0.0
 40
2.0
  1
2
  7
GHS
 72
     4
 11
553.6464992603352
 21
100.2025774434456
 31
0.0
100
AcDbText
  0
TEXT
  5
265A
330
1A
100
AcDbEntity
  8
3
 62
     3
100
AcDbText
 10
552.6941183079543
 20
106.4025774434456
 30
0.0
 40
2.0
  1
2
  7
GHS
 72
     4
 11
553.6464992603352
 21
107.4025774434456
 31
0.0
100
AcDbText
  0
TEXT
  5
265B
330
1A
100
AcDbEntity
  8
3
 62
     3
100
AcDbText
 10
548.5231289689741
 20
105.0000000000001
 30
0.0
 40
3.0
  1
m
  7
GHS
 72
     4
 11
550.6659861118312
 21
106.0000000000001
 31
0.0
100
AcDbText
  0
TEXT
  5
265C
330
1A
100
AcDbEntity
  8
3
 62
     3
100
AcDbText
 10
548.5231289689741
 20
97.80000000000013
 30
0.0
 40
3.0
  1
m
  7
GHS
 72
     4
 11
550.6659861118312
 21
98.80000000000013
 31
0.0
100
AcDbText
  0
TEXT
  5
265D
330
1A
100
AcDbEntity
  8
3
 62
     3
100
AcDbText
 10
548.5231289689741
 20
112.2000000000001
 30
0.0
 40
3.0
  1
m
  7
GHS
 72
     4
 11
550.6659861118312
 21
113.2000000000001
 31
0.0
100
AcDbText
  0
TEXT
  5
265E
330
1A
100
AcDbEntity
  8
3
 62
     3
100
AcDbText
 10
502.2499999999999
 20
140.5
 30
0.0
 40
3.0
  1
콘크리트
  7
GHS
 72
     4
 11
510.0
 21
142.1
 31
0.0
100
AcDbText
  0
TEXT
  5
265F
330
1A
100
AcDbEntity
  8
3
 62
     3
100
AcDbText
 10
505.0913921336017
 20
154.8000000000001
 30
0.0
 40
3.0
  1
항        목
  7
GHS
 72
     4
 11
520.8747254669352
 21
156.4000000000001
 31
0.0
100
AcDbText
  0
TEXT
  5
2660
330
1A
100
AcDbEntity
  8
3
 62
     3
100
AcDbText
 10
525.2166666666666
 20
140.4
 30
0.0
 40
3.0
  1
기  초
  7
GHS
 72
     4
 11
532.0
 21
142.0
 31
0.0
100
AcDbText
  0
TEXT
  5
2661
330
1A
100
AcDbEntity
  8
3
 62
     3
100
AcDbText
 10
525.25
 20
147.6
 30
0.0
 40
3.0
  1
벽  체
  7
GHS
 72
     4
 11
532.0
 21
149.2
 31
0.0
100
AcDbText
  0
TEXT
  5
2662
330
1A
100
AcDbEntity
  8
3
 62
     3
100
AcDbText
 10
523.2999999999999
 20
118.8000000000001
 30
0.0
 40
3.0
  1
전 면 벽
  7
GHS
 72
     4
 11
532.0
 21
120.4000000000001
 31
0.0
100
AcDbText
  0
LINE
  5
2663
330
1A
100
AcDbEntity
  8
0
100
AcDbLine
 10
520.0
 20
131.2
 30
0.0
 11
520.0
 21
152.8
 31
0.0
  0
TEXT
  5
2664
330
1A
100
AcDbEntity
  8
3
 62
     3
100
AcDbText
 10
508.7514868161718
 20
126.0000000000001
 30
0.0
 40
3.0
  1
버림 콘크리트
  7
GHS
 72
     4
 11
522.2348201495051
 21
127.6000000000001
 31
0.0
100
AcDbText
  0
TEXT
  5
2665
330
1A
100
AcDbEntity
  8
3
 62
     3
100
AcDbText
 10
530.2999999999999
 20
133.2000000000002
 30
0.0
 40
3.0
  1
계
  7
GHS
 72
     4
 11
532.0
 21
134.8000000000002
 31
0.0
100
AcDbText
  0
TEXT
  5
2666
330
1A
100
AcDbEntity
  8
3
 62
     3
100
AcDbText
 10
552.6941183079543
 20
134.8025774434457
 30
0.0
 40
2.0
  1
3
  7
GHS
 72
     4
 11
553.6464992603352
 21
135.8025774434457
 31
0.0
100
AcDbText
  0
TEXT
  5
2667
330
1A
100
AcDbEntity
  8
3
 62
     3
100
AcDbText
 10
552.6941183079543
 20
127.6025774434456
 30
0.0
 40
2.0
  1
3
  7
GHS
 72
     4
 11
553.6464992603352
 21
128.6025774434456
 31
0.0
100
AcDbText
  0
TEXT
  5
2668
330
1A
100
AcDbEntity
  8
3
 62
     3
100
AcDbText
 10
552.6941183079543
 20
120.8025774434456
 30
0.0
 40
2.0
  1
2
  7
GHS
 72
     4
 11
553.6464992603352
 21
121.8025774434456
 31
0.0
100
AcDbText
  0
TEXT
  5
2669
330
1A
100
AcDbEntity
  8
3
 62
     3
100
AcDbText
 10
548.5231289689745
 20
126.6000000000001
 30
0.0
 40
3.0
  1
m
  7
GHS
 72
     4
 11
550.6659861118317
 21
127.6000000000001
 31
0.0
100
AcDbText
  0
TEXT
  5
266A
330
1A
100
AcDbEntity
  8
3
 62
     3
100
AcDbText
 10
548.5231289689741
 20
119.8000000000001
 30
0.0
 40
3.0
  1
m
  7
GHS
 72
     4
 11
550.6659861118312
 21
120.8000000000001
 31
0.0
100
AcDbText
  0
TEXT
  5
266B
330
1A
100
AcDbEntity
  8
3
 62
     3
100
AcDbText
 10
548.5231289689745
 20
133.8
 30
0.0
 40
3.0
  1
m
  7
GHS
 72
     4
 11
550.6659861118317
 21
134.8
 31
0.0
100
AcDbText
  0
TEXT
  5
266C
330
1A
100
AcDbEntity
  8
3
 62
     3
100
AcDbText
 10
552.6941183079543
 20
142.0025774434456
 30
0.0
 40
2.0
  1
3
  7
GHS
 72
     4
 11
553.6464992603352
 21
143.0025774434456
 31
0.0
100
AcDbText
  0
TEXT
  5
266D
330
1A
100
AcDbEntity
  8
3
 62
     3
100
AcDbText
 10
552.6941183079543
 20
149.6025774434456
 30
0.0
 40
2.0
  1
3
  7
GHS
 72
     4
 11
553.6464992603352
 21
150.6025774434456
 31
0.0
100
AcDbText
  0
TEXT
  5
266E
330
1A
100
AcDbEntity
  8
3
 62
     3
100
AcDbText
 10
546.8499999999997
 20
154.8000000000001
 30
0.0
 40
3.0
  1
단 위
  7
GHS
 72
     4
 11
551.9999999999997
 21
156.4000000000001
 31
0.0
100
AcDbText
  0
TEXT
  5
266F
330
1A
100
AcDbEntity
  8
3
 62
     3
100
AcDbText
 10
548.5231289689745
 20
148.6
 30
0.0
 40
3.0
  1
m
  7
GHS
 72
     4
 11
550.6659861118317
 21
149.6
 31
0.0
100
AcDbText
  0
TEXT
  5
2670
330
1A
100
AcDbEntity
  8
3
 62
     3
100
AcDbText
 10
548.5231289689745
 20
141.0
 30
0.0
 40
3.0
  1
m
  7
GHS
 72
     4
 11
550.6659861118317
 21
142.0
 31
0.0
100
AcDbText
  0
TEXT
  5
2671
330
1A
100
AcDbEntity
  8
0
100
AcDbText
 10
525.8071155050043
 20
170.6132830269341
 30
0.0
 40
6.0
  1
재 료 표
 72
     4
 11
542.9023536002423
 21
173.8132830269341
 31
0.0
100
AcDbText
  0
LINE
  5
2672
330
1A
100
AcDbEntity
  8
0
100
AcDbLine
 10
583.9999999999998
 20
73.60000000000013
 30
0.0
 11
583.9999999999998
 21
160.0
 31
0.0
  0
LINE
  5
2673
330
1A
100
AcDbEntity
  8
0
100
AcDbLine
 10
607.9999999999998
 20
73.60000000000013
 30
0.0
 11
607.9999999999998
 21
160.0
 31
0.0
  0
TEXT
  5
2674
330
1A
100
AcDbEntity
  8
3
 62
     3
100
AcDbText
 10
585.0072222222224
 20
83.17277777777793
 30
0.0
 40
2.35
  1
배수상세도참조
  7
GHS
 72
     4
 11
596.0000000000002
 21
84.40000000000015
 31
0.0
100
AcDbText
  0
TEXT
  5
2675
330
1A
100
AcDbEntity
  8
3
 62
     3
100
AcDbText
 10
590.1000000000002
 20
97.20000000000013
 30
0.0
 40
3.0
  1
개소당
  7
GHS
 72
     4
 11
596.0000000000002
 21
98.80000000000013
 31
0.0
100
AcDbText
  0
TEXT
  5
2676
330
1A
100
AcDbEntity
  8
3
 62
     3
100
AcDbText
 10
589.1941087340947
 20
126.1000000000001
 30
0.0
 40
3.0
  1
=16MPa
  7
GHS
 72
     4
 11
598.4798230198091
 21
127.6000000000001
 31
0.0
100
AcDbText
  0
TEXT
  5
2677
330
1A
100
AcDbEntity
  8
3
 62
     3
100
AcDbText
 10
589.1941087340952
 20
147.7
 30
0.0
 40
3.0
  1
=24MPa
  7
GHS
 72
     4
 11
598.4798230198095
 21
149.2
 31
0.0
100
AcDbText
  0
TEXT
  5
2678
330
1A
100
AcDbEntity
  8
3
 62
     3
100
AcDbText
 10
589.2166666666664
 20
154.8
 30
0.0
 40
3.0
  1
적  요
  7
GHS
 72
     4
 11
595.9999999999998
 21
156.4
 31
0.0
100
AcDbText
  0
TEXT
  5
2679
330
1A
100
AcDbEntity
  8
3
 62
     3
100
AcDbText
 10
585.7680965652888
 20
126.1525900165836
 30
0.0
 40
2.0
  1
ck
  7
GHS
 72
     4
 11
587.4823822795745
 21
127.1525900165836
 31
0.0
100
AcDbText
  0
TEXT
  5
267A
330
1A
100
AcDbEntity
  8
3
 62
     3
100
AcDbText
 10
584.6621038888947
 20
126.1000000000001
 30
0.0
 40
3.0
  1
f
  7
GHS
 72
     4
 11
585.5192467460376
 21
127.6000000000001
 31
0.0
100
AcDbText
  0
TEXT
  5
267B
330
1A
100
AcDbEntity
  8
3
 62
     3
100
AcDbText
 10
585.7680965652892
 20
147.7525900165835
 30
0.0
 40
2.0
  1
ck
  7
GHS
 72
     4
 11
587.4823822795749
 21
148.7525900165835
 31
0.0
100
AcDbText
  0
TEXT
  5
267C
330
1A
100
AcDbEntity
  8
3
 62
     3
100
AcDbText
 10
584.6621038888952
 20
147.7
 30
0.0
 40
3.0
  1
f
  7
GHS
 72
     4
 11
585.5192467460381
 21
149.2
 31
0.0
100
AcDbText
  0
TEXT
  5
267D
330
1A
100
AcDbEntity
  8
3
 62
     3
100
AcDbText
 10
653.8499999999993
 20
365.5166666666666
 30
0.0
 40
3.0
  1
부 호
  7
GHS
 72
     4
 11
658.9999999999993
 21
366.9999999999999
 31
0.0
100
AcDbText
  0
TEXT
  5
267E
330
1A
100
AcDbEntity
  8
3
 62
     3
100
AcDbText
 10
670.8121161890872
 20
365.3990813648293
 30
0.0
 40
3.0
  1
호 칭
  7
GHS
 72
     4
 11
675.8287828557538
 21
366.9999999999999
 31
0.0
100
AcDbText
  0
TEXT
  5
267F
330
1A
100
AcDbEntity
  8
3
 62
     3
100
AcDbText
 10
747.964133394672
 20
367.4000000000002
 30
0.0
 40
3.0
  1
단위중량
  7
GHS
 72
     4
 11
755.914133394672
 21
369.0000000000002
 31
0.0
100
AcDbText
  0
TEXT
  5
2680
330
1A
100
AcDbEntity
  8
3
 62
     3
100
AcDbText
 10
747.6284191089576
 20
362.7142857142859
 30
0.0
 40
3.0
  1
(kg/m)
  7
GHS
 72
     4
 11
755.914133394672
 21
364.0000000000002
 31
0.0
100
AcDbText
  0
TEXT
  5
2681
330
1A
100
AcDbEntity
  8
3
 62
     3
100
AcDbText
 10
724.1119609648868
 20
367.3833333333335
 30
0.0
 40
3.0
  1
총 길 이
  7
GHS
 72
     4
 11
732.6786276315536
 21
369.0000000000002
 31
0.0
100
AcDbText
  0
TEXT
  5
2682
330
1A
100
AcDbEntity
  8
3
 62
     3
100
AcDbText
 10
728.5357704886965
 20
362.7142857142859
 30
0.0
 40
3.0
  1
(m)
  7
GHS
 72
     4
 11
732.6786276315536
 21
364.0000000000002
 31
0.0
100
AcDbText
  0
TEXT
  5
2683
330
1A
100
AcDbEntity
  8
3
 62
     3
100
AcDbText
 10
707.716666666666
 20
365.4707349081364
 30
0.0
 40
3.0
  1
갯 수
  7
GHS
 72
     4
 11
712.9999999999993
 21
366.9999999999999
 31
0.0
100
AcDbText
  0
TEXT
  5
2684
330
1A
100
AcDbEntity
  8
3
 62
     3
100
AcDbText
 10
776.2201708777495
 20
362.7142857142859
 30
0.0
 40
3.0
  1
(t)
  7
GHS
 72
     4
 11
779.0773137348923
 21
364.0000000000002
 31
0.0
100
AcDbText
  0
TEXT
  5
2685
330
1A
100
AcDbEntity
  8
3
 62
     3
100
AcDbText
 10
770.4106470682257
 20
367.4166666666669
 30
0.0
 40
3.0
  1
총 무 게
  7
GHS
 72
     4
 11
779.0773137348923
 21
369.0000000000002
 31
0.0
100
AcDbText
  0
TEXT
  5
2686
330
1A
100
AcDbEntity
  8
3
100
AcDbText
 10
795.7118057509153
 20
356.6614295841977
 30
0.0
 40
3.0
  1
(3%할증)
  7
GHS
100
AcDbText
  0
TEXT
  5
2687
330
1A
100
AcDbEntity
  8
3
100
AcDbText
 10
798.2166666666659
 20
365.4000000000002
 30
0.0
 40
3.0
  1
비  고
  7
GHS
 72
     4
 11
804.9999999999993
 21
367.0000000000002
 31
0.0
100
AcDbText
  0
TEXT
  5
2688
330
1A
100
AcDbEntity
  8
0
100
AcDbText
 10
797.2732356190852
 20
375.6095625683347
 30
0.0
 40
4.0
  1
SD30
 72
     4
 11
804.4160927619422
 21
377.6095625683347
 31
0.0
100
AcDbText
  0
TEXT
  5
2689
330
1A
100
AcDbEntity
  8
3
100
AcDbText
 10
514.69280698171
 20
295.3999999999999
 30
0.0
 40
3.0
  1
길이
  7
GHS
 72
     4
 11
518.34280698171
 21
296.9999999999999
 31
0.0
100
AcDbText
  0
LINE
  5
268B
330
1A
100
AcDbEntity
  8
0
100
AcDbLine
 10
464.9999999999999
 20
233.9999999999999
 30
0.0
 11
637.0
 21
233.9999999999999
 31
0.0
  0
LINE
  5
268C
330
1A
100
AcDbEntity
  8
0
100
AcDbLine
 10
464.9999999999999
 20
227.9999999999999
 30
0.0
 11
637.0
 21
227.9999999999999
 31
0.0
  0
LINE
  5
268D
330
1A
100
AcDbEntity
  8
0
100
AcDbLine
 10
464.9999999999999
 20
221.9999999999999
 30
0.0
 11
637.0
 21
221.9999999999999
 31
0.0
  0
LINE
  5
268E
330
1A
100
AcDbEntity
  8
0
100
AcDbLine
 10
464.9999999999999
 20
216.0
 30
0.0
 11
637.0
 21
216.0
 31
0.0
  0
LINE
  5
268F
330
1A
100
AcDbEntity
  8
0
100
AcDbLine
 10
464.9999999999999
 20
239.9999999999999
 30
0.0
 11
637.0
 21
239.9999999999999
 31
0.0
  0
LINE
  5
2690
330
1A
100
AcDbEntity
  8
0
100
AcDbLine
 10
464.9999999999999
 20
245.9999999999999
 30
0.0
 11
637.0
 21
245.9999999999999
 31
0.0
  0
LINE
  5
2691
330
1A
100
AcDbEntity
  8
0
100
AcDbLine
 10
464.9999999999999
 20
252.0
 30
0.0
 11
637.0
 21
252.0
 31
0.0
  0
LINE
  5
2692
330
1A
100
AcDbEntity
  8
0
100
AcDbLine
 10
464.9999999999999
 20
258.0
 30
0.0
 11
637.0
 21
258.0
 31
0.0
  0
LINE
  5
2693
330
1A
100
AcDbEntity
  8
0
100
AcDbLine
 10
464.9999999999999
 20
264.0
 30
0.0
 11
637.0
 21
264.0
 31
0.0
  0
LINE
  5
2694
330
1A
100
AcDbEntity
  8
0
100
AcDbLine
 10
464.9999999999999
 20
269.9999999999999
 30
0.0
 11
637.0
 21
269.9999999999999
 31
0.0
  0
LINE
  5
2695
330
1A
100
AcDbEntity
  8
0
100
AcDbLine
 10
464.9999999999999
 20
275.9999999999999
 30
0.0
 11
637.0
 21
275.9999999999999
 31
0.0
  0
LINE
  5
2696
330
1A
100
AcDbEntity
  8
0
100
AcDbLine
 10
464.9999999999999
 20
281.9999999999999
 30
0.0
 11
637.0
 21
281.9999999999999
 31
0.0
  0
LINE
  5
2697
330
1A
100
AcDbEntity
  8
0
100
AcDbLine
 10
464.9999999999999
 20
287.9999999999999
 30
0.0
 11
637.0
 21
287.9999999999999
 31
0.0
  0
LINE
  5
2698
330
1A
100
AcDbEntity
  8
0
100
AcDbLine
 10
464.9999999999999
 20
293.9999999999999
 30
0.0
 11
637.0
 21
293.9999999999999
 31
0.0
  0
LINE
  5
2699
330
1A
100
AcDbEntity
  8
0
100
AcDbLine
 10
464.9999999999999
 20
300.0
 30
0.0
 11
637.0
 21
300.0
 31
0.0
  0
LINE
  5
269A
330
1A
100
AcDbEntity
  8
0
100
AcDbLine
 10
464.9999999999999
 20
300.0
 30
0.0
 11
621.0
 21
300.0
 31
0.0
  0
TEXT
  5
269B
330
1A
100
AcDbEntity
  8
0
100
AcDbText
 10
504.7367602852204
 20
382.6734517027087
 30
0.0
 40
6.0
  1
철 근 상 세  (1m당)
 72
     4
 11
548.6462840947442
 21
385.2448802741373
 31
0.0
100
AcDbText
  0
LINE
  5
269E
330
1A
100
AcDbEntity
  8
0
100
AcDbLine
 10
464.9999999999999
 20
209.9999999999997
 30
0.0
 11
637.0
 21
209.9999999999997
 31
0.0
  0
LINE
  5
269F
330
1A
100
AcDbEntity
  8
0
100
AcDbLine
 10
464.9999999999999
 20
209.9999999999997
 30
0.0
 11
464.9999999999999
 21
372.9999999999999
 31
0.0
  0
LINE
  5
26A0
330
1A
100
AcDbEntity
  8
0
100
AcDbLine
 10
476.9999999999999
 20
209.9999999999997
 30
0.0
 11
477.0000000000004
 21
300.0
 31
0.0
  0
LINE
  5
26A1
330
1A
100
AcDbEntity
  8
0
100
AcDbLine
 10
488.9999999999999
 20
209.9999999999997
 30
0.0
 11
488.9999999999999
 21
300.0
 31
0.0
  0
LINE
  5
26A2
330
1A
100
AcDbEntity
  8
0
100
AcDbLine
 10
500.9999999999999
 20
209.9999999999997
 30
0.0
 11
500.9999999999999
 21
300.0
 31
0.0
  0
LINE
  5
26A3
330
1A
100
AcDbEntity
  8
0
100
AcDbLine
 10
513.0
 20
209.9999999999997
 30
0.0
 11
513.0
 21
300.0
 31
0.0
  0
TEXT
  5
26A9
330
1A
100
AcDbEntity
  8
3
100
AcDbText
 10
477.816666666667
 20
295.3999999999999
 30
0.0
 40
3.0
  1
상 세
  7
GHS
 72
     4
 11
483.0000000000004
 21
296.9999999999999
 31
0.0
100
AcDbText
  0
TEXT
  5
26AA
330
1A
100
AcDbEntity
  8
3
100
AcDbText
 10
465.85
 20
295.5166666666666
 30
0.0
 40
3.0
  1
부 호
  7
GHS
 72
     4
 11
470.9999999999999
 21
296.9999999999999
 31
0.0
100
AcDbText
  0
TEXT
  5
26AB
330
1A
100
AcDbEntity
  8
3
100
AcDbText
 10
489.9833333333332
 20
295.3990813648293
 30
0.0
 40
3.0
  1
호 칭
  7
GHS
 72
     4
 11
494.9999999999999
 21
296.9999999999999
 31
0.0
100
AcDbText
  0
TEXT
  5
26AC
330
1A
100
AcDbEntity
  8
3
100
AcDbText
 10
501.7166666666666
 20
295.4707349081364
 30
0.0
 40
3.0
  1
갯 수
  7
GHS
 72
     4
 11
506.9999999999999
 21
296.9999999999999
 31
0.0
100
AcDbText
  0
LINE
  5
26AD
330
1A
100
AcDbEntity
  8
0
100
AcDbLine
 10
637.0000000000002
 20
209.9999999999997
 30
0.0
 11
636.9999999999997
 21
372.9999999999999
 31
0.0
  0
LINE
  5
26AE
330
1A
100
AcDbEntity
  8
0
100
AcDbLine
 10
530.0
 20
209.9999999999997
 30
0.0
 11
530.0
 21
300.0
 31
0.0
  0
LINE
  5
26AF
330
1A
100
AcDbEntity
  8
0
100
AcDbLine
 10
547.0
 20
209.9999999999997
 30
0.0
 11
547.0000000000005
 21
300.0
 31
0.0
  0
LINE
  5
26B0
330
1A
100
AcDbEntity
  8
0
100
AcDbLine
 10
562.0
 20
209.9999999999997
 30
0.0
 11
562.0000000000004
 21
300.0
 31
0.0
  0
LINE
  5
26B1
330
1A
100
AcDbEntity
  8
0
100
AcDbLine
 10
577.0
 20
209.9999999999997
 30
0.0
 11
577.0
 21
300.0
 31
0.0
  0
LINE
  5
26B2
330
1A
100
AcDbEntity
  8
0
100
AcDbLine
 10
592.0
 20
209.9999999999997
 30
0.0
 11
592.0
 21
300.0
 31
0.0
  0
LINE
  5
26B3
330
1A
100
AcDbEntity
  8
0
100
AcDbLine
 10
607.0
 20
209.9999999999997
 30
0.0
 11
607.0
 21
300.0
 31
0.0
  0
LINE
  5
26B4
330
1A
100
AcDbEntity
  8
0
100
AcDbLine
 10
622.0
 20
209.9999999999997
 30
0.0
 11
622.0000000000005
 21
300.0
 31
0.0
  0
TEXT
  5
26BD
330
1A
100
AcDbEntity
  8
3
100
AcDbText
 10
578.1751701056599
 20
295.5
 30
0.0
 40
3.0
  1
L4
  7
GHS
 72
     4
 11
580.9608843913743
 21
296.9999999999999
 31
0.0
100
AcDbText
  0
TEXT
  5
26BE
330
1A
100
AcDbEntity
  8
3
100
AcDbText
 10
522.3499392180797
 20
295.9142290110478
 30
0.0
 40
1.536
  1
(mm)
  7
GHS
100
AcDbText
  0
TEXT
  5
26BF
330
1A
100
AcDbEntity
  8
3
100
AcDbText
 10
533.0570926959957
 20
295.5
 30
0.0
 40
3.0
  1
L1
  7
GHS
 72
     4
 11
535.34280698171
 21
296.9999999999999
 31
0.0
100
AcDbText
  0
TEXT
  5
26C0
330
1A
100
AcDbEntity
  8
3
100
AcDbText
 10
538.4286547601223
 20
295.9142290110478
 30
0.0
 40
1.536
  1
(mm)
  7
GHS
100
AcDbText
  0
TEXT
  5
26C1
330
1A
100
AcDbEntity
  8
3
100
AcDbText
 10
548.2465986770891
 20
295.5
 30
0.0
 40
3.0
  1
L2
  7
GHS
 72
     4
 11
550.9608843913747
 21
296.9999999999999
 31
0.0
100
AcDbText
  0
TEXT
  5
26C2
330
1A
100
AcDbEntity
  8
3
100
AcDbText
 10
554.0467321697869
 20
295.9142290110478
 30
0.0
 40
1.536
  1
(mm)
  7
GHS
100
AcDbText
  0
TEXT
  5
26C3
330
1A
100
AcDbEntity
  8
3
100
AcDbText
 10
563.246598677089
 20
295.5
 30
0.0
 40
3.0
  1
L3
  7
GHS
 72
     4
 11
565.9608843913747
 21
296.9999999999999
 31
0.0
100
AcDbText
  0
TEXT
  5
26C4
330
1A
100
AcDbEntity
  8
3
100
AcDbText
 10
569.046732169787
 20
295.9142290110478
 30
0.0
 40
1.536
  1
(mm)
  7
GHS
100
AcDbText
  0
TEXT
  5
26C5
330
1A
100
AcDbEntity
  8
3
100
AcDbText
 10
608.2465986770886
 20
295.5
 30
0.0
 40
3.0
  1
L6
  7
GHS
 72
     4
 11
610.9608843913743
 21
296.9999999999999
 31
0.0
100
AcDbText
  0
TEXT
  5
26C6
330
1A
100
AcDbEntity
  8
3
100
AcDbText
 10
593.2465986770885
 20
295.5
 30
0.0
 40
3.0
  1
L5
  7
GHS
 72
     4
 11
595.9608843913742
 21
296.9999999999999
 31
0.0
100
AcDbText
  0
TEXT
  5
26C7
330
1A
100
AcDbEntity
  8
3
100
AcDbText
 10
584.046732169787
 20
295.9142290110478
 30
0.0
 40
1.536
  1
(mm)
  7
GHS
100
AcDbText
  0
TEXT
  5
26C8
330
1A
100
AcDbEntity
  8
3
100
AcDbText
 10
599.0467321697869
 20
295.9142290110478
 30
0.0
 40
1.536
  1
(mm)
  7
GHS
100
AcDbText
  0
TEXT
  5
26C9
330
1A
100
AcDbEntity
  8
3
100
AcDbText
 10
623.6628898713093
 20
295.3999999999999
 30
0.0
 40
3.0
  1
이 음
  7
GHS
 72
     4
 11
628.938742889682
 21
296.9999999999999
 31
0.0
100
AcDbText
  0
TEXT
  5
26CA
330
1A
100
AcDbEntity
  8
3
100
AcDbText
 10
614.046732169787
 20
295.9142290110478
 30
0.0
 40
1.536
  1
(mm)
  7
GHS
100
AcDbText
  0
LINE
  5
26CF
330
1A
100
AcDbEntity
  8
0
100
AcDbLine
 10
464.9999999999999
 20
372.9999999999999
 30
0.0
 11
637.0
 21
372.9999999999999
 31
0.0
  0
TEXT
  5
32C8
330
1A
100
AcDbEntity
  8
3
 62
     3
100
AcDbText
 10
641.9900767252693
 20
136.8209557094828
 30
0.0
 40
3.0
  1
-. 뒤채움은 투수성이 좋은 사질토로 하고, 현장여건에 따라 적절한 배수설비를 설치하여
  7
GHS
100
AcDbText
  0
TEXT
  5
32C9
330
1A
100
AcDbEntity
  8
3
 62
     3
100
AcDbText
 10
641.899865677914
 20
173.6078656676877
 30
0.0
 40
3.0
  1
-. 옹벽의 기초지반은 허용지지력이 최대지반반력 이상이어야 하며, 충분한 활동저항력
  7
GHS
100
AcDbText
  0
TEXT
  5
32CA
330
1A
100
AcDbEntity
  8
3
 62
     3
100
AcDbText
 10
649.6491363555287
 20
164.7336406477966
 30
0.0
 40
3.0
  1
(상시안전율:1.5이상,지진시:1.2이상)을 발휘하고, 저판폭의 2배깊이 이내에 연약층이 
  7
GHS
100
AcDbText
  0
TEXT
  5
32CB
330
1A
100
AcDbEntity
  8
3
 62
     3
100
AcDbText
 10
641.9900767252693
 20
118.8209557094828
 30
0.0
 40
3.0
  1
-. 최하단 배수공의 설치위치는 최대한 하단부로하여 침투수가 정체되지 않도록 하고,
  7
GHS
100
AcDbText
  0
TEXT
  5
32CC
330
1A
100
AcDbEntity
  8
3
 62
     3
100
AcDbText
 10
649.6106957801361
 20
91.78231041901289
 30
0.0
 40
3.0
  1
잘라서는 안된다. V형 홈은 깊이 35mm로 수평철근이 노출되지 않도록 설치한다.
  7
GHS
100
AcDbText
  0
TEXT
  5
32CD
330
1A
100
AcDbEntity
  8
3
 62
     3
100
AcDbText
 10
641.6022945348763
 20
100.6729777801924
 30
0.0
 40
3.0
  1
-. 옹벽전면에는 V면의 홈을 가진 수축줄눈을 최대 5m이하의 간격으로 만들고 철근은
  7
GHS
100
AcDbText
  0
TEXT
  5
32CE
330
1A
100
AcDbEntity
  8
3
 62
     3
100
AcDbText
 10
647.2527391326102
 20
110.1458943902985
 30
0.0
 40
3.0
  1
 부직포와 배수필터는 뒤채움토의 입도분포에 따라 소요규격을 결정하여야한다.
  7
GHS
100
AcDbText
  0
TEXT
  5
32CF
330
1A
100
AcDbEntity
  8
3
 62
     3
100
AcDbText
 10
641.7468688132331
 20
63.92572806014005
 30
0.0
 40
3.0
  1
-. 활동방지턱 설치를 위한 터파기는 연직으로 굴착하는 것을 원칙으로 하고
  7
GHS
100
AcDbText
  0
TEXT
  5
32D1
330
1A
100
AcDbEntity
  8
0
100
AcDbText
 10
642.1165510083746
 20
185.2110291388529
 30
0.0
 40
6.0
  1
[주의사항]
 72
     4
 11
661.6594081512316
 21
187.7824577102815
 31
0.0
100
AcDbText
  0
TEXT
  5
32D2
330
1A
100
AcDbEntity
  8
3
 62
     3
100
AcDbText
 10
649.6491363555287
 20
155.7113870712032
 30
0.0
 40
3.0
  1
존재하지 않는 사질토 지반이어야한다.
  7
GHS
100
AcDbText
  0
TEXT
  5
32D3
330
1A
100
AcDbEntity
  8
3
 62
     3
100
AcDbText
 10
650.6332452172655
 20
127.8458743918145
 30
0.0
 40
3.0
  1
옹벽배면에 수압이 작용하지않도록 설계하여야 한다.
  7
GHS
100
AcDbText
  0
TEXT
  5
32D4
330
1A
100
AcDbEntity
  8
3
 62
     3
100
AcDbText
 10
641.7468688132331
 20
81.92572806014004
 30
0.0
 40
3.0
  1
-. 신축이음의 간격은 최대 20m 이하로 하고 충진재를 삽입한다.
  7
GHS
100
AcDbText
  0
TEXT
  5
32D5
330
1A
100
AcDbEntity
  8
3
 62
     3
100
AcDbText
 10
650.2274391636615
 20
55.83581232194365
 30
0.0
 40
3.0
  1
부득이 경사굴착시에는 콘크리트로 되메움하여야한다.
  7
GHS
100
AcDbText
  0
TEXT
  5
32D6
330
1A
100
AcDbEntity
  8
3
 62
     3
100
AcDbText
 10
641.5566015677523
 20
47.14952969169632
 30
0.0
 40
3.0
  1
-. 기초저면의 최소근입깊이는 동결심도 이상이어야 한다.
  7
GHS
100
AcDbText
  0
TEXT
  5
32EF
330
1A
100
AcDbEntity
  8
0
100
AcDbText
 10
375.8348892776607
 20
22.375
 30
0.0
 40
5.25
  1
-1
 72
     4
 11
379.7098892776607
 21
25.0
 31
0.0
100
AcDbText
  0
TEXT
  5
32F1
330
1A
100
AcDbEntity
  8
0
100
AcDbText
 10
804.7098892776608
 20
22.375
 30
0.0
 40
5.25
  1
-2
 72
     4
 11
809.7098892776607
 21
25.0
 31
0.0
100
AcDbText
  0
TEXT
  5
3320
330
1A
100
AcDbEntity
  8
3
 62
     3
100
AcDbText
 10
641.9900767252693
 20
145.8209557094828
 30
0.0
 40
3.0
  1
-. 뒤채움 토사는 "일반사항 4.표준도의 설계조건"에 제시된 재료이상이어야 한다.
  7
GHS
100
AcDbText
  0
TEXT
  5
3321
330
1A
100
AcDbEntity
  8
3
 62
     3
100
AcDbText
 10
641.7468688132331
 20
72.92572806014004
 30
0.0
 40
3.0
  1
-. 배수Pipe는 최대간격 4.5m이내, 직경은 50mm 이상으로 설치하여야 한다.
  7
GHS
100
AcDbText
  0
INSERT
  5
335E
330
1A
100
AcDbEntity
  8
0
100
AcDbBlockReference
  2
STB18
 10
303.3333333333337
 20
238.3333333333336
 30
0.0
  0
LINE
  5
335F
330
1A
100
AcDbEntity
  8
2
100
AcDbLine
 10
281.666666666667
 20
121.666666666667
 30
0.0
 11
281.666666666667
 21
127.5000000000003
 31
0.0
  0
LINE
  5
3360
330
1A
100
AcDbEntity
  8
2
100
AcDbLine
 10
281.666666666667
 20
127.5000000000003
 30
0.0
 11
288.3333333333337
 21
129.166666666667
 31
0.0
  0
LINE
  5
3361
330
1A
100
AcDbEntity
  8
2
100
AcDbLine
 10
288.3333333333337
 20
129.166666666667
 30
0.0
 11
289.516666666667
 21
188.3333333333336
 31
0.0
  0
LINE
  5
3362
330
1A
100
AcDbEntity
  8
2
100
AcDbLine
 10
289.516666666667
 20
188.3333333333336
 30
0.0
 11
292.016666666667
 21
188.3333333333336
 31
0.0
  0
LINE
  5
3363
330
1A
100
AcDbEntity
  8
2
100
AcDbLine
 10
292.016666666667
 20
188.3333333333336
 30
0.0
 11
295.8333333333337
 21
129.166666666667
 31
0.0
  0
LINE
  5
3364
330
1A
100
AcDbEntity
  8
2
100
AcDbLine
 10
295.8333333333337
 20
129.166666666667
 30
0.0
 11
325.0000000000003
 21
127.5000000000003
 31
0.0
  0
LINE
  5
3365
330
1A
100
AcDbEntity
  8
2
100
AcDbLine
 10
325.0000000000003
 20
127.5000000000003
 30
0.0
 11
325.0000000000003
 21
121.666666666667
 31
0.0
  0
LINE
  5
3366
330
1A
100
AcDbEntity
  8
2
100
AcDbLine
 10
325.0000000000003
 20
121.666666666667
 30
0.0
 11
281.666666666667
 21
121.666666666667
 31
0.0
  0
LINE
  5
3367
330
1A
100
AcDbEntity
  8
2
100
AcDbLine
 10
281.666666666667
 20
121.666666666667
 30
0.0
 11
280.8333333333337
 21
121.666666666667
 31
0.0
  0
LINE
  5
3368
330
1A
100
AcDbEntity
  8
2
100
AcDbLine
 10
280.8333333333337
 20
121.666666666667
 30
0.0
 11
280.8333333333337
 21
120.8333333333337
 31
0.0
  0
LINE
  5
3369
330
1A
100
AcDbEntity
  8
2
100
AcDbLine
 10
280.8333333333337
 20
120.8333333333337
 30
0.0
 11
325.8333333333336
 21
120.8333333333337
 31
0.0
  0
LINE
  5
336A
330
1A
100
AcDbEntity
  8
2
100
AcDbLine
 10
325.8333333333336
 20
120.8333333333337
 30
0.0
 11
325.8333333333336
 21
121.666666666667
 31
0.0
  0
LINE
  5
336B
330
1A
100
AcDbEntity
  8
2
100
AcDbLine
 10
325.8333333333336
 20
121.666666666667
 30
0.0
 11
325.0000000000003
 21
121.666666666667
 31
0.0
  0
LINE
  5
336C
330
1A
100
AcDbEntity
  8
2
100
AcDbLine
 10
260.666666666667
 20
130.0000000000003
 30
0.0
 11
288.3353333333337
 21
130.0000000000003
 31
0.0
  0
INSERT
  5
337F
330
1A
100
AcDbEntity
  8
2
100
AcDbBlockReference
  2
STB1
 10
269.666666666667
 20
130.0000000000003
 30
0.0
 41
2.0
 42
2.0
 43
2.0
  0
LINE
  5
3380
330
1A
100
AcDbEntity
  8
2
100
AcDbLine
 10
292.016666666667
 20
188.3333333333336
 30
0.0
 11
334.0000000000003
 21
188.3333333333336
 31
0.0
  0
INSERT
  5
3381
330
1A
100
AcDbEntity
  8
2
100
AcDbBlockReference
  2
STB1
 10
308.5083333333337
 20
188.3333333333336
 30
0.0
 41
2.0
 42
2.0
 43
2.0
  0
INSERT
  5
33E2
330
1A
100
AcDbEntity
  8
2
100
AcDbBlockReference
  2
STB2
 10
325.0000000000003
 20
188.3333333333336
 30
0.0
 41
2.0
 42
2.0
 43
2.0
  0
TEXT
  5
33E3
330
1A
100
AcDbEntity
  8
3
100
AcDbText
 10
303.6511904761908
 20
188.9333333333336
 30
0.0
 40
3.0
  1
level
  7
GHS
 72
     1
 11
308.5083333333337
 21
188.9333333333336
 31
0.0
100
AcDbText
  0
TEXT
  5
33E4
330
1A
100
AcDbEntity
  8
3
100
AcDbText
 10
288.5848095415763
 20
162.1404624982881
 30
0.0
 40
2.399999999999999
  1
1:0.02
 50
88.85424
  7
GHS
 72
     1
 11
288.7025000000004
 21
168.0250000000003
 31
0.0
100
AcDbText
  0
LINE
  5
33E5
330
1A
100
AcDbEntity
  8
0
100
AcDbLine
 10
281.666666666667
 20
105.666666666667
 30
0.0
 11
281.666666666667
 21
89.666666666667
 31
0.0
  0
LINE
  5
33E6
330
1A
100
AcDbEntity
  8
0
100
AcDbLine
 10
325.0000000000003
 20
105.666666666667
 30
0.0
 11
325.0000000000003
 21
89.666666666667
 31
0.0
  0
LINE
  5
33E7
330
1A
100
AcDbEntity
  8
0
100
AcDbLine
 10
281.666666666667
 20
91.66666666666699
 30
0.0
 11
325.0000000000003
 21
91.66666666666699
 31
0.0
  0
LWPOLYLINE
  5
33E8
330
1A
100
AcDbEntity
  8
0
100
AcDbPolyline
 90
        2
 70
     1
 43
0.5
 10
281.416666666667
 20
91.66666666666699
 42
1.0
 10
281.916666666667
 20
91.66666666666699
 42
1.0
  0
LWPOLYLINE
  5
33E9
330
1A
100
AcDbEntity
  8
0
100
AcDbPolyline
 90
        2
 70
     1
 43
0.5
 10
324.7500000000004
 20
91.66666666666699
 42
1.0
 10
325.2500000000003
 20
91.66666666666699
 42
1.0
  0
TEXT
  5
33EA
330
1A
100
AcDbEntity
  8
3
100
AcDbText
 10
297.619047619048
 20
92.46666666666699
 30
0.0
 40
3.0
  1
5200
  7
GHS
 72
     1
 11
303.3333333333337
 21
92.46666666666699
 31
0.0
100
AcDbText
  0
LINE
  5
33EB
330
1A
100
AcDbEntity
  8
0
100
AcDbLine
 10
288.3333333333337
 20
204.3333333333336
 30
0.0
 11
288.3333333333337
 21
220.3333333333337
 31
0.0
  0
LINE
  5
33EC
330
1A
100
AcDbEntity
  8
0
100
AcDbLine
 10
289.516666666667
 20
204.3333333333336
 30
0.0
 11
289.516666666667
 21
220.3333333333337
 31
0.0
  0
LINE
  5
33ED
330
1A
100
AcDbEntity
  8
0
100
AcDbLine
 10
288.3333333333337
 20
218.3333333333337
 30
0.0
 11
289.516666666667
 21
218.3333333333337
 31
0.0
  0
LWPOLYLINE
  5
33EE
330
1A
100
AcDbEntity
  8
0
100
AcDbPolyline
 90
        2
 70
     1
 43
0.5
 10
288.0833333333337
 20
218.3333333333337
 42
1.0
 10
288.5833333333337
 20
218.3333333333337
 42
1.0
  0
LWPOLYLINE
  5
33EF
330
1A
100
AcDbEntity
  8
0
100
AcDbPolyline
 90
        2
 70
     1
 43
0.5
 10
289.266666666667
 20
218.3333333333337
 42
1.0
 10
289.766666666667
 20
218.3333333333337
 42
1.0
  0
LINE
  5
33F0
330
1A
100
AcDbEntity
  8
0
100
AcDbLine
 10
278.3333333333337
 20
218.3333333333337
 30
0.0
 11
288.3333333333337
 21
218.3333333333337
 31
0.0
  0
TEXT
  5
33F1
330
1A
100
AcDbEntity
  8
3
100
AcDbText
 10
278.1904761904765
 20
219.1333333333337
 30
0.0
 40
3.0
  1
142
  7
GHS
 72
     2
 11
286.3333333333337
 21
219.1333333333337
 31
0.0
100
AcDbText
  0
LINE
  5
33F2
330
1A
100
AcDbEntity
  8
0
100
AcDbLine
 10
292.016666666667
 20
204.3333333333336
 30
0.0
 11
292.016666666667
 21
220.3333333333337
 31
0.0
  0
LINE
  5
33F3
330
1A
100
AcDbEntity
  8
0
100
AcDbLine
 10
289.516666666667
 20
218.3333333333337
 30
0.0
 11
292.016666666667
 21
218.3333333333337
 31
0.0
  0
LWPOLYLINE
  5
33F4
330
1A
100
AcDbEntity
  8
0
100
AcDbPolyline
 90
        2
 70
     1
 43
0.5
 10
291.766666666667
 20
218.3333333333337
 42
1.0
 10
292.2666666666671
 20
218.3333333333337
 42
1.0
  0
TEXT
  5
33F5
330
1A
100
AcDbEntity
  8
3
100
AcDbText
 10
286.4809523809528
 20
214.1333333333337
 30
0.0
 40
3.0
  1
300
  7
GHS
 72
     1
 11
290.7666666666671
 21
214.1333333333337
 31
0.0
100
AcDbText
  0
LINE
  5
33F6
330
1A
100
AcDbEntity
  8
0
100
AcDbLine
 10
295.8333333333337
 20
204.3333333333336
 30
0.0
 11
295.8333333333337
 21
220.3333333333337
 31
0.0
  0
LINE
  5
33F7
330
1A
100
AcDbEntity
  8
0
100
AcDbLine
 10
292.016666666667
 20
218.3333333333337
 30
0.0
 11
295.8333333333337
 21
218.3333333333337
 31
0.0
  0
LWPOLYLINE
  5
33F8
330
1A
100
AcDbEntity
  8
0
100
AcDbPolyline
 90
        2
 70
     1
 43
0.5
 10
295.5833333333337
 20
218.3333333333337
 42
1.0
 10
296.0833333333337
 20
218.3333333333337
 42
1.0
  0
LINE
  5
33F9
330
1A
100
AcDbEntity
  8
0
100
AcDbLine
 10
295.8333333333337
 20
218.3333333333337
 30
0.0
 11
305.8333333333337
 21
218.3333333333337
 31
0.0
  0
TEXT
  5
33FA
330
1A
100
AcDbEntity
  8
3
100
AcDbText
 10
297.4333333333337
 20
219.1333333333337
 30
0.0
 40
3.0
  1
458
  7
GHS
100
AcDbText
  0
LINE
  5
33FB
330
1A
100
AcDbEntity
  8
0
100
AcDbLine
 10
281.666666666667
 20
139.7777777777781
 30
0.0
 11
281.666666666667
 21
149.7222222222225
 31
0.0
  0
LINE
  5
33FC
330
1A
100
AcDbEntity
  8
0
100
AcDbLine
 10
288.3333333333337
 20
139.7777777777781
 30
0.0
 11
288.3333333333337
 21
149.7222222222225
 31
0.0
  0
LINE
  5
33FD
330
1A
100
AcDbEntity
  8
0
100
AcDbLine
 10
281.666666666667
 20
147.7222222222225
 30
0.0
 11
288.3333333333337
 21
147.7222222222225
 31
0.0
  0
LWPOLYLINE
  5
33FE
330
1A
100
AcDbEntity
  8
0
100
AcDbPolyline
 90
        2
 70
     1
 43
0.5
 10
281.416666666667
 20
147.7222222222225
 42
1.0
 10
281.916666666667
 20
147.7222222222225
 42
1.0
  0
LWPOLYLINE
  5
33FF
330
1A
100
AcDbEntity
  8
0
100
AcDbPolyline
 90
        2
 70
     1
 43
0.5
 10
288.0833333333337
 20
147.7222222222225
 42
1.0
 10
288.5833333333337
 20
147.7222222222225
 42
1.0
  0
TEXT
  5
3400
330
1A
100
AcDbEntity
  8
3
100
AcDbText
 10
280.714285714286
 20
148.5222222222225
 30
0.0
 40
3.0
  1
800
  7
GHS
 72
     1
 11
285.0000000000004
 21
148.5222222222225
 31
0.0
100
AcDbText
  0
LINE
  5
3401
330
1A
100
AcDbEntity
  8
0
100
AcDbLine
 10
295.8333333333337
 20
139.7777777777781
 30
0.0
 11
295.8333333333337
 21
149.7222222222225
 31
0.0
  0
LINE
  5
3402
330
1A
100
AcDbEntity
  8
0
100
AcDbLine
 10
288.3333333333337
 20
147.7222222222225
 30
0.0
 11
295.8333333333337
 21
147.7222222222225
 31
0.0
  0
LWPOLYLINE
  5
3403
330
1A
100
AcDbEntity
  8
0
100
AcDbPolyline
 90
        2
 70
     1
 43
0.5
 10
295.5833333333337
 20
147.7222222222225
 42
1.0
 10
296.0833333333337
 20
147.7222222222225
 42
1.0
  0
TEXT
  5
3404
330
1A
100
AcDbEntity
  8
3
100
AcDbText
 10
287.7976190476194
 20
143.5222222222225
 30
0.0
 40
3.0
  1
900
  7
GHS
 72
     1
 11
292.0833333333337
 21
143.5222222222225
 31
0.0
100
AcDbText
  0
LINE
  5
3405
330
1A
100
AcDbEntity
  8
0
100
AcDbLine
 10
325.0000000000003
 20
139.7777777777781
 30
0.0
 11
325.0000000000003
 21
149.7222222222225
 31
0.0
  0
LINE
  5
3406
330
1A
100
AcDbEntity
  8
0
100
AcDbLine
 10
295.8333333333337
 20
147.7222222222225
 30
0.0
 11
325.0000000000003
 21
147.7222222222225
 31
0.0
  0
LWPOLYLINE
  5
3407
330
1A
100
AcDbEntity
  8
0
100
AcDbPolyline
 90
        2
 70
     1
 43
0.5
 10
324.7500000000004
 20
147.7222222222225
 42
1.0
 10
325.2500000000003
 20
147.7222222222225
 42
1.0
  0
TEXT
  5
3408
330
1A
100
AcDbEntity
  8
3
100
AcDbText
 10
304.7023809523813
 20
148.5222222222225
 30
0.0
 40
3.0
  1
3500
  7
GHS
 72
     1
 11
310.416666666667
 21
148.5222222222225
 31
0.0
100
AcDbText
  0
LINE
  5
3409
330
1A
100
AcDbEntity
  8
0
100
AcDbLine
 10
265.666666666667
 20
121.666666666667
 30
0.0
 11
249.666666666667
 21
121.666666666667
 31
0.0
  0
LINE
  5
340A
330
1A
100
AcDbEntity
  8
0
100
AcDbLine
 10
265.666666666667
 20
127.5000000000003
 30
0.0
 11
249.666666666667
 21
127.5000000000003
 31
0.0
  0
LINE
  5
340B
330
1A
100
AcDbEntity
  8
0
100
AcDbLine
 10
251.666666666667
 20
121.666666666667
 30
0.0
 11
251.666666666667
 21
127.5000000000003
 31
0.0
  0
LWPOLYLINE
  5
340C
330
1A
100
AcDbEntity
  8
0
100
AcDbPolyline
 90
        2
 70
     1
 43
0.5
 10
251.416666666667
 20
121.666666666667
 42
1.0
 10
251.916666666667
 20
121.666666666667
 42
1.0
  0
LWPOLYLINE
  5
340D
330
1A
100
AcDbEntity
  8
0
100
AcDbPolyline
 90
        2
 70
     1
 43
0.5
 10
251.416666666667
 20
127.5000000000003
 42
1.0
 10
251.916666666667
 20
127.5000000000003
 42
1.0
  0
TEXT
  5
340E
330
1A
100
AcDbEntity
  8
3
100
AcDbText
 10
250.866666666667
 20
120.2976190476193
 30
0.0
 40
3.0
  1
700
 50
90.0
  7
GHS
 72
     1
 11
250.866666666667
 21
124.5833333333336
 31
0.0
100
AcDbText
  0
LINE
  5
340F
330
1A
100
AcDbEntity
  8
0
100
AcDbLine
 10
265.666666666667
 20
129.166666666667
 30
0.0
 11
249.666666666667
 21
129.166666666667
 31
0.0
  0
LINE
  5
3410
330
1A
100
AcDbEntity
  8
0
100
AcDbLine
 10
251.666666666667
 20
127.5000000000003
 30
0.0
 11
251.666666666667
 21
129.166666666667
 31
0.0
  0
LWPOLYLINE
  5
3411
330
1A
100
AcDbEntity
  8
0
100
AcDbPolyline
 90
        2
 70
     1
 43
0.5
 10
251.416666666667
 20
129.166666666667
 42
1.0
 10
251.916666666667
 20
129.166666666667
 42
1.0
  0
TEXT
  5
3412
330
1A
100
AcDbEntity
  8
3
100
AcDbText
 10
255.866666666667
 20
124.0476190476193
 30
0.0
 40
3.0
  1
200
 50
90.0
  7
GHS
 72
     1
 11
255.866666666667
 21
128.3333333333336
 31
0.0
100
AcDbText
  0
LINE
  5
3413
330
1A
100
AcDbEntity
  8
0
100
AcDbLine
 10
265.666666666667
 20
188.3333333333336
 30
0.0
 11
249.666666666667
 21
188.3333333333336
 31
0.0
  0
LINE
  5
3414
330
1A
100
AcDbEntity
  8
0
100
AcDbLine
 10
251.666666666667
 20
129.166666666667
 30
0.0
 11
251.666666666667
 21
188.3333333333336
 31
0.0
  0
LWPOLYLINE
  5
3415
330
1A
100
AcDbEntity
  8
0
100
AcDbPolyline
 90
        2
 70
     1
 43
0.5
 10
251.416666666667
 20
188.3333333333336
 42
1.0
 10
251.916666666667
 20
188.3333333333336
 42
1.0
  0
TEXT
  5
3416
330
1A
100
AcDbEntity
  8
3
100
AcDbText
 10
250.866666666667
 20
153.0357142857146
 30
0.0
 40
3.0
  1
7100
 50
90.0
  7
GHS
 72
     1
 11
250.866666666667
 21
158.7500000000003
 31
0.0
100
AcDbText
  0
LINE
  5
3417
330
1A
100
AcDbEntity
  8
0
100
AcDbLine
 10
249.666666666667
 20
121.666666666667
 30
0.0
 11
239.666666666667
 21
121.666666666667
 31
0.0
  0
LINE
  5
3418
330
1A
100
AcDbEntity
  8
0
100
AcDbLine
 10
249.666666666667
 20
130.0000000000003
 30
0.0
 11
239.666666666667
 21
130.0000000000003
 31
0.0
  0
LINE
  5
3419
330
1A
100
AcDbEntity
  8
0
100
AcDbLine
 10
241.666666666667
 20
121.666666666667
 30
0.0
 11
241.666666666667
 21
130.0000000000003
 31
0.0
  0
LWPOLYLINE
  5
341A
330
1A
100
AcDbEntity
  8
0
100
AcDbPolyline
 90
        2
 70
     1
 43
0.5
 10
241.416666666667
 20
121.666666666667
 42
1.0
 10
241.916666666667
 20
121.666666666667
 42
1.0
  0
LWPOLYLINE
  5
341B
330
1A
100
AcDbEntity
  8
0
100
AcDbPolyline
 90
        2
 70
     1
 43
0.5
 10
241.416666666667
 20
130.0000000000003
 42
1.0
 10
241.916666666667
 20
130.0000000000003
 42
1.0
  0
TEXT
  5
341C
330
1A
100
AcDbEntity
  8
3
100
AcDbText
 10
240.866666666667
 20
119.9047619047622
 30
0.0
 40
3.0
  1
1000
 50
90.0
  7
GHS
 72
     1
 11
240.866666666667
 21
125.8333333333336
 31
0.0
100
AcDbText
  0
LINE
  5
341D
330
1A
100
AcDbEntity
  8
0
100
AcDbLine
 10
249.666666666667
 20
188.3333333333336
 30
0.0
 11
239.666666666667
 21
188.3333333333336
 31
0.0
  0
LINE
  5
341E
330
1A
100
AcDbEntity
  8
0
100
AcDbLine
 10
241.666666666667
 20
130.0000000000003
 30
0.0
 11
241.666666666667
 21
188.3333333333336
 31
0.0
  0
LWPOLYLINE
  5
341F
330
1A
100
AcDbEntity
  8
0
100
AcDbPolyline
 90
        2
 70
     1
 43
0.5
 10
241.416666666667
 20
188.3333333333336
 42
1.0
 10
241.916666666667
 20
188.3333333333336
 42
1.0
  0
TEXT
  5
3420
330
1A
100
AcDbEntity
  8
3
100
AcDbText
 10
240.866666666667
 20
153.4523809523812
 30
0.0
 40
3.0
  1
7000
 50
90.0
  7
GHS
 72
     1
 11
240.866666666667
 21
159.166666666667
 31
0.0
100
AcDbText
  0
LINE
  5
3421
330
1A
100
AcDbEntity
  8
0
100
AcDbLine
 10
239.666666666667
 20
121.666666666667
 30
0.0
 11
229.666666666667
 21
121.666666666667
 31
0.0
  0
LINE
  5
3422
330
1A
100
AcDbEntity
  8
0
100
AcDbLine
 10
239.666666666667
 20
188.3333333333336
 30
0.0
 11
229.666666666667
 21
188.3333333333336
 31
0.0
  0
LINE
  5
3423
330
1A
100
AcDbEntity
  8
0
100
AcDbLine
 10
231.666666666667
 20
121.666666666667
 30
0.0
 11
231.666666666667
 21
188.3333333333336
 31
0.0
  0
LWPOLYLINE
  5
3424
330
1A
100
AcDbEntity
  8
0
100
AcDbPolyline
 90
        2
 70
     1
 43
0.5
 10
231.416666666667
 20
121.666666666667
 42
1.0
 10
231.916666666667
 20
121.666666666667
 42
1.0
  0
LWPOLYLINE
  5
3425
330
1A
100
AcDbEntity
  8
0
100
AcDbPolyline
 90
        2
 70
     1
 43
0.5
 10
231.416666666667
 20
188.3333333333336
 42
1.0
 10
231.916666666667
 20
188.3333333333336
 42
1.0
  0
TEXT
  5
3426
330
1A
100
AcDbEntity
  8
3
100
AcDbText
 10
230.866666666667
 20
149.2857142857146
 30
0.0
 40
3.0
  1
8000
 50
90.0
  7
GHS
 72
     1
 11
230.866666666667
 21
155.0000000000003
 31
0.0
100
AcDbText
  0
LINE
  5
3427
330
1A
100
AcDbEntity
  8
0
100
AcDbLine
 10
341.0000000000004
 20
121.666666666667
 30
0.0
 11
357.0000000000003
 21
121.666666666667
 31
0.0
  0
LINE
  5
3428
330
1A
100
AcDbEntity
  8
0
100
AcDbLine
 10
341.0000000000004
 20
127.5000000000003
 30
0.0
 11
357.0000000000003
 21
127.5000000000003
 31
0.0
  0
LINE
  5
3429
330
1A
100
AcDbEntity
  8
0
100
AcDbLine
 10
355.0000000000003
 20
121.666666666667
 30
0.0
 11
355.0000000000003
 21
127.5000000000003
 31
0.0
  0
LWPOLYLINE
  5
342A
330
1A
100
AcDbEntity
  8
0
100
AcDbPolyline
 90
        2
 70
     1
 43
0.5
 10
354.7500000000003
 20
121.666666666667
 42
1.0
 10
355.2500000000003
 20
121.666666666667
 42
1.0
  0
LWPOLYLINE
  5
342B
330
1A
100
AcDbEntity
  8
0
100
AcDbPolyline
 90
        2
 70
     1
 43
0.5
 10
354.7500000000003
 20
127.5000000000003
 42
1.0
 10
355.2500000000003
 20
127.5000000000003
 42
1.0
  0
TEXT
  5
342C
330
1A
100
AcDbEntity
  8
3
100
AcDbText
 10
354.2000000000003
 20
120.2976190476193
 30
0.0
 40
3.0
  1
700
 50
90.0
  7
GHS
 72
     1
 11
354.2000000000003
 21
124.5833333333336
 31
0.0
100
AcDbText
  0
LINE
  5
342D
330
1A
100
AcDbEntity
  8
0
100
AcDbLine
 10
341.0000000000004
 20
129.166666666667
 30
0.0
 11
357.0000000000003
 21
129.166666666667
 31
0.0
  0
LINE
  5
342E
330
1A
100
AcDbEntity
  8
0
100
AcDbLine
 10
355.0000000000003
 20
127.5000000000003
 30
0.0
 11
355.0000000000003
 21
129.166666666667
 31
0.0
  0
LWPOLYLINE
  5
342F
330
1A
100
AcDbEntity
  8
0
100
AcDbPolyline
 90
        2
 70
     1
 43
0.5
 10
354.7500000000003
 20
129.166666666667
 42
1.0
 10
355.2500000000003
 20
129.166666666667
 42
1.0
  0
LINE
  5
3430
330
1A
100
AcDbEntity
  8
0
100
AcDbLine
 10
355.0000000000003
 20
129.166666666667
 30
0.0
 11
355.0000000000003
 21
139.166666666667
 31
0.0
  0
TEXT
  5
3431
330
1A
100
AcDbEntity
  8
3
100
AcDbText
 10
354.2000000000003
 20
130.766666666667
 30
0.0
 40
3.0
  1
200
 50
90.0
  7
GHS
100
AcDbText
  0
INSERT
  5
3436
330
1A
100
AcDbEntity
  8
2
100
AcDbBlockReference
  2
STB19
 10
150.0000000000004
 20
499.6666666666666
 30
0.0
  0
LINE
  5
3437
330
1A
100
AcDbEntity
  8
0
100
AcDbLine
 10
106.666666666667
 20
303.333333333333
 30
0.0
 11
106.666666666667
 21
314.9999999999997
 31
0.0
  0
LINE
  5
3438
330
1A
100
AcDbEntity
  8
0
100
AcDbLine
 10
106.666666666667
 20
314.9999999999997
 30
0.0
 11
120.0000000000003
 21
318.333333333333
 31
0.0
  0
LINE
  5
3439
330
1A
100
AcDbEntity
  8
0
100
AcDbLine
 10
120.0000000000003
 20
318.333333333333
 30
0.0
 11
122.366666666667
 21
436.6666666666666
 31
0.0
  0
LINE
  5
343A
330
1A
100
AcDbEntity
  8
0
100
AcDbLine
 10
122.366666666667
 20
436.6666666666666
 30
0.0
 11
127.366666666667
 21
436.6666666666666
 31
0.0
  0
LINE
  5
343B
330
1A
100
AcDbEntity
  8
0
100
AcDbLine
 10
127.366666666667
 20
436.6666666666666
 30
0.0
 11
135.0000000000004
 21
318.333333333333
 31
0.0
  0
LINE
  5
343C
330
1A
100
AcDbEntity
  8
0
100
AcDbLine
 10
135.0000000000004
 20
318.333333333333
 30
0.0
 11
193.3333333333338
 21
314.9999999999997
 31
0.0
  0
LINE
  5
343D
330
1A
100
AcDbEntity
  8
0
100
AcDbLine
 10
193.3333333333338
 20
314.9999999999997
 30
0.0
 11
193.3333333333338
 21
303.333333333333
 31
0.0
  0
LINE
  5
343E
330
1A
100
AcDbEntity
  8
0
100
AcDbLine
 10
193.3333333333338
 20
303.333333333333
 30
0.0
 11
106.666666666667
 21
303.333333333333
 31
0.0
  0
LINE
  5
343F
330
1A
100
AcDbEntity
  8
4
100
AcDbLine
 10
108.0000000000003
 20
304.6666666666663
 30
0.0
 11
108.0000000000003
 21
313.9999999999997
 31
0.0
  0
LINE
  5
3440
330
1A
100
AcDbEntity
  8
4
100
AcDbLine
 10
108.0000000000003
 20
313.9999999999997
 30
0.0
 11
120.0000000000003
 21
316.9999999999997
 31
0.0
  0
LINE
  5
3441
330
1A
100
AcDbEntity
  8
4
100
AcDbLine
 10
120.0000000000003
 20
316.9999999999997
 30
0.0
 11
135.0000000000004
 21
316.9999999999997
 31
0.0
  0
LINE
  5
3442
330
1A
100
AcDbEntity
  8
4
100
AcDbLine
 10
135.0000000000004
 20
316.9999999999997
 30
0.0
 11
192.0000000000005
 21
313.7428571428568
 31
0.0
  0
LINE
  5
3443
330
1A
100
AcDbEntity
  8
4
100
AcDbLine
 10
192.0000000000005
 20
313.7428571428568
 30
0.0
 11
192.0000000000005
 21
304.6666666666663
 31
0.0
  0
LINE
  5
3444
330
1A
100
AcDbEntity
  8
4
100
AcDbLine
 10
192.0000000000005
 20
304.6666666666663
 30
0.0
 11
108.0000000000003
 21
304.6666666666663
 31
0.0
  0
LINE
  5
3445
330
1A
100
AcDbEntity
  8
4
100
AcDbLine
 10
123.5333333333337
 20
435.3333333333332
 30
0.0
 11
120.9200000000003
 21
304.6666666666663
 31
0.0
  0
LINE
  5
3446
330
1A
100
AcDbEntity
  8
4
100
AcDbLine
 10
123.5333333333337
 20
435.3333333333332
 30
0.0
 11
126.0333333333337
 21
435.3333333333332
 31
0.0
  0
LINE
  5
3447
330
1A
100
AcDbEntity
  8
4
100
AcDbLine
 10
126.0333333333337
 20
435.3333333333332
 30
0.0
 11
134.4622535211272
 21
304.6666666666663
 31
0.0
  0
LINE
  5
3448
330
1A
100
AcDbEntity
  8
4
100
AcDbLine
 10
116.3333333333337
 20
304.6666666666663
 30
0.0
 11
116.3333333333337
 21
316.083333333333
 31
0.0
  0
LINE
  5
3449
330
1A
100
AcDbEntity
  8
4
100
AcDbLine
 10
142.0000000000004
 20
304.6666666666663
 30
0.0
 11
142.0000000000004
 21
316.5999999999997
 31
0.0
  0
LINE
  5
344A
330
1A
100
AcDbEntity
  8
STR
100
AcDbLine
 10
150.3333333333337
 20
304.6666666666663
 30
0.0
 11
150.3333333333337
 21
316.1238095238092
 31
0.0
  0
LINE
  5
344B
330
1A
100
AcDbEntity
  8
4
100
AcDbLine
 10
158.6666666666671
 20
304.6666666666663
 30
0.0
 11
158.6666666666671
 21
315.6476190476187
 31
0.0
  0
LINE
  5
344C
330
1A
100
AcDbEntity
  8
STR
100
AcDbLine
 10
167.0000000000004
 20
304.6666666666663
 30
0.0
 11
167.0000000000004
 21
315.1714285714283
 31
0.0
  0
LINE
  5
344D
330
1A
100
AcDbEntity
  8
4
100
AcDbLine
 10
175.3333333333338
 20
304.6666666666663
 30
0.0
 11
175.3333333333338
 21
314.6952380952378
 31
0.0
  0
LINE
  5
344E
330
1A
100
AcDbEntity
  8
STR
100
AcDbLine
 10
183.6666666666671
 20
304.6666666666663
 30
0.0
 11
183.6666666666671
 21
314.2190476190473
 31
0.0
  0
LINE
  5
344F
330
1A
100
AcDbEntity
  8
4
100
AcDbLine
 10
121.3000000000003
 20
323.6666666666664
 30
0.0
 11
133.2366197183102
 21
323.6666666666664
 31
0.0
  0
LINE
  5
3450
330
1A
100
AcDbEntity
  8
STR
100
AcDbLine
 10
121.4333333333337
 20
330.3333333333331
 30
0.0
 11
132.8065727699534
 21
330.3333333333331
 31
0.0
  0
LINE
  5
3451
330
1A
100
AcDbEntity
  8
4
100
AcDbLine
 10
121.566666666667
 20
336.9999999999997
 30
0.0
 11
132.3765258215965
 21
336.9999999999997
 31
0.0
  0
LINE
  5
3452
330
1A
100
AcDbEntity
  8
STR
100
AcDbLine
 10
121.7000000000003
 20
343.6666666666664
 30
0.0
 11
131.9464788732398
 21
343.6666666666664
 31
0.0
  0
LINE
  5
3453
330
1A
100
AcDbEntity
  8
4
100
AcDbLine
 10
121.8333333333337
 20
350.3333333333331
 30
0.0
 11
131.516431924883
 21
350.3333333333331
 31
0.0
  0
LINE
  5
3454
330
1A
100
AcDbEntity
  8
STR
100
AcDbLine
 10
121.966666666667
 20
356.9999999999998
 30
0.0
 11
131.0863849765262
 21
356.9999999999998
 31
0.0
  0
LINE
  5
3455
330
1A
100
AcDbEntity
  8
4
100
AcDbLine
 10
122.1000000000003
 20
363.6666666666664
 30
0.0
 11
130.6563380281694
 21
363.6666666666664
 31
0.0
  0
LINE
  5
3456
330
1A
100
AcDbEntity
  8
STR
100
AcDbLine
 10
122.2333333333337
 20
370.3333333333331
 30
0.0
 11
130.2262910798125
 21
370.3333333333331
 31
0.0
  0
LINE
  5
3457
330
1A
100
AcDbEntity
  8
4
100
AcDbLine
 10
122.366666666667
 20
376.9999999999998
 30
0.0
 11
129.7962441314557
 21
376.9999999999998
 31
0.0
  0
LINE
  5
3458
330
1A
100
AcDbEntity
  8
STR
100
AcDbLine
 10
122.5000000000003
 20
383.6666666666665
 30
0.0
 11
129.366197183099
 21
383.6666666666665
 31
0.0
  0
LINE
  5
3459
330
1A
100
AcDbEntity
  8
4
100
AcDbLine
 10
122.6333333333337
 20
390.3333333333332
 30
0.0
 11
128.9361502347422
 21
390.3333333333332
 31
0.0
  0
LINE
  5
345A
330
1A
100
AcDbEntity
  8
STR
100
AcDbLine
 10
122.766666666667
 20
396.9999999999998
 30
0.0
 11
128.5061032863854
 21
396.9999999999998
 31
0.0
  0
LINE
  5
345B
330
1A
100
AcDbEntity
  8
4
100
AcDbLine
 10
122.9000000000003
 20
403.6666666666665
 30
0.0
 11
128.0760563380285
 21
403.6666666666665
 31
0.0
  0
LINE
  5
345C
330
1A
100
AcDbEntity
  8
STR
100
AcDbLine
 10
123.0333333333337
 20
410.3333333333331
 30
0.0
 11
127.6460093896717
 21
410.3333333333331
 31
0.0
  0
LINE
  5
345D
330
1A
100
AcDbEntity
  8
4
100
AcDbLine
 10
123.166666666667
 20
416.9999999999999
 30
0.0
 11
127.2159624413149
 21
416.9999999999999
 31
0.0
  0
LINE
  5
345E
330
1A
100
AcDbEntity
  8
STR
100
AcDbLine
 10
123.3000000000003
 20
423.6666666666665
 30
0.0
 11
126.785915492958
 21
423.6666666666665
 31
0.0
  0
LINE
  5
345F
330
1A
100
AcDbEntity
  8
4
100
AcDbLine
 10
123.4333333333337
 20
430.3333333333332
 30
0.0
 11
126.3558685446014
 21
430.3333333333332
 31
0.0
  0
LINE
  5
3460
330
1A
100
AcDbEntity
  8
0
100
AcDbLine
 10
115.7676479084424
 20
308.7676479084418
 30
0.0
 11
116.8990187583409
 21
309.8990187583402
 31
0.0
  0
LINE
  5
3461
330
1A
100
AcDbEntity
  8
0
100
AcDbLine
 10
108.0000000000003
 20
309.333333333333
 30
0.0
 11
116.3333333333337
 21
309.333333333333
 31
0.0
  0
LINE
  5
3462
330
1A
100
AcDbEntity
  8
0
100
AcDbLine
 10
141.4343145751091
 20
308.6390764798703
 30
0.0
 11
142.5656854250076
 21
309.7704473297688
 31
0.0
  0
LINE
  5
3463
330
1A
100
AcDbEntity
  8
0
100
AcDbLine
 10
149.7676479084425
 20
308.6390764798703
 30
0.0
 11
150.899018758341
 21
309.7704473297688
 31
0.0
  0
LINE
  5
3464
330
1A
100
AcDbEntity
  8
0
100
AcDbLine
 10
158.1009812417759
 20
308.6390764798703
 30
0.0
 11
159.2323520916743
 21
309.7704473297688
 31
0.0
  0
LINE
  5
3465
330
1A
100
AcDbEntity
  8
0
100
AcDbLine
 10
166.4343145751092
 20
308.6390764798703
 30
0.0
 11
167.5656854250077
 21
309.7704473297688
 31
0.0
  0
LINE
  5
3466
330
1A
100
AcDbEntity
  8
0
100
AcDbLine
 10
174.7676479084425
 20
308.6390764798703
 30
0.0
 11
175.899018758341
 21
309.7704473297688
 31
0.0
  0
LINE
  5
3467
330
1A
100
AcDbEntity
  8
0
100
AcDbLine
 10
183.1009812417759
 20
308.6390764798703
 30
0.0
 11
184.2323520916744
 21
309.7704473297688
 31
0.0
  0
LINE
  5
3468
330
1A
100
AcDbEntity
  8
0
100
AcDbLine
 10
192.0000000000005
 20
309.2047619047615
 30
0.0
 11
142.0000000000004
 21
309.2047619047615
 31
0.0
  0
LINE
  5
3469
330
1A
100
AcDbEntity
  8
0
100
AcDbLine
 10
124.5509812417758
 20
323.1009812417751
 30
0.0
 11
125.6823520916743
 21
324.2323520916736
 31
0.0
  0
LINE
  5
346A
330
1A
100
AcDbEntity
  8
0
100
AcDbLine
 10
124.5509812417758
 20
329.7676479084418
 30
0.0
 11
125.6823520916743
 21
330.8990187583403
 31
0.0
  0
LINE
  5
346B
330
1A
100
AcDbEntity
  8
0
100
AcDbLine
 10
124.5509812417758
 20
336.4343145751085
 30
0.0
 11
125.6823520916743
 21
337.565685425007
 31
0.0
  0
LINE
  5
346C
330
1A
100
AcDbEntity
  8
0
100
AcDbLine
 10
124.5509812417758
 20
343.1009812417752
 30
0.0
 11
125.6823520916743
 21
344.2323520916736
 31
0.0
  0
LINE
  5
346D
330
1A
100
AcDbEntity
  8
0
100
AcDbLine
 10
124.5509812417758
 20
349.7676479084419
 30
0.0
 11
125.6823520916743
 21
350.8990187583403
 31
0.0
  0
LINE
  5
346E
330
1A
100
AcDbEntity
  8
0
100
AcDbLine
 10
124.5509812417758
 20
356.4343145751085
 30
0.0
 11
125.6823520916743
 21
357.565685425007
 31
0.0
  0
LINE
  5
346F
330
1A
100
AcDbEntity
  8
0
100
AcDbLine
 10
124.5509812417758
 20
363.1009812417752
 30
0.0
 11
125.6823520916743
 21
364.2323520916737
 31
0.0
  0
LINE
  5
3470
330
1A
100
AcDbEntity
  8
0
100
AcDbLine
 10
124.5509812417758
 20
369.7676479084419
 30
0.0
 11
125.6823520916743
 21
370.8990187583403
 31
0.0
  0
LINE
  5
3471
330
1A
100
AcDbEntity
  8
0
100
AcDbLine
 10
124.5509812417758
 20
376.4343145751086
 30
0.0
 11
125.6823520916743
 21
377.565685425007
 31
0.0
  0
LINE
  5
3472
330
1A
100
AcDbEntity
  8
0
100
AcDbLine
 10
124.5509812417758
 20
383.1009812417752
 30
0.0
 11
125.6823520916743
 21
384.2323520916737
 31
0.0
  0
LINE
  5
3473
330
1A
100
AcDbEntity
  8
0
100
AcDbLine
 10
124.5509812417758
 20
389.7676479084419
 30
0.0
 11
125.6823520916743
 21
390.8990187583404
 31
0.0
  0
LINE
  5
3474
330
1A
100
AcDbEntity
  8
0
100
AcDbLine
 10
124.5509812417758
 20
396.4343145751086
 30
0.0
 11
125.6823520916743
 21
397.5656854250071
 31
0.0
  0
LINE
  5
3475
330
1A
100
AcDbEntity
  8
0
100
AcDbLine
 10
124.5509812417758
 20
403.1009812417752
 30
0.0
 11
125.6823520916743
 21
404.2323520916737
 31
0.0
  0
LINE
  5
3476
330
1A
100
AcDbEntity
  8
0
100
AcDbLine
 10
124.5509812417758
 20
409.767647908442
 30
0.0
 11
125.6823520916743
 21
410.8990187583404
 31
0.0
  0
LINE
  5
3477
330
1A
100
AcDbEntity
  8
0
100
AcDbLine
 10
124.5509812417758
 20
416.4343145751086
 30
0.0
 11
125.6823520916743
 21
417.5656854250071
 31
0.0
  0
LINE
  5
3478
330
1A
100
AcDbEntity
  8
0
100
AcDbLine
 10
124.5509812417758
 20
423.1009812417752
 30
0.0
 11
125.6823520916743
 21
424.2323520916738
 31
0.0
  0
LINE
  5
3479
330
1A
100
AcDbEntity
  8
0
100
AcDbLine
 10
124.5509812417758
 20
429.767647908442
 30
0.0
 11
125.6823520916743
 21
430.8990187583405
 31
0.0
  0
LINE
  5
347A
330
1A
100
AcDbEntity
  8
0
100
AcDbLine
 10
125.116666666667
 20
435.3333333333332
 30
0.0
 11
125.116666666667
 21
323.6666666666664
 31
0.0
  0
LWPOLYLINE
  5
347B
330
1A
100
AcDbEntity
  8
1
100
AcDbPolyline
 90
        2
 70
     1
 43
0.45
 10
121.391666666667
 20
316.5499999999997
 42
1.0
 10
121.841666666667
 20
316.5499999999997
 42
1.0
  0
LWPOLYLINE
  5
347C
330
1A
100
AcDbEntity
  8
1
100
AcDbPolyline
 90
        2
 70
     1
 43
0.45
 10
120.5583333333337
 20
319.883333333333
 42
1.0
 10
121.0083333333336
 20
319.883333333333
 42
1.0
  0
LWPOLYLINE
  5
347D
330
1A
100
AcDbEntity
  8
1
100
AcDbPolyline
 90
        2
 70
     1
 43
0.45
 10
120.6250000000004
 20
323.2166666666663
 42
1.0
 10
121.0750000000003
 20
323.2166666666663
 42
1.0
  0
LWPOLYLINE
  5
347E
330
1A
100
AcDbEntity
  8
1
100
AcDbPolyline
 90
        2
 70
     1
 43
0.45
 10
120.691666666667
 20
326.5499999999997
 42
1.0
 10
121.141666666667
 20
326.5499999999997
 42
1.0
  0
LWPOLYLINE
  5
347F
330
1A
100
AcDbEntity
  8
1
100
AcDbPolyline
 90
        2
 70
     1
 43
0.45
 10
120.7583333333337
 20
329.883333333333
 42
1.0
 10
121.2083333333337
 20
329.883333333333
 42
1.0
  0
LWPOLYLINE
  5
3480
330
1A
100
AcDbEntity
  8
1
100
AcDbPolyline
 90
        2
 70
     1
 43
0.45
 10
120.8250000000003
 20
333.2166666666663
 42
1.0
 10
121.2750000000003
 20
333.2166666666663
 42
1.0
  0
LWPOLYLINE
  5
3481
330
1A
100
AcDbEntity
  8
1
100
AcDbPolyline
 90
        2
 70
     1
 43
0.45
 10
120.891666666667
 20
336.5499999999997
 42
1.0
 10
121.341666666667
 20
336.5499999999997
 42
1.0
  0
LWPOLYLINE
  5
3482
330
1A
100
AcDbEntity
  8
1
100
AcDbPolyline
 90
        2
 70
     1
 43
0.45
 10
120.9583333333337
 20
339.883333333333
 42
1.0
 10
121.4083333333337
 20
339.883333333333
 42
1.0
  0
LWPOLYLINE
  5
3483
330
1A
100
AcDbEntity
  8
1
100
AcDbPolyline
 90
        2
 70
     1
 43
0.45
 10
121.0250000000003
 20
343.2166666666663
 42
1.0
 10
121.4750000000003
 20
343.2166666666663
 42
1.0
  0
LWPOLYLINE
  5
3484
330
1A
100
AcDbEntity
  8
1
100
AcDbPolyline
 90
        2
 70
     1
 43
0.45
 10
121.091666666667
 20
346.5499999999996
 42
1.0
 10
121.541666666667
 20
346.5499999999996
 42
1.0
  0
LWPOLYLINE
  5
3485
330
1A
100
AcDbEntity
  8
1
100
AcDbPolyline
 90
        2
 70
     1
 43
0.45
 10
121.1583333333337
 20
349.883333333333
 42
1.0
 10
121.6083333333337
 20
349.883333333333
 42
1.0
  0
LWPOLYLINE
  5
3486
330
1A
100
AcDbEntity
  8
1
100
AcDbPolyline
 90
        2
 70
     1
 43
0.45
 10
121.2250000000003
 20
353.2166666666663
 42
1.0
 10
121.6750000000003
 20
353.2166666666663
 42
1.0
  0
LWPOLYLINE
  5
3487
330
1A
100
AcDbEntity
  8
1
100
AcDbPolyline
 90
        2
 70
     1
 43
0.45
 10
121.291666666667
 20
356.5499999999996
 42
1.0
 10
121.741666666667
 20
356.5499999999996
 42
1.0
  0
LWPOLYLINE
  5
3488
330
1A
100
AcDbEntity
  8
1
100
AcDbPolyline
 90
        2
 70
     1
 43
0.45
 10
121.3583333333337
 20
359.883333333333
 42
1.0
 10
121.8083333333337
 20
359.883333333333
 42
1.0
  0
LWPOLYLINE
  5
3489
330
1A
100
AcDbEntity
  8
1
100
AcDbPolyline
 90
        2
 70
     1
 43
0.45
 10
121.4250000000003
 20
363.2166666666663
 42
1.0
 10
121.8750000000003
 20
363.2166666666663
 42
1.0
  0
LWPOLYLINE
  5
348A
330
1A
100
AcDbEntity
  8
1
100
AcDbPolyline
 90
        2
 70
     1
 43
0.45
 10
121.491666666667
 20
366.5499999999996
 42
1.0
 10
121.941666666667
 20
366.5499999999996
 42
1.0
  0
LWPOLYLINE
  5
348B
330
1A
100
AcDbEntity
  8
1
100
AcDbPolyline
 90
        2
 70
     1
 43
0.45
 10
121.5583333333337
 20
369.883333333333
 42
1.0
 10
122.0083333333337
 20
369.883333333333
 42
1.0
  0
LWPOLYLINE
  5
348C
330
1A
100
AcDbEntity
  8
1
100
AcDbPolyline
 90
        2
 70
     1
 43
0.45
 10
121.6250000000004
 20
373.2166666666663
 42
1.0
 10
122.0750000000003
 20
373.2166666666663
 42
1.0
  0
LWPOLYLINE
  5
348D
330
1A
100
AcDbEntity
  8
1
100
AcDbPolyline
 90
        2
 70
     1
 43
0.45
 10
121.691666666667
 20
376.5499999999996
 42
1.0
 10
122.141666666667
 20
376.5499999999996
 42
1.0
  0
LWPOLYLINE
  5
348E
330
1A
100
AcDbEntity
  8
1
100
AcDbPolyline
 90
        2
 70
     1
 43
0.45
 10
121.7583333333337
 20
379.8833333333329
 42
1.0
 10
122.2083333333337
 20
379.8833333333329
 42
1.0
  0
LWPOLYLINE
  5
348F
330
1A
100
AcDbEntity
  8
1
100
AcDbPolyline
 90
        2
 70
     1
 43
0.45
 10
121.8250000000004
 20
383.2166666666662
 42
1.0
 10
122.2750000000003
 20
383.2166666666662
 42
1.0
  0
LWPOLYLINE
  5
3490
330
1A
100
AcDbEntity
  8
1
100
AcDbPolyline
 90
        2
 70
     1
 43
0.45
 10
121.891666666667
 20
386.5499999999996
 42
1.0
 10
122.341666666667
 20
386.5499999999996
 42
1.0
  0
LWPOLYLINE
  5
3491
330
1A
100
AcDbEntity
  8
1
100
AcDbPolyline
 90
        2
 70
     1
 43
0.45
 10
121.9583333333337
 20
389.8833333333329
 42
1.0
 10
122.4083333333337
 20
389.8833333333329
 42
1.0
  0
LWPOLYLINE
  5
3492
330
1A
100
AcDbEntity
  8
1
100
AcDbPolyline
 90
        2
 70
     1
 43
0.45
 10
122.0250000000004
 20
393.2166666666662
 42
1.0
 10
122.4750000000003
 20
393.2166666666662
 42
1.0
  0
LWPOLYLINE
  5
3493
330
1A
100
AcDbEntity
  8
1
100
AcDbPolyline
 90
        2
 70
     1
 43
0.45
 10
122.091666666667
 20
396.5499999999996
 42
1.0
 10
122.541666666667
 20
396.5499999999996
 42
1.0
  0
LWPOLYLINE
  5
3494
330
1A
100
AcDbEntity
  8
1
100
AcDbPolyline
 90
        2
 70
     1
 43
0.45
 10
122.1583333333337
 20
399.8833333333329
 42
1.0
 10
122.6083333333337
 20
399.8833333333329
 42
1.0
  0
LWPOLYLINE
  5
3495
330
1A
100
AcDbEntity
  8
1
100
AcDbPolyline
 90
        2
 70
     1
 43
0.45
 10
122.2250000000004
 20
403.2166666666662
 42
1.0
 10
122.6750000000004
 20
403.2166666666662
 42
1.0
  0
LWPOLYLINE
  5
3496
330
1A
100
AcDbEntity
  8
1
100
AcDbPolyline
 90
        2
 70
     1
 43
0.45
 10
122.291666666667
 20
406.5499999999996
 42
1.0
 10
122.741666666667
 20
406.5499999999996
 42
1.0
  0
LWPOLYLINE
  5
3497
330
1A
100
AcDbEntity
  8
1
100
AcDbPolyline
 90
        2
 70
     1
 43
0.45
 10
122.3583333333337
 20
409.8833333333329
 42
1.0
 10
122.8083333333337
 20
409.8833333333329
 42
1.0
  0
LWPOLYLINE
  5
3498
330
1A
100
AcDbEntity
  8
1
100
AcDbPolyline
 90
        2
 70
     1
 43
0.45
 10
122.4250000000004
 20
413.2166666666662
 42
1.0
 10
122.8750000000004
 20
413.2166666666662
 42
1.0
  0
LWPOLYLINE
  5
3499
330
1A
100
AcDbEntity
  8
1
100
AcDbPolyline
 90
        2
 70
     1
 43
0.45
 10
122.491666666667
 20
416.5499999999996
 42
1.0
 10
122.941666666667
 20
416.5499999999996
 42
1.0
  0
LWPOLYLINE
  5
349A
330
1A
100
AcDbEntity
  8
1
100
AcDbPolyline
 90
        2
 70
     1
 43
0.45
 10
122.5583333333337
 20
419.8833333333329
 42
1.0
 10
123.0083333333337
 20
419.8833333333329
 42
1.0
  0
LWPOLYLINE
  5
349B
330
1A
100
AcDbEntity
  8
1
100
AcDbPolyline
 90
        2
 70
     1
 43
0.45
 10
122.6250000000004
 20
423.2166666666662
 42
1.0
 10
123.0750000000004
 20
423.2166666666662
 42
1.0
  0
LWPOLYLINE
  5
349C
330
1A
100
AcDbEntity
  8
1
100
AcDbPolyline
 90
        2
 70
     1
 43
0.45
 10
122.691666666667
 20
426.5499999999995
 42
1.0
 10
123.141666666667
 20
426.5499999999995
 42
1.0
  0
LWPOLYLINE
  5
349D
330
1A
100
AcDbEntity
  8
1
100
AcDbPolyline
 90
        2
 70
     1
 43
0.45
 10
122.7583333333337
 20
429.8833333333329
 42
1.0
 10
123.2083333333337
 20
429.8833333333329
 42
1.0
  0
LWPOLYLINE
  5
349E
330
1A
100
AcDbEntity
  8
1
100
AcDbPolyline
 90
        2
 70
     1
 43
0.45
 10
132.9916666666671
 20
316.5499999999997
 42
1.0
 10
133.441666666667
 20
316.5499999999997
 42
1.0
  0
LWPOLYLINE
  5
349F
330
1A
100
AcDbEntity
  8
1
100
AcDbPolyline
 90
        2
 70
     1
 43
0.45
 10
132.7766431924886
 20
319.883333333333
 42
1.0
 10
133.2266431924886
 20
319.883333333333
 42
1.0
  0
LWPOLYLINE
  5
34A0
330
1A
100
AcDbEntity
  8
1
100
AcDbPolyline
 90
        2
 70
     1
 43
0.45
 10
132.5616197183102
 20
323.2166666666663
 42
1.0
 10
133.0116197183102
 20
323.2166666666663
 42
1.0
  0
LWPOLYLINE
  5
34A1
330
1A
100
AcDbEntity
  8
1
100
AcDbPolyline
 90
        2
 70
     1
 43
0.45
 10
132.3465962441318
 20
326.5499999999997
 42
1.0
 10
132.7965962441318
 20
326.5499999999997
 42
1.0
  0
LWPOLYLINE
  5
34A2
330
1A
100
AcDbEntity
  8
1
100
AcDbPolyline
 90
        2
 70
     1
 43
0.45
 10
132.1315727699534
 20
329.883333333333
 42
1.0
 10
132.5815727699534
 20
329.883333333333
 42
1.0
  0
LWPOLYLINE
  5
34A3
330
1A
100
AcDbEntity
  8
1
100
AcDbPolyline
 90
        2
 70
     1
 43
0.45
 10
131.916549295775
 20
333.2166666666664
 42
1.0
 10
132.366549295775
 20
333.2166666666664
 42
1.0
  0
LWPOLYLINE
  5
34A4
330
1A
100
AcDbEntity
  8
1
100
AcDbPolyline
 90
        2
 70
     1
 43
0.45
 10
131.7015258215966
 20
336.5499999999997
 42
1.0
 10
132.1515258215966
 20
336.5499999999997
 42
1.0
  0
LWPOLYLINE
  5
34A5
330
1A
100
AcDbEntity
  8
1
100
AcDbPolyline
 90
        2
 70
     1
 43
0.45
 10
131.4865023474182
 20
339.883333333333
 42
1.0
 10
131.9365023474182
 20
339.883333333333
 42
1.0
  0
LWPOLYLINE
  5
34A6
330
1A
100
AcDbEntity
  8
1
100
AcDbPolyline
 90
        2
 70
     1
 43
0.45
 10
131.2714788732398
 20
343.2166666666664
 42
1.0
 10
131.7214788732398
 20
343.2166666666664
 42
1.0
  0
LWPOLYLINE
  5
34A7
330
1A
100
AcDbEntity
  8
1
100
AcDbPolyline
 90
        2
 70
     1
 43
0.45
 10
131.0564553990614
 20
346.5499999999997
 42
1.0
 10
131.5064553990614
 20
346.5499999999997
 42
1.0
  0
LWPOLYLINE
  5
34A8
330
1A
100
AcDbEntity
  8
1
100
AcDbPolyline
 90
        2
 70
     1
 43
0.45
 10
130.841431924883
 20
349.883333333333
 42
1.0
 10
131.291431924883
 20
349.883333333333
 42
1.0
  0
LWPOLYLINE
  5
34A9
330
1A
100
AcDbEntity
  8
1
100
AcDbPolyline
 90
        2
 70
     1
 43
0.45
 10
130.6264084507046
 20
353.2166666666664
 42
1.0
 10
131.0764084507046
 20
353.2166666666664
 42
1.0
  0
LWPOLYLINE
  5
34AA
330
1A
100
AcDbEntity
  8
1
100
AcDbPolyline
 90
        2
 70
     1
 43
0.45
 10
130.4113849765262
 20
356.5499999999997
 42
1.0
 10
130.8613849765261
 20
356.5499999999997
 42
1.0
  0
LWPOLYLINE
  5
34AB
330
1A
100
AcDbEntity
  8
1
100
AcDbPolyline
 90
        2
 70
     1
 43
0.45
 10
130.1963615023478
 20
359.883333333333
 42
1.0
 10
130.6463615023478
 20
359.883333333333
 42
1.0
  0
LWPOLYLINE
  5
34AC
330
1A
100
AcDbEntity
  8
1
100
AcDbPolyline
 90
        2
 70
     1
 43
0.45
 10
129.9813380281694
 20
363.2166666666663
 42
1.0
 10
130.4313380281694
 20
363.2166666666663
 42
1.0
  0
LWPOLYLINE
  5
34AD
330
1A
100
AcDbEntity
  8
1
100
AcDbPolyline
 90
        2
 70
     1
 43
0.45
 10
129.766314553991
 20
366.5499999999997
 42
1.0
 10
130.2163145539909
 20
366.5499999999997
 42
1.0
  0
LWPOLYLINE
  5
34AE
330
1A
100
AcDbEntity
  8
1
100
AcDbPolyline
 90
        2
 70
     1
 43
0.45
 10
129.5512910798126
 20
369.883333333333
 42
1.0
 10
130.0012910798125
 20
369.883333333333
 42
1.0
  0
LWPOLYLINE
  5
34AF
330
1A
100
AcDbEntity
  8
1
100
AcDbPolyline
 90
        2
 70
     1
 43
0.45
 10
129.3362676056341
 20
373.2166666666663
 42
1.0
 10
129.7862676056341
 20
373.2166666666663
 42
1.0
  0
LWPOLYLINE
  5
34B0
330
1A
100
AcDbEntity
  8
1
100
AcDbPolyline
 90
        2
 70
     1
 43
0.45
 10
129.1212441314558
 20
376.5499999999997
 42
1.0
 10
129.5712441314557
 20
376.5499999999997
 42
1.0
  0
LWPOLYLINE
  5
34B1
330
1A
100
AcDbEntity
  8
1
100
AcDbPolyline
 90
        2
 70
     1
 43
0.45
 10
128.9062206572773
 20
379.883333333333
 42
1.0
 10
129.3562206572773
 20
379.883333333333
 42
1.0
  0
LWPOLYLINE
  5
34B2
330
1A
100
AcDbEntity
  8
1
100
AcDbPolyline
 90
        2
 70
     1
 43
0.45
 10
128.6911971830989
 20
383.2166666666663
 42
1.0
 10
129.1411971830989
 20
383.2166666666663
 42
1.0
  0
LWPOLYLINE
  5
34B3
330
1A
100
AcDbEntity
  8
1
100
AcDbPolyline
 90
        2
 70
     1
 43
0.45
 10
128.4761737089205
 20
386.5499999999996
 42
1.0
 10
128.9261737089205
 20
386.5499999999996
 42
1.0
  0
LWPOLYLINE
  5
34B4
330
1A
100
AcDbEntity
  8
1
100
AcDbPolyline
 90
        2
 70
     1
 43
0.45
 10
128.2611502347421
 20
389.883333333333
 42
1.0
 10
128.7111502347421
 20
389.883333333333
 42
1.0
  0
LWPOLYLINE
  5
34B5
330
1A
100
AcDbEntity
  8
1
100
AcDbPolyline
 90
        2
 70
     1
 43
0.45
 10
128.0461267605637
 20
393.2166666666663
 42
1.0
 10
128.4961267605637
 20
393.2166666666663
 42
1.0
  0
LWPOLYLINE
  5
34B6
330
1A
100
AcDbEntity
  8
1
100
AcDbPolyline
 90
        2
 70
     1
 43
0.45
 10
127.8311032863853
 20
396.5499999999996
 42
1.0
 10
128.2811032863853
 20
396.5499999999996
 42
1.0
  0
LWPOLYLINE
  5
34B7
330
1A
100
AcDbEntity
  8
1
100
AcDbPolyline
 90
        2
 70
     1
 43
0.45
 10
127.6160798122069
 20
399.883333333333
 42
1.0
 10
128.0660798122069
 20
399.883333333333
 42
1.0
  0
LWPOLYLINE
  5
34B8
330
1A
100
AcDbEntity
  8
1
100
AcDbPolyline
 90
        2
 70
     1
 43
0.45
 10
127.4010563380285
 20
403.2166666666663
 42
1.0
 10
127.8510563380285
 20
403.2166666666663
 42
1.0
  0
LWPOLYLINE
  5
34B9
330
1A
100
AcDbEntity
  8
1
100
AcDbPolyline
 90
        2
 70
     1
 43
0.45
 10
127.1860328638501
 20
406.5499999999996
 42
1.0
 10
127.6360328638501
 20
406.5499999999996
 42
1.0
  0
LWPOLYLINE
  5
34BA
330
1A
100
AcDbEntity
  8
1
100
AcDbPolyline
 90
        2
 70
     1
 43
0.45
 10
126.9710093896717
 20
409.8833333333329
 42
1.0
 10
127.4210093896717
 20
409.8833333333329
 42
1.0
  0
LWPOLYLINE
  5
34BB
330
1A
100
AcDbEntity
  8
1
100
AcDbPolyline
 90
        2
 70
     1
 43
0.45
 10
126.7559859154933
 20
413.2166666666662
 42
1.0
 10
127.2059859154933
 20
413.2166666666662
 42
1.0
  0
LWPOLYLINE
  5
34BC
330
1A
100
AcDbEntity
  8
1
100
AcDbPolyline
 90
        2
 70
     1
 43
0.45
 10
126.5409624413149
 20
416.5499999999996
 42
1.0
 10
126.9909624413149
 20
416.5499999999996
 42
1.0
  0
LWPOLYLINE
  5
34BD
330
1A
100
AcDbEntity
  8
1
100
AcDbPolyline
 90
        2
 70
     1
 43
0.45
 10
126.3259389671365
 20
419.883333333333
 42
1.0
 10
126.7759389671365
 20
419.883333333333
 42
1.0
  0
LWPOLYLINE
  5
34BE
330
1A
100
AcDbEntity
  8
1
100
AcDbPolyline
 90
        2
 70
     1
 43
0.45
 10
126.1109154929581
 20
423.2166666666662
 42
1.0
 10
126.560915492958
 20
423.2166666666662
 42
1.0
  0
LWPOLYLINE
  5
34BF
330
1A
100
AcDbEntity
  8
1
100
AcDbPolyline
 90
        2
 70
     1
 43
0.45
 10
125.8958920187797
 20
426.5499999999995
 42
1.0
 10
126.3458920187797
 20
426.5499999999995
 42
1.0
  0
LWPOLYLINE
  5
34C0
330
1A
100
AcDbEntity
  8
1
100
AcDbPolyline
 90
        2
 70
     1
 43
0.45
 10
125.6808685446012
 20
429.8833333333329
 42
1.0
 10
126.1308685446012
 20
429.8833333333329
 42
1.0
  0
LWPOLYLINE
  5
34C1
330
1A
100
AcDbEntity
  8
1
100
AcDbPolyline
 90
        2
 70
     1
 43
0.45
 10
122.8083333333337
 20
432.3833333333332
 42
1.0
 10
123.2583333333337
 20
432.3833333333332
 42
1.0
  0
LWPOLYLINE
  5
34C2
330
1A
100
AcDbEntity
  8
1
100
AcDbPolyline
 90
        2
 70
     1
 43
0.45
 10
125.5196009389675
 20
432.3833333333332
 42
1.0
 10
125.9696009389675
 20
432.3833333333332
 42
1.0
  0
LWPOLYLINE
  5
34C3
330
1A
100
AcDbEntity
  8
1
100
AcDbPolyline
 90
        2
 70
     1
 43
0.45
 10
122.8583333333337
 20
434.8833333333332
 42
1.0
 10
123.3083333333337
 20
434.8833333333332
 42
1.0
  0
LWPOLYLINE
  5
34C4
330
1A
100
AcDbEntity
  8
1
100
AcDbPolyline
 90
        2
 70
     1
 43
0.45
 10
125.3583333333337
 20
434.8833333333332
 42
1.0
 10
125.8083333333337
 20
434.8833333333332
 42
1.0
  0
LWPOLYLINE
  5
34C5
330
1A
100
AcDbEntity
  8
1
100
AcDbPolyline
 90
        2
 70
     1
 43
0.45
 10
108.2250000000003
 20
305.1166666666663
 42
1.0
 10
108.6750000000003
 20
305.1166666666663
 42
1.0
  0
LWPOLYLINE
  5
34C6
330
1A
100
AcDbEntity
  8
1
100
AcDbPolyline
 90
        2
 70
     1
 43
0.45
 10
121.1450000000003
 20
305.1166666666663
 42
1.0
 10
121.5950000000003
 20
305.1166666666663
 42
1.0
  0
LWPOLYLINE
  5
34C7
330
1A
100
AcDbEntity
  8
1
100
AcDbPolyline
 90
        2
 70
     1
 43
0.45
 10
112.391666666667
 20
305.1166666666663
 42
1.0
 10
112.841666666667
 20
305.1166666666663
 42
1.0
  0
LWPOLYLINE
  5
34C8
330
1A
100
AcDbEntity
  8
1
100
AcDbPolyline
 90
        2
 70
     1
 43
0.45
 10
116.5583333333337
 20
305.1166666666663
 42
1.0
 10
117.0083333333337
 20
305.1166666666663
 42
1.0
  0
LWPOLYLINE
  5
34C9
330
1A
100
AcDbEntity
  8
1
100
AcDbPolyline
 90
        2
 70
     1
 43
0.45
 10
118.851666666667
 20
305.1166666666663
 42
1.0
 10
119.301666666667
 20
305.1166666666663
 42
1.0
  0
LWPOLYLINE
  5
34CA
330
1A
100
AcDbEntity
  8
1
100
AcDbPolyline
 90
        2
 70
     1
 43
0.45
 10
108.2250000000003
 20
313.5499999999997
 42
1.0
 10
108.6750000000003
 20
313.5499999999997
 42
1.0
  0
LWPOLYLINE
  5
34CB
330
1A
100
AcDbEntity
  8
1
100
AcDbPolyline
 90
        2
 70
     1
 43
0.45
 10
112.391666666667
 20
314.5916666666664
 42
1.0
 10
112.841666666667
 20
314.5916666666664
 42
1.0
  0
LWPOLYLINE
  5
34CC
330
1A
100
AcDbEntity
  8
1
100
AcDbPolyline
 90
        2
 70
     1
 43
0.45
 10
116.5583333333337
 20
315.633333333333
 42
1.0
 10
117.0083333333337
 20
315.633333333333
 42
1.0
  0
LWPOLYLINE
  5
34CD
330
1A
100
AcDbEntity
  8
1
100
AcDbPolyline
 90
        2
 70
     1
 43
0.45
 10
118.851666666667
 20
316.2066666666664
 42
1.0
 10
119.301666666667
 20
316.2066666666664
 42
1.0
  0
LWPOLYLINE
  5
34CE
330
1A
100
AcDbEntity
  8
1
100
AcDbPolyline
 90
        2
 70
     1
 43
0.45
 10
191.3250000000005
 20
305.1166666666663
 42
1.0
 10
191.7750000000005
 20
305.1166666666663
 42
1.0
  0
LWPOLYLINE
  5
34CF
330
1A
100
AcDbEntity
  8
1
100
AcDbPolyline
 90
        2
 70
     1
 43
0.45
 10
133.7872535211272
 20
305.1166666666663
 42
1.0
 10
134.2372535211272
 20
305.1166666666663
 42
1.0
  0
LWPOLYLINE
  5
34D0
330
1A
100
AcDbEntity
  8
1
100
AcDbPolyline
 90
        2
 70
     1
 43
0.45
 10
187.1583333333338
 20
305.1166666666663
 42
1.0
 10
187.6083333333338
 20
305.1166666666663
 42
1.0
  0
LWPOLYLINE
  5
34D1
330
1A
100
AcDbEntity
  8
1
100
AcDbPolyline
 90
        2
 70
     1
 43
0.45
 10
182.9916666666672
 20
305.1166666666663
 42
1.0
 10
183.4416666666671
 20
305.1166666666663
 42
1.0
  0
LWPOLYLINE
  5
34D2
330
1A
100
AcDbEntity
  8
1
100
AcDbPolyline
 90
        2
 70
     1
 43
0.45
 10
178.8250000000005
 20
305.1166666666663
 42
1.0
 10
179.2750000000005
 20
305.1166666666663
 42
1.0
  0
LWPOLYLINE
  5
34D3
330
1A
100
AcDbEntity
  8
1
100
AcDbPolyline
 90
        2
 70
     1
 43
0.45
 10
174.6583333333338
 20
305.1166666666663
 42
1.0
 10
175.1083333333338
 20
305.1166666666663
 42
1.0
  0
LWPOLYLINE
  5
34D4
330
1A
100
AcDbEntity
  8
1
100
AcDbPolyline
 90
        2
 70
     1
 43
0.45
 10
170.4916666666672
 20
305.1166666666663
 42
1.0
 10
170.9416666666671
 20
305.1166666666663
 42
1.0
  0
LWPOLYLINE
  5
34D5
330
1A
100
AcDbEntity
  8
1
100
AcDbPolyline
 90
        2
 70
     1
 43
0.45
 10
166.3250000000005
 20
305.1166666666663
 42
1.0
 10
166.7750000000005
 20
305.1166666666663
 42
1.0
  0
LWPOLYLINE
  5
34D6
330
1A
100
AcDbEntity
  8
1
100
AcDbPolyline
 90
        2
 70
     1
 43
0.45
 10
162.1583333333338
 20
305.1166666666663
 42
1.0
 10
162.6083333333338
 20
305.1166666666663
 42
1.0
  0
LWPOLYLINE
  5
34D7
330
1A
100
AcDbEntity
  8
1
100
AcDbPolyline
 90
        2
 70
     1
 43
0.45
 10
157.9916666666672
 20
305.1166666666663
 42
1.0
 10
158.4416666666671
 20
305.1166666666663
 42
1.0
  0
LWPOLYLINE
  5
34D8
330
1A
100
AcDbEntity
  8
1
100
AcDbPolyline
 90
        2
 70
     1
 43
0.45
 10
153.8250000000005
 20
305.1166666666663
 42
1.0
 10
154.2750000000005
 20
305.1166666666663
 42
1.0
  0
LWPOLYLINE
  5
34D9
330
1A
100
AcDbEntity
  8
1
100
AcDbPolyline
 90
        2
 70
     1
 43
0.45
 10
149.6583333333338
 20
305.1166666666663
 42
1.0
 10
150.1083333333338
 20
305.1166666666663
 42
1.0
  0
LWPOLYLINE
  5
34DA
330
1A
100
AcDbEntity
  8
1
100
AcDbPolyline
 90
        2
 70
     1
 43
0.45
 10
145.4916666666671
 20
305.1166666666663
 42
1.0
 10
145.9416666666671
 20
305.1166666666663
 42
1.0
  0
LWPOLYLINE
  5
34DB
330
1A
100
AcDbEntity
  8
1
100
AcDbPolyline
 90
        2
 70
     1
 43
0.45
 10
141.3250000000005
 20
305.1166666666663
 42
1.0
 10
141.7750000000005
 20
305.1166666666663
 42
1.0
  0
LWPOLYLINE
  5
34DC
330
1A
100
AcDbEntity
  8
1
100
AcDbPolyline
 90
        2
 70
     1
 43
0.45
 10
137.1583333333337
 20
305.1166666666663
 42
1.0
 10
137.6083333333337
 20
305.1166666666663
 42
1.0
  0
LWPOLYLINE
  5
34DD
330
1A
100
AcDbEntity
  8
1
100
AcDbPolyline
 90
        2
 70
     1
 43
0.45
 10
191.3250000000005
 20
313.2928571428568
 42
1.0
 10
191.7750000000005
 20
313.2928571428568
 42
1.0
  0
LWPOLYLINE
  5
34DE
330
1A
100
AcDbEntity
  8
1
100
AcDbPolyline
 90
        2
 70
     1
 43
0.45
 10
187.1583333333338
 20
313.530952380952
 42
1.0
 10
187.6083333333338
 20
313.530952380952
 42
1.0
  0
LWPOLYLINE
  5
34DF
330
1A
100
AcDbEntity
  8
1
100
AcDbPolyline
 90
        2
 70
     1
 43
0.45
 10
182.9916666666672
 20
313.7690476190473
 42
1.0
 10
183.4416666666672
 20
313.7690476190473
 42
1.0
  0
LWPOLYLINE
  5
34E0
330
1A
100
AcDbEntity
  8
1
100
AcDbPolyline
 90
        2
 70
     1
 43
0.45
 10
178.8250000000005
 20
314.0071428571425
 42
1.0
 10
179.2750000000005
 20
314.0071428571425
 42
1.0
  0
LWPOLYLINE
  5
34E1
330
1A
100
AcDbEntity
  8
1
100
AcDbPolyline
 90
        2
 70
     1
 43
0.45
 10
174.6583333333338
 20
314.2452380952378
 42
1.0
 10
175.1083333333338
 20
314.2452380952378
 42
1.0
  0
LWPOLYLINE
  5
34E2
330
1A
100
AcDbEntity
  8
1
100
AcDbPolyline
 90
        2
 70
     1
 43
0.45
 10
170.4916666666672
 20
314.483333333333
 42
1.0
 10
170.9416666666672
 20
314.483333333333
 42
1.0
  0
LWPOLYLINE
  5
34E3
330
1A
100
AcDbEntity
  8
1
100
AcDbPolyline
 90
        2
 70
     1
 43
0.45
 10
166.3250000000005
 20
314.7214285714282
 42
1.0
 10
166.7750000000005
 20
314.7214285714282
 42
1.0
  0
LWPOLYLINE
  5
34E4
330
1A
100
AcDbEntity
  8
1
100
AcDbPolyline
 90
        2
 70
     1
 43
0.45
 10
162.1583333333338
 20
314.9595238095235
 42
1.0
 10
162.6083333333338
 20
314.9595238095235
 42
1.0
  0
LWPOLYLINE
  5
34E5
330
1A
100
AcDbEntity
  8
1
100
AcDbPolyline
 90
        2
 70
     1
 43
0.45
 10
157.9916666666672
 20
315.1976190476187
 42
1.0
 10
158.4416666666672
 20
315.1976190476187
 42
1.0
  0
LWPOLYLINE
  5
34E6
330
1A
100
AcDbEntity
  8
1
100
AcDbPolyline
 90
        2
 70
     1
 43
0.45
 10
153.8250000000005
 20
315.4357142857139
 42
1.0
 10
154.2750000000005
 20
315.4357142857139
 42
1.0
  0
LWPOLYLINE
  5
34E7
330
1A
100
AcDbEntity
  8
1
100
AcDbPolyline
 90
        2
 70
     1
 43
0.45
 10
149.6583333333339
 20
315.6738095238091
 42
1.0
 10
150.1083333333339
 20
315.6738095238091
 42
1.0
  0
LWPOLYLINE
  5
34E8
330
1A
100
AcDbEntity
  8
1
100
AcDbPolyline
 90
        2
 70
     1
 43
0.45
 10
145.4916666666672
 20
315.9119047619044
 42
1.0
 10
145.9416666666672
 20
315.9119047619044
 42
1.0
  0
LWPOLYLINE
  5
34E9
330
1A
100
AcDbEntity
  8
1
100
AcDbPolyline
 90
        2
 70
     1
 43
0.45
 10
141.3250000000005
 20
316.1499999999997
 42
1.0
 10
141.7750000000005
 20
316.1499999999997
 42
1.0
  0
LWPOLYLINE
  5
34EA
330
1A
100
AcDbEntity
  8
1
100
AcDbPolyline
 90
        2
 70
     1
 43
0.45
 10
137.1583333333337
 20
316.3880952380949
 42
1.0
 10
137.6083333333337
 20
316.3880952380949
 42
1.0
  0
LWPOLYLINE
  5
34EB
330
1A
100
AcDbEntity
  8
1
100
AcDbPolyline
 90
        2
 70
     1
 43
0.45
 10
125.2090845070427
 20
305.1166666666663
 42
1.0
 10
125.6590845070427
 20
305.1166666666663
 42
1.0
  0
LWPOLYLINE
  5
34EC
330
1A
100
AcDbEntity
  8
1
100
AcDbPolyline
 90
        2
 70
     1
 43
0.45
 10
129.7231690140848
 20
305.1166666666663
 42
1.0
 10
130.1731690140848
 20
305.1166666666663
 42
1.0
  0
LINE
  5
34ED
330
1A
100
AcDbEntity
  8
0
100
AcDbLine
 10
127.7612316330121
 20
399.2120923528864
 30
0.0
 11
128.8926024829106
 21
400.3434632027849
 31
0.0
  0
LINE
  5
34EE
330
1A
100
AcDbEntity
  8
0
100
AcDbLine
 10
128.3269170579033
 20
399.7777777777777
 30
0.0
 11
134.1225039123633
 21
399.7777777777777
 31
0.0
  0
LINE
  5
34EF
330
1A
100
AcDbEntity
  8
0
100
AcDbLine
 10
134.1225039123633
 20
399.7777777777777
 30
0.0
 11
154.1225039123634
 21
399.7777777777777
 31
0.0
  0
CIRCLE
  5
34F0
330
1A
100
AcDbEntity
  8
0
100
AcDbCircle
 10
138.1225039123634
 20
403.7777777777776
 30
0.0
 40
4.0
  0
TEXT
  5
34F1
330
1A
100
AcDbEntity
  8
3
100
AcDbText
 10
135.4796467695062
 20
402.2777777777776
 30
0.0
 40
3.0
  1
W1
  7
GHS
 72
     1
 11
138.1225039123634
 21
402.2777777777776
 31
0.0
100
AcDbText
  0
TEXT
  5
34F2
330
1A
100
AcDbEntity
  8
3
100
AcDbText
 10
143.6939324837919
 20
400.9777777777776
 30
0.0
 40
3.0
  1
D25
  7
GHS
 72
     1
 11
148.1225039123634
 21
400.9777777777776
 31
0.0
100
AcDbText
  0
LINE
  5
34F3
330
1A
100
AcDbEntity
  8
0
100
AcDbLine
 10
130.6461299115723
 20
354.489870130664
 30
0.0
 11
131.7775007614708
 21
355.6212409805625
 31
0.0
  0
LINE
  5
34F4
330
1A
100
AcDbEntity
  8
0
100
AcDbLine
 10
131.2118153364635
 20
355.0555555555553
 30
0.0
 11
137.0074021909237
 21
355.0555555555553
 31
0.0
  0
LINE
  5
34F5
330
1A
100
AcDbEntity
  8
0
100
AcDbLine
 10
137.0074021909237
 20
355.0555555555553
 30
0.0
 11
157.0074021909237
 21
355.0555555555553
 31
0.0
  0
CIRCLE
  5
34F6
330
1A
100
AcDbEntity
  8
0
100
AcDbCircle
 10
141.0074021909237
 20
359.0555555555553
 30
0.0
 40
4.0
  0
TEXT
  5
34F7
330
1A
100
AcDbEntity
  8
3
100
AcDbText
 10
137.9359736194951
 20
357.5555555555553
 30
0.0
 40
3.0
  1
W2
  7
GHS
 72
     1
 11
141.0074021909237
 21
357.5555555555553
 31
0.0
100
AcDbText
  0
TEXT
  5
34F8
330
1A
100
AcDbEntity
  8
3
100
AcDbText
 10
146.5788307623523
 20
356.2555555555552
 30
0.0
 40
3.0
  1
D25
  7
GHS
 72
     1
 11
151.0074021909237
 21
356.2555555555552
 31
0.0
100
AcDbText
  0
LINE
  5
34F9
330
1A
100
AcDbEntity
  8
0
100
AcDbLine
 10
122.1898701306647
 20
395.8787590195531
 30
0.0
 11
123.3212409805631
 21
397.0101298694516
 31
0.0
  0
LINE
  5
34FA
330
1A
100
AcDbEntity
  8
0
100
AcDbLine
 10
100.7555555555559
 20
396.4444444444443
 30
0.0
 11
120.7555555555559
 21
396.4444444444443
 31
0.0
  0
LINE
  5
34FB
330
1A
100
AcDbEntity
  8
0
100
AcDbLine
 10
120.7555555555559
 20
396.4444444444443
 30
0.0
 11
122.7555555555559
 21
396.4444444444443
 31
0.0
  0
CIRCLE
  5
34FC
330
1A
100
AcDbEntity
  8
0
100
AcDbCircle
 10
104.7555555555559
 20
400.4444444444443
 30
0.0
 40
4.0
  0
TEXT
  5
34FD
330
1A
100
AcDbEntity
  8
3
100
AcDbText
 10
101.6841269841273
 20
398.9444444444444
 30
0.0
 40
3.0
  1
W3
  7
GHS
 72
     1
 11
104.7555555555559
 21
398.9444444444444
 31
0.0
100
AcDbText
  0
TEXT
  5
34FE
330
1A
100
AcDbEntity
  8
3
100
AcDbText
 10
110.3269841269845
 20
397.6444444444443
 30
0.0
 40
3.0
  1
D13
  7
GHS
 72
     1
 11
114.7555555555559
 21
397.6444444444443
 31
0.0
100
AcDbText
  0
LINE
  5
34FF
330
1A
100
AcDbEntity
  8
0
100
AcDbLine
 10
113.6843145751091
 20
314.9968145751084
 30
0.0
 11
114.8156854250076
 21
316.1281854250069
 31
0.0
  0
LINE
  5
3500
330
1A
100
AcDbEntity
  8
0
100
AcDbLine
 10
94.25000000000034
 20
326.9503401360541
 30
0.0
 11
114.2500000000003
 21
326.9503401360541
 31
0.0
  0
LINE
  5
3501
330
1A
100
AcDbEntity
  8
0
100
AcDbLine
 10
114.2500000000003
 20
326.9503401360541
 30
0.0
 11
114.2500000000003
 21
315.5624999999997
 31
0.0
  0
CIRCLE
  5
3502
330
1A
100
AcDbEntity
  8
0
100
AcDbCircle
 10
98.25000000000034
 20
330.9503401360541
 30
0.0
 40
4.0
  0
TEXT
  5
3503
330
1A
100
AcDbEntity
  8
3
100
AcDbText
 10
95.46428571428604
 20
329.4503401360541
 30
0.0
 40
3.0
  1
F3
  7
GHS
 72
     1
 11
98.25000000000034
 21
329.4503401360541
 31
0.0
100
AcDbText
  0
TEXT
  5
3504
330
1A
100
AcDbEntity
  8
3
100
AcDbText
 10
103.8214285714289
 20
328.1503401360541
 30
0.0
 40
3.0
  1
D25
  7
GHS
 72
     1
 11
108.2500000000003
 21
328.1503401360541
 31
0.0
100
AcDbText
  0
LINE
  5
3505
330
1A
100
AcDbEntity
  8
0
100
AcDbLine
 10
156.0176479084425
 20
304.4343145751085
 30
0.0
 11
157.149018758341
 21
305.5656854250069
 31
0.0
  0
LINE
  5
3506
330
1A
100
AcDbEntity
  8
0
100
AcDbLine
 10
136.5833333333337
 20
292.9999999999997
 30
0.0
 11
156.5833333333337
 21
292.9999999999997
 31
0.0
  0
LINE
  5
3507
330
1A
100
AcDbEntity
  8
0
100
AcDbLine
 10
156.5833333333337
 20
292.9999999999997
 30
0.0
 11
156.5833333333337
 21
304.9999999999997
 31
0.0
  0
CIRCLE
  5
3508
330
1A
100
AcDbEntity
  8
0
100
AcDbCircle
 10
140.5833333333337
 20
296.9999999999997
 30
0.0
 40
4.0
  0
TEXT
  5
3509
330
1A
100
AcDbEntity
  8
3
100
AcDbText
 10
138.2261904761909
 20
295.4999999999996
 30
0.0
 40
3.0
  1
F1
  7
GHS
 72
     1
 11
140.5833333333337
 21
295.4999999999996
 31
0.0
100
AcDbText
  0
TEXT
  5
350A
330
1A
100
AcDbEntity
  8
3
100
AcDbText
 10
146.1547619047623
 20
294.1999999999996
 30
0.0
 40
3.0
  1
D22
  7
GHS
 72
     1
 11
150.5833333333337
 21
294.1999999999996
 31
0.0
100
AcDbText
  0
LINE
  5
350B
330
1A
100
AcDbEntity
  8
0
100
AcDbLine
 10
168.5176479084425
 20
314.4866955274894
 30
0.0
 11
169.649018758341
 21
315.6180663773878
 31
0.0
  0
LINE
  5
350C
330
1A
100
AcDbEntity
  8
0
100
AcDbLine
 10
169.0833333333338
 20
315.0523809523806
 30
0.0
 11
169.0833333333338
 21
327.0523809523806
 31
0.0
  0
LINE
  5
350D
330
1A
100
AcDbEntity
  8
0
100
AcDbLine
 10
169.0833333333338
 20
327.0523809523806
 30
0.0
 11
189.0833333333338
 21
327.0523809523806
 31
0.0
  0
CIRCLE
  5
350E
330
1A
100
AcDbEntity
  8
0
100
AcDbCircle
 10
173.0833333333338
 20
331.0523809523806
 30
0.0
 40
4.0
  0
TEXT
  5
350F
330
1A
100
AcDbEntity
  8
3
100
AcDbText
 10
170.2976190476195
 20
329.5523809523806
 30
0.0
 40
3.0
  1
F2
  7
GHS
 72
     1
 11
173.0833333333338
 21
329.5523809523806
 31
0.0
100
AcDbText
  0
TEXT
  5
3510
330
1A
100
AcDbEntity
  8
3
100
AcDbText
 10
178.6547619047624
 20
328.2523809523806
 30
0.0
 40
3.0
  1
D25
  7
GHS
 72
     1
 11
183.0833333333338
 21
328.2523809523806
 31
0.0
100
AcDbText
  0
LINE
  5
3511
330
1A
100
AcDbEntity
  8
0
100
AcDbLine
 10
123.5509812417758
 20
434.767647908442
 30
0.0
 11
124.6823520916743
 21
435.8990187583405
 31
0.0
  0
LINE
  5
3512
330
1A
100
AcDbEntity
  8
0
100
AcDbLine
 10
104.116666666667
 20
445.3333333333332
 30
0.0
 11
124.116666666667
 21
445.3333333333332
 31
0.0
  0
LINE
  5
3513
330
1A
100
AcDbEntity
  8
0
100
AcDbLine
 10
124.116666666667
 20
445.3333333333332
 30
0.0
 11
124.116666666667
 21
435.3333333333332
 31
0.0
  0
CIRCLE
  5
3514
330
1A
100
AcDbEntity
  8
0
100
AcDbCircle
 10
108.116666666667
 20
449.3333333333332
 30
0.0
 40
4.0
  0
TEXT
  5
3515
330
1A
100
AcDbEntity
  8
3
100
AcDbText
 10
105.0452380952384
 20
447.8333333333332
 30
0.0
 40
3.0
  1
W6
  7
GHS
 72
     1
 11
108.116666666667
 21
447.8333333333332
 31
0.0
100
AcDbText
  0
TEXT
  5
3516
330
1A
100
AcDbEntity
  8
3
100
AcDbText
 10
113.6880952380956
 20
446.5333333333332
 30
0.0
 40
3.0
  1
D13
  7
GHS
 72
     1
 11
118.116666666667
 21
446.5333333333332
 31
0.0
100
AcDbText
  0
LINE
  5
3517
330
1A
100
AcDbEntity
  8
0
100
AcDbLine
 10
125.116666666667
 20
435.3333333333332
 30
0.0
 11
125.116666666667
 21
447.3333333333332
 31
0.0
  0
LINE
  5
3518
330
1A
100
AcDbEntity
  8
0
100
AcDbLine
 10
125.116666666667
 20
447.3333333333332
 30
0.0
 11
135.116666666667
 21
447.3333333333332
 31
0.0
  0
LINE
  5
3519
330
1A
100
AcDbEntity
  8
0
100
AcDbLine
 10
135.116666666667
 20
447.3333333333332
 30
0.0
 11
155.116666666667
 21
447.3333333333332
 31
0.0
  0
CIRCLE
  5
351A
330
1A
100
AcDbEntity
  8
0
100
AcDbCircle
 10
139.116666666667
 20
451.3333333333332
 30
0.0
 40
4.0
  0
TEXT
  5
351B
330
1A
100
AcDbEntity
  8
3
100
AcDbText
 10
136.0452380952384
 20
449.8333333333333
 30
0.0
 40
3.0
  1
W7
  7
GHS
 72
     1
 11
139.116666666667
 21
449.8333333333333
 31
0.0
100
AcDbText
  0
TEXT
  5
351C
330
1A
100
AcDbEntity
  8
3
100
AcDbText
 10
144.6880952380956
 20
448.5333333333332
 30
0.0
 40
3.0
  1
D13
  7
GHS
 72
     1
 11
149.116666666667
 21
448.5333333333332
 31
0.0
100
AcDbText
  0
LINE
  5
351D
330
1A
100
AcDbEntity
  8
0
100
AcDbLine
 10
74.00000000000034
 20
282.333333333333
 30
0.0
 11
94.00000000000034
 21
282.333333333333
 31
0.0
  0
LINE
  5
351E
330
1A
100
AcDbEntity
  8
0
100
AcDbLine
 10
94.00000000000034
 20
282.333333333333
 30
0.0
 11
94.00000000000034
 21
309.333333333333
 31
0.0
  0
LINE
  5
351F
330
1A
100
AcDbEntity
  8
0
100
AcDbLine
 10
94.00000000000034
 20
309.333333333333
 30
0.0
 11
108.0000000000003
 21
309.333333333333
 31
0.0
  0
CIRCLE
  5
3520
330
1A
100
AcDbEntity
  8
0
100
AcDbCircle
 10
78.00000000000034
 20
286.333333333333
 30
0.0
 40
4.0
  0
TEXT
  5
3521
330
1A
100
AcDbEntity
  8
3
100
AcDbText
 10
75.21428571428605
 20
284.833333333333
 30
0.0
 40
3.0
  1
F6
  7
GHS
 72
     1
 11
78.00000000000034
 21
284.833333333333
 31
0.0
100
AcDbText
  0
TEXT
  5
3522
330
1A
100
AcDbEntity
  8
3
100
AcDbText
 10
83.57142857142891
 20
283.533333333333
 30
0.0
 40
3.0
  1
D13
  7
GHS
 72
     1
 11
88.00000000000034
 21
283.533333333333
 31
0.0
100
AcDbText
  0
LINE
  5
3523
330
1A
100
AcDbEntity
  8
0
100
AcDbLine
 10
192.0000000000005
 20
309.2047619047615
 30
0.0
 11
204.0000000000005
 21
309.2047619047615
 31
0.0
  0
LINE
  5
3524
330
1A
100
AcDbEntity
  8
0
100
AcDbLine
 10
204.0000000000005
 20
309.2047619047615
 30
0.0
 11
204.0000000000005
 21
282.333333333333
 31
0.0
  0
LINE
  5
3525
330
1A
100
AcDbEntity
  8
0
100
AcDbLine
 10
204.0000000000005
 20
282.333333333333
 30
0.0
 11
224.0000000000005
 21
282.333333333333
 31
0.0
  0
CIRCLE
  5
3526
330
1A
100
AcDbEntity
  8
0
100
AcDbCircle
 10
208.0000000000005
 20
286.333333333333
 30
0.0
 40
4.0
  0
TEXT
  5
3527
330
1A
100
AcDbEntity
  8
3
100
AcDbText
 10
205.2142857142862
 20
284.833333333333
 30
0.0
 40
3.0
  1
F7
  7
GHS
 72
     1
 11
208.0000000000005
 21
284.833333333333
 31
0.0
100
AcDbText
  0
TEXT
  5
3528
330
1A
100
AcDbEntity
  8
3
100
AcDbText
 10
213.5714285714291
 20
283.533333333333
 30
0.0
 40
3.0
  1
D13
  7
GHS
 72
     1
 11
218.0000000000005
 21
283.533333333333
 31
0.0
100
AcDbText
  0
LINE
  5
3529
330
1A
100
AcDbEntity
  8
0
100
AcDbLine
 10
106.666666666667
 20
287.333333333333
 30
0.0
 11
106.666666666667
 21
271.333333333333
 31
0.0
  0
LINE
  5
352A
330
1A
100
AcDbEntity
  8
0
100
AcDbLine
 10
108.0000000000003
 20
287.333333333333
 30
0.0
 11
108.0000000000003
 21
271.333333333333
 31
0.0
  0
LINE
  5
352B
330
1A
100
AcDbEntity
  8
0
100
AcDbLine
 10
106.666666666667
 20
273.333333333333
 30
0.0
 11
108.0000000000003
 21
273.333333333333
 31
0.0
  0
LWPOLYLINE
  5
352C
330
1A
100
AcDbEntity
  8
0
100
AcDbPolyline
 90
        2
 70
     1
 43
0.5
 10
106.416666666667
 20
273.333333333333
 42
1.0
 10
106.916666666667
 20
273.333333333333
 42
1.0
  0
LWPOLYLINE
  5
352D
330
1A
100
AcDbEntity
  8
0
100
AcDbPolyline
 90
        2
 70
     1
 43
0.5
 10
107.7500000000003
 20
273.333333333333
 42
1.0
 10
108.2500000000003
 20
273.333333333333
 42
1.0
  0
LINE
  5
352E
330
1A
100
AcDbEntity
  8
0
100
AcDbLine
 10
96.66666666666699
 20
273.333333333333
 30
0.0
 11
106.666666666667
 21
273.333333333333
 31
0.0
  0
TEXT
  5
352F
330
1A
100
AcDbEntity
  8
3
100
AcDbText
 10
99.38095238095272
 20
274.133333333333
 30
0.0
 40
3.0
  1
80
  7
GHS
 72
     2
 11
104.666666666667
 21
274.133333333333
 31
0.0
100
AcDbText
  0
LINE
  5
3530
330
1A
100
AcDbEntity
  8
0
100
AcDbLine
 10
116.3333333333337
 20
287.333333333333
 30
0.0
 11
116.3333333333337
 21
271.333333333333
 31
0.0
  0
LINE
  5
3531
330
1A
100
AcDbEntity
  8
0
100
AcDbLine
 10
108.0000000000003
 20
273.333333333333
 30
0.0
 11
116.3333333333337
 21
273.333333333333
 31
0.0
  0
LWPOLYLINE
  5
3532
330
1A
100
AcDbEntity
  8
0
100
AcDbPolyline
 90
        2
 70
     1
 43
0.5
 10
116.0833333333337
 20
273.333333333333
 42
1.0
 10
116.5833333333337
 20
273.333333333333
 42
1.0
  0
TEXT
  5
3533
330
1A
100
AcDbEntity
  8
3
100
AcDbText
 10
107.8809523809527
 20
274.133333333333
 30
0.0
 40
3.0
  1
500
  7
GHS
 72
     1
 11
112.166666666667
 21
274.133333333333
 31
0.0
100
AcDbText
  0
LINE
  5
3534
330
1A
100
AcDbEntity
  8
0
100
AcDbLine
 10
120.9200000000003
 20
287.333333333333
 30
0.0
 11
120.9200000000003
 21
271.333333333333
 31
0.0
  0
LINE
  5
3535
330
1A
100
AcDbEntity
  8
0
100
AcDbLine
 10
116.3333333333337
 20
273.333333333333
 30
0.0
 11
120.9200000000003
 21
273.333333333333
 31
0.0
  0
LWPOLYLINE
  5
3536
330
1A
100
AcDbEntity
  8
0
100
AcDbPolyline
 90
        2
 70
     1
 43
0.5
 10
120.6700000000003
 20
273.333333333333
 42
1.0
 10
121.1700000000003
 20
273.333333333333
 42
1.0
  0
TEXT
  5
3537
330
1A
100
AcDbEntity
  8
3
100
AcDbText
 10
114.3409523809527
 20
269.133333333333
 30
0.0
 40
3.0
  1
275
  7
GHS
 72
     1
 11
118.626666666667
 21
269.133333333333
 31
0.0
100
AcDbText
  0
LINE
  5
3538
330
1A
100
AcDbEntity
  8
0
100
AcDbLine
 10
134.4622535211272
 20
287.333333333333
 30
0.0
 11
134.4622535211272
 21
271.333333333333
 31
0.0
  0
LINE
  5
3539
330
1A
100
AcDbEntity
  8
0
100
AcDbLine
 10
120.9200000000003
 20
273.333333333333
 30
0.0
 11
134.4622535211272
 21
273.333333333333
 31
0.0
  0
LWPOLYLINE
  5
353A
330
1A
100
AcDbEntity
  8
0
100
AcDbPolyline
 90
        2
 70
     1
 43
0.5
 10
134.2122535211272
 20
273.333333333333
 42
1.0
 10
134.7122535211272
 20
273.333333333333
 42
1.0
  0
TEXT
  5
353B
330
1A
100
AcDbEntity
  8
3
100
AcDbText
 10
123.4054124748495
 20
274.133333333333
 30
0.0
 40
3.0
  1
813
  7
GHS
 72
     1
 11
127.6911267605638
 21
274.133333333333
 31
0.0
100
AcDbText
  0
LINE
  5
353C
330
1A
100
AcDbEntity
  8
0
100
AcDbLine
 10
137.8333333333337
 20
287.333333333333
 30
0.0
 11
137.8333333333337
 21
271.333333333333
 31
0.0
  0
LINE
  5
353D
330
1A
100
AcDbEntity
  8
0
100
AcDbLine
 10
134.4622535211272
 20
273.333333333333
 30
0.0
 11
137.8333333333337
 21
273.333333333333
 31
0.0
  0
LWPOLYLINE
  5
353E
330
1A
100
AcDbEntity
  8
0
100
AcDbPolyline
 90
        2
 70
     1
 43
0.5
 10
137.5833333333337
 20
273.333333333333
 42
1.0
 10
138.0833333333337
 20
273.333333333333
 42
1.0
  0
TEXT
  5
353F
330
1A
100
AcDbEntity
  8
3
100
AcDbText
 10
131.8620791415162
 20
269.133333333333
 30
0.0
 40
3.0
  1
202
  7
GHS
 72
     1
 11
136.1477934272305
 21
269.133333333333
 31
0.0
100
AcDbText
  0
LINE
  5
3540
330
1A
100
AcDbEntity
  8
0
100
AcDbLine
 10
192.0000000000005
 20
287.333333333333
 30
0.0
 11
192.0000000000005
 21
271.333333333333
 31
0.0
  0
LINE
  5
3541
330
1A
100
AcDbEntity
  8
0
100
AcDbLine
 10
137.8333333333337
 20
273.333333333333
 30
0.0
 11
192.0000000000005
 21
273.333333333333
 31
0.0
  0
LWPOLYLINE
  5
3542
330
1A
100
AcDbEntity
  8
0
100
AcDbPolyline
 90
        2
 70
     1
 43
0.5
 10
191.7500000000005
 20
273.333333333333
 42
1.0
 10
192.2500000000005
 20
273.333333333333
 42
1.0
  0
TEXT
  5
3543
330
1A
100
AcDbEntity
  8
3
100
AcDbText
 10
148.0595238095243
 20
274.133333333333
 30
0.0
 40
3.0
  1
13@250=3250
  7
GHS
 72
     1
 11
164.9166666666671
 21
274.133333333333
 31
0.0
100
AcDbText
  0
LINE
  5
3544
330
1A
100
AcDbEntity
  8
0
100
AcDbLine
 10
106.666666666667
 20
358.3888888888886
 30
0.0
 11
106.666666666667
 21
374.3888888888886
 31
0.0
  0
LINE
  5
3545
330
1A
100
AcDbEntity
  8
0
100
AcDbLine
 10
120.0000000000003
 20
358.3888888888886
 30
0.0
 11
120.0000000000003
 21
374.3888888888886
 31
0.0
  0
LINE
  5
3546
330
1A
100
AcDbEntity
  8
0
100
AcDbLine
 10
106.666666666667
 20
372.3888888888886
 30
0.0
 11
120.0000000000003
 21
372.3888888888886
 31
0.0
  0
LWPOLYLINE
  5
3547
330
1A
100
AcDbEntity
  8
0
100
AcDbPolyline
 90
        2
 70
     1
 43
0.5
 10
106.416666666667
 20
372.3888888888886
 42
1.0
 10
106.916666666667
 20
372.3888888888886
 42
1.0
  0
LWPOLYLINE
  5
3548
330
1A
100
AcDbEntity
  8
0
100
AcDbPolyline
 90
        2
 70
     1
 43
0.5
 10
119.7500000000003
 20
372.3888888888886
 42
1.0
 10
120.2500000000003
 20
372.3888888888886
 42
1.0
  0
TEXT
  5
3549
330
1A
100
AcDbEntity
  8
3
100
AcDbText
 10
109.0476190476194
 20
373.1888888888886
 30
0.0
 40
3.0
  1
800
  7
GHS
 72
     1
 11
113.3333333333337
 21
373.1888888888886
 31
0.0
100
AcDbText
  0
LINE
  5
354A
330
1A
100
AcDbEntity
  8
0
100
AcDbLine
 10
135.0000000000004
 20
358.3888888888886
 30
0.0
 11
135.0000000000004
 21
374.3888888888886
 31
0.0
  0
LINE
  5
354B
330
1A
100
AcDbEntity
  8
0
100
AcDbLine
 10
120.0000000000003
 20
372.3888888888886
 30
0.0
 11
135.0000000000004
 21
372.3888888888886
 31
0.0
  0
LWPOLYLINE
  5
354C
330
1A
100
AcDbEntity
  8
0
100
AcDbPolyline
 90
        2
 70
     1
 43
0.5
 10
134.7500000000004
 20
372.3888888888886
 42
1.0
 10
135.2500000000004
 20
372.3888888888886
 42
1.0
  0
TEXT
  5
354D
330
1A
100
AcDbEntity
  8
3
100
AcDbText
 10
123.214285714286
 20
373.1888888888886
 30
0.0
 40
3.0
  1
900
  7
GHS
 72
     1
 11
127.5000000000003
 21
373.1888888888886
 31
0.0
100
AcDbText
  0
LINE
  5
354E
330
1A
100
AcDbEntity
  8
0
100
AcDbLine
 10
193.3333333333338
 20
358.3888888888886
 30
0.0
 11
193.3333333333338
 21
374.3888888888886
 31
0.0
  0
LINE
  5
354F
330
1A
100
AcDbEntity
  8
0
100
AcDbLine
 10
135.0000000000004
 20
372.3888888888886
 30
0.0
 11
193.3333333333338
 21
372.3888888888886
 31
0.0
  0
LWPOLYLINE
  5
3550
330
1A
100
AcDbEntity
  8
0
100
AcDbPolyline
 90
        2
 70
     1
 43
0.5
 10
193.0833333333338
 20
372.3888888888886
 42
1.0
 10
193.5833333333338
 20
372.3888888888886
 42
1.0
  0
TEXT
  5
3551
330
1A
100
AcDbEntity
  8
3
100
AcDbText
 10
158.4523809523814
 20
373.1888888888886
 30
0.0
 40
3.0
  1
3500
  7
GHS
 72
     1
 11
164.1666666666671
 21
373.1888888888886
 31
0.0
100
AcDbText
  0
LINE
  5
3552
330
1A
100
AcDbEntity
  8
0
100
AcDbLine
 10
122.366666666667
 20
452.6666666666665
 30
0.0
 11
122.366666666667
 21
468.6666666666665
 31
0.0
  0
LINE
  5
3553
330
1A
100
AcDbEntity
  8
0
100
AcDbLine
 10
123.5333333333337
 20
452.6666666666665
 30
0.0
 11
123.5333333333337
 21
468.6666666666665
 31
0.0
  0
LINE
  5
3554
330
1A
100
AcDbEntity
  8
0
100
AcDbLine
 10
122.366666666667
 20
466.6666666666666
 30
0.0
 11
123.5333333333337
 21
466.6666666666666
 31
0.0
  0
LWPOLYLINE
  5
3555
330
1A
100
AcDbEntity
  8
0
100
AcDbPolyline
 90
        2
 70
     1
 43
0.5
 10
122.116666666667
 20
466.6666666666666
 42
1.0
 10
122.616666666667
 20
466.6666666666666
 42
1.0
  0
LWPOLYLINE
  5
3556
330
1A
100
AcDbEntity
  8
0
100
AcDbPolyline
 90
        2
 70
     1
 43
0.5
 10
123.2833333333337
 20
466.6666666666666
 42
1.0
 10
123.7833333333337
 20
466.6666666666666
 42
1.0
  0
LINE
  5
3557
330
1A
100
AcDbEntity
  8
0
100
AcDbLine
 10
112.366666666667
 20
466.6666666666666
 30
0.0
 11
122.366666666667
 21
466.6666666666666
 31
0.0
  0
TEXT
  5
3558
330
1A
100
AcDbEntity
  8
3
100
AcDbText
 10
115.0809523809527
 20
462.4666666666666
 30
0.0
 40
3.0
  1
70
  7
GHS
 72
     2
 11
120.366666666667
 21
462.4666666666666
 31
0.0
100
AcDbText
  0
LINE
  5
3559
330
1A
100
AcDbEntity
  8
0
100
AcDbLine
 10
126.0333333333337
 20
452.6666666666665
 30
0.0
 11
126.0333333333337
 21
468.6666666666665
 31
0.0
  0
LINE
  5
355A
330
1A
100
AcDbEntity
  8
0
100
AcDbLine
 10
123.5333333333337
 20
466.6666666666666
 30
0.0
 11
126.0333333333337
 21
466.6666666666666
 31
0.0
  0
LWPOLYLINE
  5
355B
330
1A
100
AcDbEntity
  8
0
100
AcDbPolyline
 90
        2
 70
     1
 43
0.5
 10
125.7833333333337
 20
466.6666666666666
 42
1.0
 10
126.2833333333337
 20
466.6666666666666
 42
1.0
  0
TEXT
  5
355C
330
1A
100
AcDbEntity
  8
3
100
AcDbText
 10
120.2833333333337
 20
467.4666666666666
 30
0.0
 40
3.0
  1
150
  7
GHS
 72
     1
 11
124.7833333333337
 21
467.4666666666666
 31
0.0
100
AcDbText
  0
LINE
  5
355D
330
1A
100
AcDbEntity
  8
0
100
AcDbLine
 10
127.366666666667
 20
452.6666666666665
 30
0.0
 11
127.366666666667
 21
468.6666666666665
 31
0.0
  0
LINE
  5
355E
330
1A
100
AcDbEntity
  8
0
100
AcDbLine
 10
126.0333333333337
 20
466.6666666666666
 30
0.0
 11
127.366666666667
 21
466.6666666666666
 31
0.0
  0
LWPOLYLINE
  5
355F
330
1A
100
AcDbEntity
  8
0
100
AcDbPolyline
 90
        2
 70
     1
 43
0.5
 10
127.116666666667
 20
466.6666666666666
 42
1.0
 10
127.616666666667
 20
466.6666666666666
 42
1.0
  0
LINE
  5
3560
330
1A
100
AcDbEntity
  8
0
100
AcDbLine
 10
127.366666666667
 20
466.6666666666666
 30
0.0
 11
137.366666666667
 21
466.6666666666666
 31
0.0
  0
TEXT
  5
3561
330
1A
100
AcDbEntity
  8
3
100
AcDbText
 10
128.966666666667
 20
462.4666666666666
 30
0.0
 40
3.0
  1
80
  7
GHS
100
AcDbText
  0
LINE
  5
3562
330
1A
100
AcDbEntity
  8
0
100
AcDbLine
 10
122.366666666667
 20
468.6666666666665
 30
0.0
 11
122.366666666667
 21
478.6666666666666
 31
0.0
  0
LINE
  5
3563
330
1A
100
AcDbEntity
  8
0
100
AcDbLine
 10
127.366666666667
 20
468.6666666666665
 30
0.0
 11
127.366666666667
 21
478.6666666666666
 31
0.0
  0
LINE
  5
3564
330
1A
100
AcDbEntity
  8
0
100
AcDbLine
 10
122.366666666667
 20
476.6666666666665
 30
0.0
 11
127.366666666667
 21
476.6666666666665
 31
0.0
  0
LWPOLYLINE
  5
3565
330
1A
100
AcDbEntity
  8
0
100
AcDbPolyline
 90
        2
 70
     1
 43
0.5
 10
122.116666666667
 20
476.6666666666665
 42
1.0
 10
122.616666666667
 20
476.6666666666665
 42
1.0
  0
LWPOLYLINE
  5
3566
330
1A
100
AcDbEntity
  8
0
100
AcDbPolyline
 90
        2
 70
     1
 43
0.5
 10
127.116666666667
 20
476.6666666666665
 42
1.0
 10
127.616666666667
 20
476.6666666666665
 42
1.0
  0
TEXT
  5
3567
330
1A
100
AcDbEntity
  8
3
100
AcDbText
 10
120.5809523809527
 20
477.4666666666665
 30
0.0
 40
3.0
  1
300
  7
GHS
 72
     1
 11
124.866666666667
 21
477.4666666666665
 31
0.0
100
AcDbText
  0
LINE
  5
3568
330
1A
100
AcDbEntity
  8
0
100
AcDbLine
 10
90.666666666667
 20
303.333333333333
 30
0.0
 11
74.666666666667
 21
303.333333333333
 31
0.0
  0
LINE
  5
3569
330
1A
100
AcDbEntity
  8
0
100
AcDbLine
 10
90.666666666667
 20
304.6666666666663
 30
0.0
 11
74.666666666667
 21
304.6666666666663
 31
0.0
  0
LINE
  5
356A
330
1A
100
AcDbEntity
  8
0
100
AcDbLine
 10
76.66666666666699
 20
303.333333333333
 30
0.0
 11
76.66666666666699
 21
304.6666666666663
 31
0.0
  0
LWPOLYLINE
  5
356B
330
1A
100
AcDbEntity
  8
0
100
AcDbPolyline
 90
        2
 70
     1
 43
0.5
 10
76.416666666667
 20
303.333333333333
 42
1.0
 10
76.916666666667
 20
303.333333333333
 42
1.0
  0
LWPOLYLINE
  5
356C
330
1A
100
AcDbEntity
  8
0
100
AcDbPolyline
 90
        2
 70
     1
 43
0.5
 10
76.416666666667
 20
304.6666666666663
 42
1.0
 10
76.916666666667
 20
304.6666666666663
 42
1.0
  0
LINE
  5
356D
330
1A
100
AcDbEntity
  8
0
100
AcDbLine
 10
76.66666666666699
 20
293.333333333333
 30
0.0
 11
76.66666666666699
 21
303.333333333333
 31
0.0
  0
TEXT
  5
356E
330
1A
100
AcDbEntity
  8
3
100
AcDbText
 10
75.866666666667
 20
296.0476190476187
 30
0.0
 40
3.0
  1
80
 50
90.0
  7
GHS
 72
     2
 11
75.866666666667
 21
301.333333333333
 31
0.0
100
AcDbText
  0
LINE
  5
356F
330
1A
100
AcDbEntity
  8
0
100
AcDbLine
 10
90.666666666667
 20
313.9999999999997
 30
0.0
 11
74.666666666667
 21
313.9999999999997
 31
0.0
  0
LINE
  5
3570
330
1A
100
AcDbEntity
  8
0
100
AcDbLine
 10
76.66666666666699
 20
304.6666666666663
 30
0.0
 11
76.66666666666699
 21
313.9999999999997
 31
0.0
  0
LWPOLYLINE
  5
3571
330
1A
100
AcDbEntity
  8
0
100
AcDbPolyline
 90
        2
 70
     1
 43
0.5
 10
76.416666666667
 20
313.9999999999997
 42
1.0
 10
76.916666666667
 20
313.9999999999997
 42
1.0
  0
TEXT
  5
3572
330
1A
100
AcDbEntity
  8
3
100
AcDbText
 10
75.866666666667
 20
305.0476190476187
 30
0.0
 40
3.0
  1
560
 50
90.0
  7
GHS
 72
     1
 11
75.866666666667
 21
309.333333333333
 31
0.0
100
AcDbText
  0
LINE
  5
3573
330
1A
100
AcDbEntity
  8
0
100
AcDbLine
 10
90.666666666667
 20
316.9999999999997
 30
0.0
 11
74.666666666667
 21
316.9999999999997
 31
0.0
  0
LINE
  5
3574
330
1A
100
AcDbEntity
  8
0
100
AcDbLine
 10
76.66666666666699
 20
313.9999999999997
 30
0.0
 11
76.66666666666699
 21
316.9999999999997
 31
0.0
  0
LWPOLYLINE
  5
3575
330
1A
100
AcDbEntity
  8
0
100
AcDbPolyline
 90
        2
 70
     1
 43
0.5
 10
76.416666666667
 20
316.9999999999997
 42
1.0
 10
76.916666666667
 20
316.9999999999997
 42
1.0
  0
TEXT
  5
3576
330
1A
100
AcDbEntity
  8
3
100
AcDbText
 10
80.86666666666699
 20
310.9999999999997
 30
0.0
 40
3.0
  1
180
 50
90.0
  7
GHS
 72
     1
 11
80.86666666666699
 21
315.4999999999997
 31
0.0
100
AcDbText
  0
LINE
  5
3577
330
1A
100
AcDbEntity
  8
0
100
AcDbLine
 10
90.666666666667
 20
430.3333333333332
 30
0.0
 11
74.666666666667
 21
430.3333333333332
 31
0.0
  0
LINE
  5
3578
330
1A
100
AcDbEntity
  8
0
100
AcDbLine
 10
76.66666666666699
 20
316.9999999999997
 30
0.0
 11
76.66666666666699
 21
430.3333333333332
 31
0.0
  0
LWPOLYLINE
  5
3579
330
1A
100
AcDbEntity
  8
0
100
AcDbPolyline
 90
        2
 70
     1
 43
0.5
 10
76.416666666667
 20
430.3333333333332
 42
1.0
 10
76.916666666667
 20
430.3333333333332
 42
1.0
  0
TEXT
  5
357A
330
1A
100
AcDbEntity
  8
3
100
AcDbText
 10
75.866666666667
 20
357.0238095238093
 30
0.0
 40
3.0
  1
34@200=6800
 50
90.0
  7
GHS
 72
     1
 11
75.866666666667
 21
373.6666666666665
 31
0.0
100
AcDbText
  0
LINE
  5
357B
330
1A
100
AcDbEntity
  8
0
100
AcDbLine
 10
90.666666666667
 20
435.3333333333332
 30
0.0
 11
74.666666666667
 21
435.3333333333332
 31
0.0
  0
LINE
  5
357C
330
1A
100
AcDbEntity
  8
0
100
AcDbLine
 10
76.66666666666699
 20
430.3333333333332
 30
0.0
 11
76.66666666666699
 21
435.3333333333332
 31
0.0
  0
LWPOLYLINE
  5
357D
330
1A
100
AcDbEntity
  8
0
100
AcDbPolyline
 90
        2
 70
     1
 43
0.5
 10
76.416666666667
 20
435.3333333333332
 42
1.0
 10
76.916666666667
 20
435.3333333333332
 42
1.0
  0
TEXT
  5
357E
330
1A
100
AcDbEntity
  8
3
100
AcDbText
 10
80.86666666666699
 20
428.5476190476189
 30
0.0
 40
3.0
  1
300
 50
90.0
  7
GHS
 72
     1
 11
80.86666666666699
 21
432.8333333333332
 31
0.0
100
AcDbText
  0
LINE
  5
357F
330
1A
100
AcDbEntity
  8
0
100
AcDbLine
 10
90.666666666667
 20
436.6666666666666
 30
0.0
 11
74.666666666667
 21
436.6666666666666
 31
0.0
  0
LINE
  5
3580
330
1A
100
AcDbEntity
  8
0
100
AcDbLine
 10
76.66666666666699
 20
435.3333333333332
 30
0.0
 11
76.66666666666699
 21
436.6666666666666
 31
0.0
  0
LWPOLYLINE
  5
3581
330
1A
100
AcDbEntity
  8
0
100
AcDbPolyline
 90
        2
 70
     1
 43
0.5
 10
76.416666666667
 20
436.6666666666666
 42
1.0
 10
76.916666666667
 20
436.6666666666666
 42
1.0
  0
LINE
  5
3582
330
1A
100
AcDbEntity
  8
0
100
AcDbLine
 10
76.66666666666699
 20
436.6666666666666
 30
0.0
 11
76.66666666666699
 21
446.6666666666665
 31
0.0
  0
TEXT
  5
3583
330
1A
100
AcDbEntity
  8
3
100
AcDbText
 10
75.866666666667
 20
438.2666666666666
 30
0.0
 40
3.0
  1
80
 50
90.0
  7
GHS
100
AcDbText
  0
LINE
  5
3584
330
1A
100
AcDbEntity
  8
0
100
AcDbLine
 10
74.666666666667
 20
303.333333333333
 30
0.0
 11
64.666666666667
 21
303.333333333333
 31
0.0
  0
LINE
  5
3585
330
1A
100
AcDbEntity
  8
0
100
AcDbLine
 10
74.666666666667
 20
314.9999999999997
 30
0.0
 11
64.666666666667
 21
314.9999999999997
 31
0.0
  0
LINE
  5
3586
330
1A
100
AcDbEntity
  8
0
100
AcDbLine
 10
66.66666666666699
 20
303.333333333333
 30
0.0
 11
66.66666666666699
 21
314.9999999999997
 31
0.0
  0
LWPOLYLINE
  5
3587
330
1A
100
AcDbEntity
  8
0
100
AcDbPolyline
 90
        2
 70
     1
 43
0.5
 10
66.416666666667
 20
303.333333333333
 42
1.0
 10
66.916666666667
 20
303.333333333333
 42
1.0
  0
LWPOLYLINE
  5
3588
330
1A
100
AcDbEntity
  8
0
100
AcDbPolyline
 90
        2
 70
     1
 43
0.5
 10
66.416666666667
 20
314.9999999999997
 42
1.0
 10
66.916666666667
 20
314.9999999999997
 42
1.0
  0
TEXT
  5
3589
330
1A
100
AcDbEntity
  8
3
100
AcDbText
 10
65.866666666667
 20
304.880952380952
 30
0.0
 40
3.0
  1
700
 50
90.0
  7
GHS
 72
     1
 11
65.866666666667
 21
309.1666666666663
 31
0.0
100
AcDbText
  0
LINE
  5
358A
330
1A
100
AcDbEntity
  8
0
100
AcDbLine
 10
74.666666666667
 20
318.333333333333
 30
0.0
 11
64.666666666667
 21
318.333333333333
 31
0.0
  0
LINE
  5
358B
330
1A
100
AcDbEntity
  8
0
100
AcDbLine
 10
66.66666666666699
 20
314.9999999999997
 30
0.0
 11
66.66666666666699
 21
318.333333333333
 31
0.0
  0
LWPOLYLINE
  5
358C
330
1A
100
AcDbEntity
  8
0
100
AcDbPolyline
 90
        2
 70
     1
 43
0.5
 10
66.416666666667
 20
318.333333333333
 42
1.0
 10
66.916666666667
 20
318.333333333333
 42
1.0
  0
TEXT
  5
358D
330
1A
100
AcDbEntity
  8
3
100
AcDbText
 10
70.866666666667
 20
312.3809523809521
 30
0.0
 40
3.0
  1
200
 50
90.0
  7
GHS
 72
     1
 11
70.866666666667
 21
316.6666666666663
 31
0.0
100
AcDbText
  0
LINE
  5
358E
330
1A
100
AcDbEntity
  8
0
100
AcDbLine
 10
74.666666666667
 20
436.6666666666666
 30
0.0
 11
64.666666666667
 21
436.6666666666666
 31
0.0
  0
LINE
  5
358F
330
1A
100
AcDbEntity
  8
0
100
AcDbLine
 10
66.66666666666699
 20
318.333333333333
 30
0.0
 11
66.66666666666699
 21
436.6666666666666
 31
0.0
  0
LWPOLYLINE
  5
3590
330
1A
100
AcDbEntity
  8
0
100
AcDbPolyline
 90
        2
 70
     1
 43
0.5
 10
66.416666666667
 20
436.6666666666666
 42
1.0
 10
66.916666666667
 20
436.6666666666666
 42
1.0
  0
TEXT
  5
3591
330
1A
100
AcDbEntity
  8
3
100
AcDbText
 10
65.866666666667
 20
371.7857142857141
 30
0.0
 40
3.0
  1
7100
 50
90.0
  7
GHS
 72
     1
 11
65.866666666667
 21
377.4999999999998
 31
0.0
100
AcDbText
  0
LINE
  5
3592
330
1A
100
AcDbEntity
  8
0
100
AcDbLine
 10
64.666666666667
 20
303.333333333333
 30
0.0
 11
54.666666666667
 21
303.333333333333
 31
0.0
  0
LINE
  5
3593
330
1A
100
AcDbEntity
  8
0
100
AcDbLine
 10
64.666666666667
 20
436.6666666666666
 30
0.0
 11
54.666666666667
 21
436.6666666666666
 31
0.0
  0
LINE
  5
3594
330
1A
100
AcDbEntity
  8
0
100
AcDbLine
 10
56.66666666666699
 20
303.333333333333
 30
0.0
 11
56.66666666666699
 21
436.6666666666666
 31
0.0
  0
LWPOLYLINE
  5
3595
330
1A
100
AcDbEntity
  8
0
100
AcDbPolyline
 90
        2
 70
     1
 43
0.5
 10
56.416666666667
 20
303.333333333333
 42
1.0
 10
56.916666666667
 20
303.333333333333
 42
1.0
  0
LWPOLYLINE
  5
3596
330
1A
100
AcDbEntity
  8
0
100
AcDbPolyline
 90
        2
 70
     1
 43
0.5
 10
56.416666666667
 20
436.6666666666666
 42
1.0
 10
56.916666666667
 20
436.6666666666666
 42
1.0
  0
TEXT
  5
3597
330
1A
100
AcDbEntity
  8
3
100
AcDbText
 10
55.866666666667
 20
364.2857142857141
 30
0.0
 40
3.0
  1
8000
 50
90.0
  7
GHS
 72
     1
 11
55.866666666667
 21
369.9999999999998
 31
0.0
100
AcDbText
  0
LINE
  5
3598
330
1A
100
AcDbEntity
  8
0
100
AcDbLine
 10
209.3333333333338
 20
303.333333333333
 30
0.0
 11
225.3333333333338
 21
303.333333333333
 31
0.0
  0
LINE
  5
3599
330
1A
100
AcDbEntity
  8
0
100
AcDbLine
 10
209.3333333333338
 20
304.6666666666663
 30
0.0
 11
225.3333333333338
 21
304.6666666666663
 31
0.0
  0
LINE
  5
359A
330
1A
100
AcDbEntity
  8
0
100
AcDbLine
 10
223.3333333333338
 20
303.333333333333
 30
0.0
 11
223.3333333333338
 21
304.6666666666663
 31
0.0
  0
LWPOLYLINE
  5
359B
330
1A
100
AcDbEntity
  8
0
100
AcDbPolyline
 90
        2
 70
     1
 43
0.5
 10
223.0833333333338
 20
303.333333333333
 42
1.0
 10
223.5833333333338
 20
303.333333333333
 42
1.0
  0
LWPOLYLINE
  5
359C
330
1A
100
AcDbEntity
  8
0
100
AcDbPolyline
 90
        2
 70
     1
 43
0.5
 10
223.0833333333338
 20
304.6666666666663
 42
1.0
 10
223.5833333333338
 20
304.6666666666663
 42
1.0
  0
LINE
  5
359D
330
1A
100
AcDbEntity
  8
0
100
AcDbLine
 10
223.3333333333338
 20
293.333333333333
 30
0.0
 11
223.3333333333338
 21
303.333333333333
 31
0.0
  0
TEXT
  5
359E
330
1A
100
AcDbEntity
  8
3
100
AcDbText
 10
222.5333333333338
 20
296.0476190476187
 30
0.0
 40
3.0
  1
80
 50
90.0
  7
GHS
 72
     2
 11
222.5333333333338
 21
301.333333333333
 31
0.0
100
AcDbText
  0
LINE
  5
359F
330
1A
100
AcDbEntity
  8
0
100
AcDbLine
 10
209.3333333333338
 20
313.7428571428568
 30
0.0
 11
225.3333333333338
 21
313.7428571428568
 31
0.0
  0
LINE
  5
35A0
330
1A
100
AcDbEntity
  8
0
100
AcDbLine
 10
223.3333333333338
 20
304.6666666666663
 30
0.0
 11
223.3333333333338
 21
313.7428571428568
 31
0.0
  0
LWPOLYLINE
  5
35A1
330
1A
100
AcDbEntity
  8
0
100
AcDbPolyline
 90
        2
 70
     1
 43
0.5
 10
223.0833333333338
 20
313.7428571428568
 42
1.0
 10
223.5833333333338
 20
313.7428571428568
 42
1.0
  0
TEXT
  5
35A2
330
1A
100
AcDbEntity
  8
3
100
AcDbText
 10
227.5333333333338
 20
304.9190476190473
 30
0.0
 40
3.0
  1
540
 50
90.0
  7
GHS
 72
     1
 11
227.5333333333338
 21
309.2047619047615
 31
0.0
100
AcDbText
  0
LINE
  5
35A3
330
1A
100
AcDbEntity
  8
0
100
AcDbLine
 10
209.3333333333338
 20
314.9999999999997
 30
0.0
 11
225.3333333333338
 21
314.9999999999997
 31
0.0
  0
LINE
  5
35A4
330
1A
100
AcDbEntity
  8
0
100
AcDbLine
 10
223.3333333333338
 20
313.7428571428568
 30
0.0
 11
223.3333333333338
 21
314.9999999999997
 31
0.0
  0
LWPOLYLINE
  5
35A5
330
1A
100
AcDbEntity
  8
0
100
AcDbPolyline
 90
        2
 70
     1
 43
0.5
 10
223.0833333333338
 20
314.9999999999997
 42
1.0
 10
223.5833333333338
 20
314.9999999999997
 42
1.0
  0
LINE
  5
35A6
330
1A
100
AcDbEntity
  8
0
100
AcDbLine
 10
223.3333333333338
 20
314.9999999999997
 30
0.0
 11
223.3333333333338
 21
324.9999999999996
 31
0.0
  0
TEXT
  5
35A7
330
1A
100
AcDbEntity
  8
3
100
AcDbText
 10
222.5333333333338
 20
316.5999999999997
 30
0.0
 40
3.0
  1
80
 50
90.0
  7
GHS
100
AcDbText
  0
INSERT
  5
35AD
330
1A
100
AcDbEntity
  8
2
100
AcDbBlockReference
  2
STB22
 10
64.666666666667
 20
150.0
 30
0.0
  0
LINE
  5
35AE
330
1A
100
AcDbEntity
  8
4
100
AcDbLine
 10
125.4340845070427
 20
133.3333333333333
 30
0.0
 11
125.4340845070427
 21
150.0
 31
0.0
  0
LINE
  5
35AF
330
1A
100
AcDbEntity
  8
4
100
AcDbLine
 10
129.9481690140849
 20
133.3333333333333
 30
0.0
 11
129.9481690140849
 21
150.0
 31
0.0
  0
LINE
  5
35B0
330
1A
100
AcDbEntity
  8
4
100
AcDbLine
 10
117.574643749637
 20
152.0833333333333
 30
0.0
 11
192.0000000000005
 21
152.0833333333333
 31
0.0
  0
LINE
  5
35B1
330
1A
100
AcDbEntity
  8
4
100
AcDbLine
 10
117.574643749637
 20
156.25
 30
0.0
 11
192.0000000000005
 21
156.25
 31
0.0
  0
LINE
  5
35B2
330
1A
100
AcDbEntity
  8
4
100
AcDbLine
 10
117.574643749637
 20
160.4166666666667
 30
0.0
 11
192.0000000000005
 21
160.4166666666667
 31
0.0
  0
LINE
  5
35B3
330
1A
100
AcDbEntity
  8
4
100
AcDbLine
 10
117.574643749637
 20
164.5833333333333
 30
0.0
 11
192.0000000000005
 21
164.5833333333333
 31
0.0
  0
LINE
  5
35B4
330
1A
100
AcDbEntity
  8
4
100
AcDbLine
 10
108.0000000000003
 20
154.1666666666667
 30
0.0
 11
192.0000000000005
 21
154.1666666666667
 31
0.0
  0
LINE
  5
35B5
330
1A
100
AcDbEntity
  8
4
100
AcDbLine
 10
108.0000000000003
 20
158.3333333333333
 30
0.0
 11
192.0000000000005
 21
158.3333333333333
 31
0.0
  0
LINE
  5
35B6
330
1A
100
AcDbEntity
  8
4
100
AcDbLine
 10
108.0000000000003
 20
162.5
 30
0.0
 11
192.0000000000005
 21
162.5
 31
0.0
  0
LINE
  5
35B7
330
1A
100
AcDbEntity
  8
4
100
AcDbLine
 10
108.0000000000003
 20
145.8333333333333
 30
0.0
 11
192.0000000000005
 21
145.8333333333333
 31
0.0
  0
LINE
  5
35B8
330
1A
100
AcDbEntity
  8
4
100
AcDbLine
 10
108.0000000000003
 20
141.6666666666666
 30
0.0
 11
192.0000000000005
 21
141.6666666666666
 31
0.0
  0
LINE
  5
35B9
330
1A
100
AcDbEntity
  8
4
100
AcDbLine
 10
108.0000000000003
 20
137.5
 30
0.0
 11
192.0000000000005
 21
137.5
 31
0.0
  0
LINE
  5
35BA
330
1A
100
AcDbEntity
  8
4
100
AcDbLine
 10
108.0000000000003
 20
166.6666666666667
 30
0.0
 11
108.0000000000003
 21
133.3333333333333
 31
0.0
  0
LINE
  5
35BB
330
1A
100
AcDbEntity
  8
4
100
AcDbLine
 10
120.9200000000003
 20
166.6666666666667
 30
0.0
 11
120.9200000000003
 21
133.3333333333333
 31
0.0
  0
LINE
  5
35BC
330
1A
100
AcDbEntity
  8
4
100
AcDbLine
 10
112.166666666667
 20
166.6666666666667
 30
0.0
 11
112.166666666667
 21
133.3333333333333
 31
0.0
  0
LINE
  5
35BD
330
1A
100
AcDbEntity
  8
4
100
AcDbLine
 10
116.3333333333337
 20
166.6666666666667
 30
0.0
 11
116.3333333333337
 21
133.3333333333333
 31
0.0
  0
LINE
  5
35BE
330
1A
100
AcDbEntity
  8
4
100
AcDbLine
 10
118.626666666667
 20
166.6666666666667
 30
0.0
 11
118.626666666667
 21
133.3333333333333
 31
0.0
  0
LINE
  5
35BF
330
1A
100
AcDbEntity
  8
4
100
AcDbLine
 10
192.0000000000005
 20
166.6666666666667
 30
0.0
 11
192.0000000000005
 21
133.3333333333333
 31
0.0
  0
LINE
  5
35C0
330
1A
100
AcDbEntity
  8
4
100
AcDbLine
 10
187.8333333333338
 20
166.6666666666667
 30
0.0
 11
187.8333333333338
 21
133.3333333333333
 31
0.0
  0
LINE
  5
35C1
330
1A
100
AcDbEntity
  8
4
100
AcDbLine
 10
183.6666666666672
 20
166.6666666666667
 30
0.0
 11
183.6666666666672
 21
133.3333333333333
 31
0.0
  0
LINE
  5
35C2
330
1A
100
AcDbEntity
  8
4
100
AcDbLine
 10
179.5000000000005
 20
166.6666666666667
 30
0.0
 11
179.5000000000005
 21
133.3333333333333
 31
0.0
  0
LINE
  5
35C3
330
1A
100
AcDbEntity
  8
4
100
AcDbLine
 10
175.3333333333338
 20
166.6666666666667
 30
0.0
 11
175.3333333333338
 21
133.3333333333333
 31
0.0
  0
LINE
  5
35C4
330
1A
100
AcDbEntity
  8
4
100
AcDbLine
 10
171.1666666666672
 20
166.6666666666667
 30
0.0
 11
171.1666666666672
 21
133.3333333333333
 31
0.0
  0
LINE
  5
35C5
330
1A
100
AcDbEntity
  8
4
100
AcDbLine
 10
167.0000000000005
 20
166.6666666666667
 30
0.0
 11
167.0000000000005
 21
133.3333333333333
 31
0.0
  0
LINE
  5
35C6
330
1A
100
AcDbEntity
  8
4
100
AcDbLine
 10
162.8333333333338
 20
166.6666666666667
 30
0.0
 11
162.8333333333338
 21
133.3333333333333
 31
0.0
  0
LINE
  5
35C7
330
1A
100
AcDbEntity
  8
4
100
AcDbLine
 10
158.6666666666671
 20
166.6666666666667
 30
0.0
 11
158.6666666666671
 21
133.3333333333333
 31
0.0
  0
LINE
  5
35C8
330
1A
100
AcDbEntity
  8
4
100
AcDbLine
 10
154.5000000000005
 20
166.6666666666667
 30
0.0
 11
154.5000000000005
 21
133.3333333333333
 31
0.0
  0
LINE
  5
35C9
330
1A
100
AcDbEntity
  8
4
100
AcDbLine
 10
150.3333333333338
 20
166.6666666666667
 30
0.0
 11
150.3333333333338
 21
133.3333333333333
 31
0.0
  0
LINE
  5
35CA
330
1A
100
AcDbEntity
  8
4
100
AcDbLine
 10
146.1666666666671
 20
166.6666666666667
 30
0.0
 11
146.1666666666671
 21
133.3333333333333
 31
0.0
  0
LINE
  5
35CB
330
1A
100
AcDbEntity
  8
4
100
AcDbLine
 10
142.0000000000005
 20
166.6666666666667
 30
0.0
 11
142.0000000000005
 21
133.3333333333333
 31
0.0
  0
LINE
  5
35CC
330
1A
100
AcDbEntity
  8
4
100
AcDbLine
 10
134.4622535211272
 20
150.0
 30
0.0
 11
134.4622535211272
 21
133.3333333333333
 31
0.0
  0
LINE
  5
35CD
330
1A
100
AcDbEntity
  8
4
100
AcDbLine
 10
133.666666666667
 20
166.6666666666667
 30
0.0
 11
133.666666666667
 21
150.0
 31
0.0
  0
LINE
  5
35CE
330
1A
100
AcDbEntity
  8
4
100
AcDbLine
 10
137.8333333333337
 20
166.6666666666667
 30
0.0
 11
137.8333333333337
 21
133.3333333333333
 31
0.0
  0
INSERT
  5
35D5
330
1A
100
AcDbEntity
  8
4
100
AcDbBlockReference
  2
STB7
 10
142.0000000000004
 20
150.0
 30
0.0
 41
1.666666666666669
 42
1.666666666666669
 43
1.666666666666669
  0
INSERT
  5
35D6
330
1A
100
AcDbEntity
  8
4
100
AcDbBlockReference
  2
STB7
 10
142.0000000000004
 20
158.3333333333333
 30
0.0
 41
1.666666666666669
 42
1.666666666666669
 43
1.666666666666669
  0
INSERT
  5
35D7
330
1A
100
AcDbEntity
  8
4
100
AcDbBlockReference
  2
STB7
 10
150.3333333333337
 20
154.1666666666667
 30
0.0
 41
1.666666666666669
 42
1.666666666666669
 43
1.666666666666669
  0
INSERT
  5
35D8
330
1A
100
AcDbEntity
  8
4
100
AcDbBlockReference
  2
STB7
 10
150.3333333333337
 20
162.5
 30
0.0
 41
1.666666666666669
 42
1.666666666666669
 43
1.666666666666669
  0
INSERT
  5
35D9
330
1A
100
AcDbEntity
  8
4
100
AcDbBlockReference
  2
STB7
 10
158.6666666666671
 20
150.0
 30
0.0
 41
1.666666666666669
 42
1.666666666666669
 43
1.666666666666669
  0
INSERT
  5
35DA
330
1A
100
AcDbEntity
  8
4
100
AcDbBlockReference
  2
STB7
 10
158.6666666666671
 20
158.3333333333333
 30
0.0
 41
1.666666666666669
 42
1.666666666666669
 43
1.666666666666669
  0
INSERT
  5
35DB
330
1A
100
AcDbEntity
  8
4
100
AcDbBlockReference
  2
STB7
 10
167.0000000000004
 20
154.1666666666667
 30
0.0
 41
1.666666666666669
 42
1.666666666666669
 43
1.666666666666669
  0
INSERT
  5
35DC
330
1A
100
AcDbEntity
  8
4
100
AcDbBlockReference
  2
STB7
 10
167.0000000000004
 20
162.5
 30
0.0
 41
1.666666666666669
 42
1.666666666666669
 43
1.666666666666669
  0
INSERT
  5
35DD
330
1A
100
AcDbEntity
  8
4
100
AcDbBlockReference
  2
STB7
 10
175.3333333333338
 20
150.0
 30
0.0
 41
1.666666666666669
 42
1.666666666666669
 43
1.666666666666669
  0
INSERT
  5
35DE
330
1A
100
AcDbEntity
  8
4
100
AcDbBlockReference
  2
STB7
 10
175.3333333333338
 20
158.3333333333333
 30
0.0
 41
1.666666666666669
 42
1.666666666666669
 43
1.666666666666669
  0
INSERT
  5
35DF
330
1A
100
AcDbEntity
  8
4
100
AcDbBlockReference
  2
STB7
 10
183.6666666666671
 20
154.1666666666667
 30
0.0
 41
1.666666666666669
 42
1.666666666666669
 43
1.666666666666669
  0
INSERT
  5
35E0
330
1A
100
AcDbEntity
  8
4
100
AcDbBlockReference
  2
STB7
 10
183.6666666666671
 20
162.5
 30
0.0
 41
1.666666666666669
 42
1.666666666666669
 43
1.666666666666669
  0
LINE
  5
35E1
330
1A
100
AcDbEntity
  8
0
100
AcDbLine
 10
106.666666666667
 20
166.6666666666667
 30
0.0
 11
106.666666666667
 21
133.3333333333333
 31
0.0
  0
LINE
  5
35E2
330
1A
100
AcDbEntity
  8
0
100
AcDbLine
 10
193.3333333333338
 20
166.6666666666667
 30
0.0
 11
193.3333333333338
 21
133.3333333333333
 31
0.0
  0
LWPOLYLINE
  5
35E3
330
1A
100
AcDbEntity
  8
1
100
AcDbPolyline
 90
        2
 70
     1
 43
0.45
 10
133.891666666667
 20
151.6333333333333
 42
1.0
 10
134.341666666667
 20
151.6333333333333
 42
1.0
  0
LWPOLYLINE
  5
35E4
330
1A
100
AcDbEntity
  8
1
100
AcDbPolyline
 90
        2
 70
     1
 43
0.45
 10
133.891666666667
 20
153.7166666666667
 42
1.0
 10
134.341666666667
 20
153.7166666666667
 42
1.0
  0
LWPOLYLINE
  5
35E5
330
1A
100
AcDbEntity
  8
1
100
AcDbPolyline
 90
        2
 70
     1
 43
0.45
 10
121.391666666667
 20
153.7166666666667
 42
1.0
 10
121.841666666667
 20
153.7166666666667
 42
1.0
  0
LWPOLYLINE
  5
35E6
330
1A
100
AcDbEntity
  8
1
100
AcDbPolyline
 90
        2
 70
     1
 43
0.45
 10
133.891666666667
 20
155.8
 42
1.0
 10
134.341666666667
 20
155.8
 42
1.0
  0
LWPOLYLINE
  5
35E7
330
1A
100
AcDbEntity
  8
1
100
AcDbPolyline
 90
        2
 70
     1
 43
0.45
 10
133.891666666667
 20
157.8833333333333
 42
1.0
 10
134.341666666667
 20
157.8833333333333
 42
1.0
  0
LWPOLYLINE
  5
35E8
330
1A
100
AcDbEntity
  8
1
100
AcDbPolyline
 90
        2
 70
     1
 43
0.45
 10
121.391666666667
 20
157.8833333333333
 42
1.0
 10
121.841666666667
 20
157.8833333333333
 42
1.0
  0
LWPOLYLINE
  5
35E9
330
1A
100
AcDbEntity
  8
1
100
AcDbPolyline
 90
        2
 70
     1
 43
0.45
 10
133.891666666667
 20
159.9666666666667
 42
1.0
 10
134.341666666667
 20
159.9666666666667
 42
1.0
  0
LWPOLYLINE
  5
35EA
330
1A
100
AcDbEntity
  8
1
100
AcDbPolyline
 90
        2
 70
     1
 43
0.45
 10
133.891666666667
 20
162.05
 42
1.0
 10
134.341666666667
 20
162.05
 42
1.0
  0
LWPOLYLINE
  5
35EB
330
1A
100
AcDbEntity
  8
1
100
AcDbPolyline
 90
        2
 70
     1
 43
0.45
 10
121.391666666667
 20
162.05
 42
1.0
 10
121.841666666667
 20
162.05
 42
1.0
  0
LWPOLYLINE
  5
35EC
330
1A
100
AcDbEntity
  8
1
100
AcDbPolyline
 90
        2
 70
     1
 43
0.45
 10
133.891666666667
 20
164.1333333333333
 42
1.0
 10
134.341666666667
 20
164.1333333333333
 42
1.0
  0
LWPOLYLINE
  5
35ED
330
1A
100
AcDbEntity
  8
1
100
AcDbPolyline
 90
        2
 70
     1
 43
0.45
 10
133.891666666667
 20
166.2166666666667
 42
1.0
 10
134.341666666667
 20
166.2166666666667
 42
1.0
  0
LWPOLYLINE
  5
35EE
330
1A
100
AcDbEntity
  8
1
100
AcDbPolyline
 90
        2
 70
     1
 43
0.45
 10
121.391666666667
 20
166.2166666666667
 42
1.0
 10
121.841666666667
 20
166.2166666666667
 42
1.0
  0
LINE
  5
35EF
330
1A
100
AcDbEntity
  8
1
100
AcDbLine
 10
104.166666666667
 20
166.6666666666667
 30
0.0
 11
149.0000000000004
 21
166.6666666666667
 31
0.0
  0
LINE
  5
35F0
330
1A
100
AcDbEntity
  8
1
100
AcDbLine
 10
149.0000000000004
 20
166.6666666666667
 30
0.0
 11
151.3000000000004
 21
170.0666666666667
 31
0.0
  0
LINE
  5
35F1
330
1A
100
AcDbEntity
  8
1
100
AcDbLine
 10
151.3000000000004
 20
170.0666666666667
 30
0.0
 11
148.7000000000004
 21
163.2666666666667
 31
0.0
  0
LINE
  5
35F2
330
1A
100
AcDbEntity
  8
1
100
AcDbLine
 10
148.7000000000004
 20
163.2666666666667
 30
0.0
 11
151.0000000000004
 21
166.6666666666667
 31
0.0
  0
LINE
  5
35F3
330
1A
100
AcDbEntity
  8
1
100
AcDbLine
 10
151.0000000000004
 20
166.6666666666667
 30
0.0
 11
195.8333333333338
 21
166.6666666666667
 31
0.0
  0
LINE
  5
35F4
330
1A
100
AcDbEntity
  8
1
100
AcDbLine
 10
104.166666666667
 20
133.3333333333333
 30
0.0
 11
149.0000000000004
 21
133.3333333333333
 31
0.0
  0
LINE
  5
35F5
330
1A
100
AcDbEntity
  8
1
100
AcDbLine
 10
149.0000000000004
 20
133.3333333333333
 30
0.0
 11
151.3000000000004
 21
136.7333333333333
 31
0.0
  0
LINE
  5
35F6
330
1A
100
AcDbEntity
  8
1
100
AcDbLine
 10
151.3000000000004
 20
136.7333333333333
 30
0.0
 11
148.7000000000004
 21
129.9333333333333
 31
0.0
  0
LINE
  5
35F7
330
1A
100
AcDbEntity
  8
1
100
AcDbLine
 10
148.7000000000004
 20
129.9333333333333
 30
0.0
 11
151.0000000000004
 21
133.3333333333333
 31
0.0
  0
LINE
  5
35F8
330
1A
100
AcDbEntity
  8
1
100
AcDbLine
 10
151.0000000000004
 20
133.3333333333333
 30
0.0
 11
195.8333333333338
 21
133.3333333333333
 31
0.0
  0
LINE
  5
35F9
330
1A
100
AcDbEntity
  8
1
100
AcDbLine
 10
73.666666666667
 20
150.0
 30
0.0
 11
106.666666666667
 21
150.0
 31
0.0
  0
LINE
  5
35FA
330
1A
100
AcDbEntity
  8
C
100
AcDbLine
 10
106.666666666667
 20
150.0
 30
0.0
 11
195.8333333333338
 21
150.0
 31
0.0
  0
LINE
  5
35FB
330
1A
100
AcDbEntity
  8
0
100
AcDbLine
 10
78.666666666667
 20
166.6666666666667
 30
0.0
 11
78.666666666667
 21
133.3333333333333
 31
0.0
  0
LINE
  5
35FC
330
1A
100
AcDbEntity
  8
0
100
AcDbLine
 10
92.66666666666699
 20
166.6666666666667
 30
0.0
 11
76.66666666666699
 21
166.6666666666667
 31
0.0
  0
LINE
  5
35FD
330
1A
100
AcDbEntity
  8
0
100
AcDbLine
 10
92.66666666666699
 20
133.3333333333333
 30
0.0
 11
76.66666666666699
 21
133.3333333333333
 31
0.0
  0
LWPOLYLINE
  5
35FE
330
1A
100
AcDbEntity
  8
0
100
AcDbPolyline
 90
        2
 70
     1
 43
0.5
 10
78.416666666667
 20
166.6666666666667
 42
1.0
 10
78.916666666667
 20
166.6666666666667
 42
1.0
  0
LWPOLYLINE
  5
35FF
330
1A
100
AcDbEntity
  8
0
100
AcDbPolyline
 90
        2
 70
     1
 43
0.5
 10
78.416666666667
 20
133.3333333333333
 42
1.0
 10
78.916666666667
 20
133.3333333333333
 42
1.0
  0
LWPOLYLINE
  5
3600
330
1A
100
AcDbEntity
  8
0
100
AcDbPolyline
 90
        2
 70
     1
 43
0.5
 10
78.416666666667
 20
150.0
 42
1.0
 10
78.916666666667
 20
150.0
 42
1.0
  0
TEXT
  5
3601
330
1A
100
AcDbEntity
  8
3
100
AcDbText
 10
77.46666666666699
 20
152.1190476190476
 30
0.0
 40
3.0
  1
@125
 50
90.0
  7
GHS
 72
     1
 11
77.46666666666699
 21
158.3333333333333
 31
0.0
100
AcDbText
  0
TEXT
  5
3602
330
1A
100
AcDbEntity
  8
3
100
AcDbText
 10
77.46666666666699
 20
135.4523809523809
 30
0.0
 40
3.0
  1
@250
 50
90.0
  7
GHS
 72
     1
 11
77.46666666666699
 21
141.6666666666666
 31
0.0
100
AcDbText
  0
LINE
  5
3603
330
1A
100
AcDbEntity
  8
0
100
AcDbLine
 10
106.666666666667
 20
182.6666666666667
 30
0.0
 11
106.666666666667
 21
198.6666666666667
 31
0.0
  0
LINE
  5
3604
330
1A
100
AcDbEntity
  8
0
100
AcDbLine
 10
108.0000000000003
 20
182.6666666666667
 30
0.0
 11
108.0000000000003
 21
198.6666666666667
 31
0.0
  0
LINE
  5
3605
330
1A
100
AcDbEntity
  8
0
100
AcDbLine
 10
106.666666666667
 20
196.6666666666667
 30
0.0
 11
108.0000000000003
 21
196.6666666666667
 31
0.0
  0
LWPOLYLINE
  5
3606
330
1A
100
AcDbEntity
  8
0
100
AcDbPolyline
 90
        2
 70
     1
 43
0.5
 10
106.416666666667
 20
196.6666666666667
 42
1.0
 10
106.916666666667
 20
196.6666666666667
 42
1.0
  0
LWPOLYLINE
  5
3607
330
1A
100
AcDbEntity
  8
0
100
AcDbPolyline
 90
        2
 70
     1
 43
0.5
 10
107.7500000000003
 20
196.6666666666667
 42
1.0
 10
108.2500000000003
 20
196.6666666666667
 42
1.0
  0
LINE
  5
3608
330
1A
100
AcDbEntity
  8
0
100
AcDbLine
 10
96.66666666666699
 20
196.6666666666667
 30
0.0
 11
106.666666666667
 21
196.6666666666667
 31
0.0
  0
TEXT
  5
3609
330
1A
100
AcDbEntity
  8
3
100
AcDbText
 10
99.38095238095272
 20
197.4666666666667
 30
0.0
 40
3.0
  1
80
  7
GHS
 72
     2
 11
104.666666666667
 21
197.4666666666667
 31
0.0
100
AcDbText
  0
LINE
  5
360A
330
1A
100
AcDbEntity
  8
0
100
AcDbLine
 10
116.3333333333337
 20
182.6666666666667
 30
0.0
 11
116.3333333333337
 21
198.6666666666667
 31
0.0
  0
LINE
  5
360B
330
1A
100
AcDbEntity
  8
0
100
AcDbLine
 10
108.0000000000003
 20
196.6666666666667
 30
0.0
 11
116.3333333333337
 21
196.6666666666667
 31
0.0
  0
LWPOLYLINE
  5
360C
330
1A
100
AcDbEntity
  8
0
100
AcDbPolyline
 90
        2
 70
     1
 43
0.5
 10
116.0833333333337
 20
196.6666666666667
 42
1.0
 10
116.5833333333337
 20
196.6666666666667
 42
1.0
  0
TEXT
  5
360D
330
1A
100
AcDbEntity
  8
3
100
AcDbText
 10
107.8809523809527
 20
197.4666666666667
 30
0.0
 40
3.0
  1
500
  7
GHS
 72
     1
 11
112.166666666667
 21
197.4666666666667
 31
0.0
100
AcDbText
  0
LINE
  5
360E
330
1A
100
AcDbEntity
  8
0
100
AcDbLine
 10
121.166666666667
 20
182.6666666666667
 30
0.0
 11
121.166666666667
 21
198.6666666666667
 31
0.0
  0
LINE
  5
360F
330
1A
100
AcDbEntity
  8
0
100
AcDbLine
 10
116.3333333333337
 20
196.6666666666667
 30
0.0
 11
121.166666666667
 21
196.6666666666667
 31
0.0
  0
LWPOLYLINE
  5
3610
330
1A
100
AcDbEntity
  8
0
100
AcDbPolyline
 90
        2
 70
     1
 43
0.5
 10
120.916666666667
 20
196.6666666666667
 42
1.0
 10
121.416666666667
 20
196.6666666666667
 42
1.0
  0
TEXT
  5
3611
330
1A
100
AcDbEntity
  8
3
100
AcDbText
 10
114.464285714286
 20
192.4666666666667
 30
0.0
 40
3.0
  1
290
  7
GHS
 72
     1
 11
118.7500000000003
 21
192.4666666666667
 31
0.0
100
AcDbText
  0
LINE
  5
3612
330
1A
100
AcDbEntity
  8
0
100
AcDbLine
 10
133.666666666667
 20
182.6666666666667
 30
0.0
 11
133.666666666667
 21
198.6666666666667
 31
0.0
  0
LINE
  5
3613
330
1A
100
AcDbEntity
  8
0
100
AcDbLine
 10
121.166666666667
 20
196.6666666666667
 30
0.0
 11
133.666666666667
 21
196.6666666666667
 31
0.0
  0
LWPOLYLINE
  5
3614
330
1A
100
AcDbEntity
  8
0
100
AcDbPolyline
 90
        2
 70
     1
 43
0.5
 10
133.416666666667
 20
196.6666666666667
 42
1.0
 10
133.916666666667
 20
196.6666666666667
 42
1.0
  0
TEXT
  5
3615
330
1A
100
AcDbEntity
  8
3
100
AcDbText
 10
123.1309523809527
 20
197.4666666666667
 30
0.0
 40
3.0
  1
750
  7
GHS
 72
     1
 11
127.416666666667
 21
197.4666666666667
 31
0.0
100
AcDbText
  0
LINE
  5
3616
330
1A
100
AcDbEntity
  8
0
100
AcDbLine
 10
137.8333333333337
 20
182.6666666666667
 30
0.0
 11
137.8333333333337
 21
198.6666666666667
 31
0.0
  0
LINE
  5
3617
330
1A
100
AcDbEntity
  8
0
100
AcDbLine
 10
133.666666666667
 20
196.6666666666667
 30
0.0
 11
137.8333333333337
 21
196.6666666666667
 31
0.0
  0
LWPOLYLINE
  5
3618
330
1A
100
AcDbEntity
  8
0
100
AcDbPolyline
 90
        2
 70
     1
 43
0.5
 10
137.5833333333337
 20
196.6666666666667
 42
1.0
 10
138.0833333333337
 20
196.6666666666667
 42
1.0
  0
TEXT
  5
3619
330
1A
100
AcDbEntity
  8
3
100
AcDbText
 10
131.4642857142861
 20
192.4666666666667
 30
0.0
 40
3.0
  1
250
  7
GHS
 72
     1
 11
135.7500000000004
 21
192.4666666666667
 31
0.0
100
AcDbText
  0
LINE
  5
361A
330
1A
100
AcDbEntity
  8
0
100
AcDbLine
 10
192.0000000000005
 20
182.6666666666667
 30
0.0
 11
192.0000000000005
 21
198.6666666666667
 31
0.0
  0
LINE
  5
361B
330
1A
100
AcDbEntity
  8
0
100
AcDbLine
 10
137.8333333333337
 20
196.6666666666667
 30
0.0
 11
192.0000000000005
 21
196.6666666666667
 31
0.0
  0
LWPOLYLINE
  5
361C
330
1A
100
AcDbEntity
  8
0
100
AcDbPolyline
 90
        2
 70
     1
 43
0.5
 10
191.7500000000005
 20
196.6666666666667
 42
1.0
 10
192.2500000000005
 20
196.6666666666667
 42
1.0
  0
TEXT
  5
361D
330
1A
100
AcDbEntity
  8
3
100
AcDbText
 10
148.0595238095243
 20
197.4666666666667
 30
0.0
 40
3.0
  1
13@250=3250
  7
GHS
 72
     1
 11
164.9166666666671
 21
197.4666666666667
 31
0.0
100
AcDbText
  0
LINE
  5
361E
330
1A
100
AcDbEntity
  8
0
100
AcDbLine
 10
193.3333333333338
 20
182.6666666666667
 30
0.0
 11
193.3333333333338
 21
198.6666666666667
 31
0.0
  0
LINE
  5
361F
330
1A
100
AcDbEntity
  8
0
100
AcDbLine
 10
192.0000000000005
 20
196.6666666666667
 30
0.0
 11
193.3333333333338
 21
196.6666666666667
 31
0.0
  0
LWPOLYLINE
  5
3620
330
1A
100
AcDbEntity
  8
0
100
AcDbPolyline
 90
        2
 70
     1
 43
0.5
 10
193.0833333333338
 20
196.6666666666667
 42
1.0
 10
193.5833333333338
 20
196.6666666666667
 42
1.0
  0
LINE
  5
3621
330
1A
100
AcDbEntity
  8
0
100
AcDbLine
 10
193.3333333333338
 20
196.6666666666667
 30
0.0
 11
203.3333333333338
 21
196.6666666666667
 31
0.0
  0
TEXT
  5
3622
330
1A
100
AcDbEntity
  8
3
100
AcDbText
 10
194.9333333333338
 20
197.4666666666667
 30
0.0
 40
3.0
  1
80
  7
GHS
100
AcDbText
  0
LINE
  5
3623
330
1A
100
AcDbEntity
  8
0
100
AcDbLine
 10
106.666666666667
 20
117.3333333333333
 30
0.0
 11
106.666666666667
 21
101.3333333333333
 31
0.0
  0
LINE
  5
3624
330
1A
100
AcDbEntity
  8
0
100
AcDbLine
 10
108.0000000000003
 20
117.3333333333333
 30
0.0
 11
108.0000000000003
 21
101.3333333333333
 31
0.0
  0
LINE
  5
3625
330
1A
100
AcDbEntity
  8
0
100
AcDbLine
 10
106.666666666667
 20
103.3333333333332
 30
0.0
 11
108.0000000000003
 21
103.3333333333332
 31
0.0
  0
LWPOLYLINE
  5
3626
330
1A
100
AcDbEntity
  8
0
100
AcDbPolyline
 90
        2
 70
     1
 43
0.5
 10
106.416666666667
 20
103.3333333333332
 42
1.0
 10
106.916666666667
 20
103.3333333333332
 42
1.0
  0
LWPOLYLINE
  5
3627
330
1A
100
AcDbEntity
  8
0
100
AcDbPolyline
 90
        2
 70
     1
 43
0.5
 10
107.7500000000003
 20
103.3333333333332
 42
1.0
 10
108.2500000000003
 20
103.3333333333332
 42
1.0
  0
LINE
  5
3628
330
1A
100
AcDbEntity
  8
0
100
AcDbLine
 10
96.66666666666699
 20
103.3333333333332
 30
0.0
 11
106.666666666667
 21
103.3333333333332
 31
0.0
  0
TEXT
  5
3629
330
1A
100
AcDbEntity
  8
3
100
AcDbText
 10
99.38095238095272
 20
104.1333333333332
 30
0.0
 40
3.0
  1
80
  7
GHS
 72
     2
 11
104.666666666667
 21
104.1333333333332
 31
0.0
100
AcDbText
  0
LINE
  5
362A
330
1A
100
AcDbEntity
  8
0
100
AcDbLine
 10
116.3333333333337
 20
117.3333333333333
 30
0.0
 11
116.3333333333337
 21
101.3333333333333
 31
0.0
  0
LINE
  5
362B
330
1A
100
AcDbEntity
  8
0
100
AcDbLine
 10
108.0000000000003
 20
103.3333333333332
 30
0.0
 11
116.3333333333337
 21
103.3333333333332
 31
0.0
  0
LWPOLYLINE
  5
362C
330
1A
100
AcDbEntity
  8
0
100
AcDbPolyline
 90
        2
 70
     1
 43
0.5
 10
116.0833333333337
 20
103.3333333333332
 42
1.0
 10
116.5833333333337
 20
103.3333333333332
 42
1.0
  0
TEXT
  5
362D
330
1A
100
AcDbEntity
  8
3
100
AcDbText
 10
107.8809523809527
 20
104.1333333333332
 30
0.0
 40
3.0
  1
500
  7
GHS
 72
     1
 11
112.166666666667
 21
104.1333333333332
 31
0.0
100
AcDbText
  0
LINE
  5
362E
330
1A
100
AcDbEntity
  8
0
100
AcDbLine
 10
120.9200000000003
 20
117.3333333333333
 30
0.0
 11
120.9200000000003
 21
101.3333333333333
 31
0.0
  0
LINE
  5
362F
330
1A
100
AcDbEntity
  8
0
100
AcDbLine
 10
116.3333333333337
 20
103.3333333333332
 30
0.0
 11
120.9200000000003
 21
103.3333333333332
 31
0.0
  0
LWPOLYLINE
  5
3630
330
1A
100
AcDbEntity
  8
0
100
AcDbPolyline
 90
        2
 70
     1
 43
0.5
 10
120.6700000000003
 20
103.3333333333332
 42
1.0
 10
121.1700000000003
 20
103.3333333333332
 42
1.0
  0
TEXT
  5
3631
330
1A
100
AcDbEntity
  8
3
100
AcDbText
 10
114.3409523809527
 20
99.13333333333328
 30
0.0
 40
3.0
  1
275
  7
GHS
 72
     1
 11
118.626666666667
 21
99.13333333333328
 31
0.0
100
AcDbText
  0
LINE
  5
3632
330
1A
100
AcDbEntity
  8
0
100
AcDbLine
 10
134.4622535211272
 20
117.3333333333333
 30
0.0
 11
134.4622535211272
 21
101.3333333333333
 31
0.0
  0
LINE
  5
3633
330
1A
100
AcDbEntity
  8
0
100
AcDbLine
 10
120.9200000000003
 20
103.3333333333332
 30
0.0
 11
134.4622535211272
 21
103.3333333333332
 31
0.0
  0
LWPOLYLINE
  5
3634
330
1A
100
AcDbEntity
  8
0
100
AcDbPolyline
 90
        2
 70
     1
 43
0.5
 10
134.2122535211272
 20
103.3333333333332
 42
1.0
 10
134.7122535211272
 20
103.3333333333332
 42
1.0
  0
TEXT
  5
3635
330
1A
100
AcDbEntity
  8
3
100
AcDbText
 10
123.4054124748495
 20
104.1333333333332
 30
0.0
 40
3.0
  1
813
  7
GHS
 72
     1
 11
127.6911267605638
 21
104.1333333333332
 31
0.0
100
AcDbText
  0
LINE
  5
3636
330
1A
100
AcDbEntity
  8
0
100
AcDbLine
 10
137.8333333333337
 20
117.3333333333333
 30
0.0
 11
137.8333333333337
 21
101.3333333333333
 31
0.0
  0
LINE
  5
3637
330
1A
100
AcDbEntity
  8
0
100
AcDbLine
 10
134.4622535211272
 20
103.3333333333332
 30
0.0
 11
137.8333333333337
 21
103.3333333333332
 31
0.0
  0
LWPOLYLINE
  5
3638
330
1A
100
AcDbEntity
  8
0
100
AcDbPolyline
 90
        2
 70
     1
 43
0.5
 10
137.5833333333337
 20
103.3333333333332
 42
1.0
 10
138.0833333333337
 20
103.3333333333332
 42
1.0
  0
TEXT
  5
3639
330
1A
100
AcDbEntity
  8
3
100
AcDbText
 10
131.8620791415162
 20
99.13333333333328
 30
0.0
 40
3.0
  1
202
  7
GHS
 72
     1
 11
136.1477934272305
 21
99.13333333333328
 31
0.0
100
AcDbText
  0
LINE
  5
363A
330
1A
100
AcDbEntity
  8
0
100
AcDbLine
 10
192.0000000000005
 20
117.3333333333333
 30
0.0
 11
192.0000000000005
 21
101.3333333333333
 31
0.0
  0
LINE
  5
363B
330
1A
100
AcDbEntity
  8
0
100
AcDbLine
 10
137.8333333333337
 20
103.3333333333332
 30
0.0
 11
192.0000000000005
 21
103.3333333333332
 31
0.0
  0
LWPOLYLINE
  5
363C
330
1A
100
AcDbEntity
  8
0
100
AcDbPolyline
 90
        2
 70
     1
 43
0.5
 10
191.7500000000005
 20
103.3333333333332
 42
1.0
 10
192.2500000000005
 20
103.3333333333332
 42
1.0
  0
TEXT
  5
363D
330
1A
100
AcDbEntity
  8
3
100
AcDbText
 10
148.0595238095243
 20
104.1333333333332
 30
0.0
 40
3.0
  1
13@250=3250
  7
GHS
 72
     1
 11
164.9166666666671
 21
104.1333333333332
 31
0.0
100
AcDbText
  0
LINE
  5
363E
330
1A
100
AcDbEntity
  8
0
100
AcDbLine
 10
193.3333333333338
 20
117.3333333333333
 30
0.0
 11
193.3333333333338
 21
101.3333333333333
 31
0.0
  0
LINE
  5
363F
330
1A
100
AcDbEntity
  8
0
100
AcDbLine
 10
192.0000000000005
 20
103.3333333333332
 30
0.0
 11
193.3333333333338
 21
103.3333333333332
 31
0.0
  0
LWPOLYLINE
  5
3640
330
1A
100
AcDbEntity
  8
0
100
AcDbPolyline
 90
        2
 70
     1
 43
0.5
 10
193.0833333333338
 20
103.3333333333332
 42
1.0
 10
193.5833333333338
 20
103.3333333333332
 42
1.0
  0
LINE
  5
3641
330
1A
100
AcDbEntity
  8
0
100
AcDbLine
 10
193.3333333333338
 20
103.3333333333332
 30
0.0
 11
203.3333333333338
 21
103.3333333333332
 31
0.0
  0
TEXT
  5
3642
330
1A
100
AcDbEntity
  8
3
100
AcDbText
 10
194.9333333333338
 20
104.1333333333332
 30
0.0
 40
3.0
  1
80
  7
GHS
100
AcDbText
  0
LINE
  5
3643
330
1A
100
AcDbEntity
  8
0
100
AcDbLine
 10
185.1843145751093
 20
151.5176479084421
 30
0.0
 11
186.3156854250077
 21
152.6490187583406
 31
0.0
  0
LINE
  5
3644
330
1A
100
AcDbEntity
  8
0
100
AcDbLine
 10
185.1843145751093
 20
155.6843145751088
 30
0.0
 11
186.3156854250077
 21
156.8156854250072
 31
0.0
  0
LINE
  5
3645
330
1A
100
AcDbEntity
  8
0
100
AcDbLine
 10
185.1843145751093
 20
159.8509812417754
 30
0.0
 11
186.3156854250077
 21
160.9823520916739
 31
0.0
  0
LINE
  5
3646
330
1A
100
AcDbEntity
  8
0
100
AcDbLine
 10
185.1843145751093
 20
164.0176479084421
 30
0.0
 11
186.3156854250077
 21
165.1490187583406
 31
0.0
  0
LINE
  5
3647
330
1A
100
AcDbEntity
  8
0
100
AcDbLine
 10
185.7500000000005
 20
152.0833333333333
 30
0.0
 11
185.7500000000005
 21
168.75
 31
0.0
  0
LINE
  5
3648
330
1A
100
AcDbEntity
  8
0
100
AcDbLine
 10
113.6843145751091
 20
149.4343145751088
 30
0.0
 11
114.8156854250076
 21
150.5656854250072
 31
0.0
  0
LINE
  5
3649
330
1A
100
AcDbEntity
  8
0
100
AcDbLine
 10
113.6843145751091
 20
153.6009812417754
 30
0.0
 11
114.8156854250076
 21
154.7323520916739
 31
0.0
  0
LINE
  5
364A
330
1A
100
AcDbEntity
  8
0
100
AcDbLine
 10
113.6843145751091
 20
157.7676479084421
 30
0.0
 11
114.8156854250076
 21
158.8990187583406
 31
0.0
  0
LINE
  5
364B
330
1A
100
AcDbEntity
  8
0
100
AcDbLine
 10
113.6843145751091
 20
161.9343145751088
 30
0.0
 11
114.8156854250076
 21
163.0656854250073
 31
0.0
  0
LINE
  5
364C
330
1A
100
AcDbEntity
  8
0
100
AcDbLine
 10
114.2500000000003
 20
150.0
 30
0.0
 11
114.2500000000003
 21
166.6666666666667
 31
0.0
  0
LINE
  5
364D
330
1A
100
AcDbEntity
  8
0
100
AcDbLine
 10
114.2500000000003
 20
150.0
 30
0.0
 11
114.2500000000003
 21
166.6666666666667
 31
0.0
  0
LINE
  5
364E
330
1A
100
AcDbEntity
  8
0
100
AcDbLine
 10
122.4376479084424
 20
149.4343145751088
 30
0.0
 11
123.5690187583409
 21
150.5656854250072
 31
0.0
  0
LINE
  5
364F
330
1A
100
AcDbEntity
  8
0
100
AcDbLine
 10
122.4376479084424
 20
145.2676479084421
 30
0.0
 11
123.5690187583409
 21
146.3990187583405
 31
0.0
  0
LINE
  5
3650
330
1A
100
AcDbEntity
  8
0
100
AcDbLine
 10
122.4376479084424
 20
141.1009812417754
 30
0.0
 11
123.5690187583409
 21
142.2323520916739
 31
0.0
  0
LINE
  5
3651
330
1A
100
AcDbEntity
  8
0
100
AcDbLine
 10
122.4376479084424
 20
136.9343145751087
 30
0.0
 11
123.5690187583409
 21
138.0656854250072
 31
0.0
  0
LINE
  5
3652
330
1A
100
AcDbEntity
  8
0
100
AcDbLine
 10
123.0033333333337
 20
150.0
 30
0.0
 11
123.0033333333337
 21
133.3333333333333
 31
0.0
  0
LINE
  5
3653
330
1A
100
AcDbEntity
  8
0
100
AcDbLine
 10
120.6009812417758
 20
156.7259812417754
 30
0.0
 11
121.166666666725
 21
157.2916666667247
 31
0.0
  0
LINE
  5
3654
330
1A
100
AcDbEntity
  8
0
100
AcDbLine
 10
120.3543145751091
 20
143.1843145751088
 30
0.0
 11
120.9200000000583
 21
143.750000000058
 31
0.0
  0
LINE
  5
3655
330
1A
100
AcDbEntity
  8
0
100
AcDbLine
 10
111.6009812417757
 20
156.7259812417754
 30
0.0
 11
112.7323520916742
 21
157.8573520916739
 31
0.0
  0
LINE
  5
3656
330
1A
100
AcDbEntity
  8
0
100
AcDbLine
 10
111.6009812417757
 20
143.1843145751088
 30
0.0
 11
112.7323520916742
 21
144.3156854250072
 31
0.0
  0
LINE
  5
3657
330
1A
100
AcDbEntity
  8
0
100
AcDbLine
 10
115.7676479084424
 20
156.7259812417754
 30
0.0
 11
116.8990187583409
 21
157.8573520916739
 31
0.0
  0
LINE
  5
3658
330
1A
100
AcDbEntity
  8
0
100
AcDbLine
 10
115.7676479084424
 20
143.1843145751088
 30
0.0
 11
116.8990187583409
 21
144.3156854250072
 31
0.0
  0
LINE
  5
3659
330
1A
100
AcDbEntity
  8
0
100
AcDbLine
 10
118.0609812417758
 20
156.7259812417754
 30
0.0
 11
119.1923520916742
 21
157.8573520916739
 31
0.0
  0
LINE
  5
365A
330
1A
100
AcDbEntity
  8
0
100
AcDbLine
 10
118.0609812417758
 20
143.1843145751088
 30
0.0
 11
119.1923520916742
 21
144.3156854250072
 31
0.0
  0
LINE
  5
365B
330
1A
100
AcDbEntity
  8
0
100
AcDbLine
 10
124.8683990821515
 20
143.1843145751088
 30
0.0
 11
125.9997699320499
 21
144.3156854250072
 31
0.0
  0
LINE
  5
365C
330
1A
100
AcDbEntity
  8
0
100
AcDbLine
 10
129.3824835891936
 20
143.1843145751088
 30
0.0
 11
130.5138544390921
 21
144.3156854250072
 31
0.0
  0
LINE
  5
365D
330
1A
100
AcDbEntity
  8
0
100
AcDbLine
 10
191.4343145751093
 20
156.7259812417754
 30
0.0
 11
192.5656854250077
 21
157.8573520916739
 31
0.0
  0
LINE
  5
365E
330
1A
100
AcDbEntity
  8
0
100
AcDbLine
 10
187.2676479084426
 20
156.7259812417754
 30
0.0
 11
188.3990187583411
 21
157.8573520916739
 31
0.0
  0
LINE
  5
365F
330
1A
100
AcDbEntity
  8
0
100
AcDbLine
 10
183.1009812417759
 20
156.7259812417754
 30
0.0
 11
184.2323520916744
 21
157.8573520916739
 31
0.0
  0
LINE
  5
3660
330
1A
100
AcDbEntity
  8
0
100
AcDbLine
 10
178.9343145751093
 20
156.7259812417754
 30
0.0
 11
180.0656854250077
 21
157.8573520916739
 31
0.0
  0
LINE
  5
3661
330
1A
100
AcDbEntity
  8
0
100
AcDbLine
 10
174.7676479084426
 20
156.7259812417754
 30
0.0
 11
175.8990187583411
 21
157.8573520916739
 31
0.0
  0
LINE
  5
3662
330
1A
100
AcDbEntity
  8
0
100
AcDbLine
 10
170.6009812417759
 20
156.7259812417754
 30
0.0
 11
171.7323520916744
 21
157.8573520916739
 31
0.0
  0
LINE
  5
3663
330
1A
100
AcDbEntity
  8
0
100
AcDbLine
 10
166.4343145751092
 20
156.7259812417754
 30
0.0
 11
167.5656854250077
 21
157.8573520916739
 31
0.0
  0
LINE
  5
3664
330
1A
100
AcDbEntity
  8
0
100
AcDbLine
 10
162.2676479084426
 20
156.7259812417754
 30
0.0
 11
163.3990187583411
 21
157.8573520916739
 31
0.0
  0
LINE
  5
3665
330
1A
100
AcDbEntity
  8
0
100
AcDbLine
 10
158.1009812417759
 20
156.7259812417754
 30
0.0
 11
159.2323520916744
 21
157.8573520916739
 31
0.0
  0
LINE
  5
3666
330
1A
100
AcDbEntity
  8
0
100
AcDbLine
 10
153.9343145751092
 20
156.7259812417754
 30
0.0
 11
155.0656854250077
 21
157.8573520916739
 31
0.0
  0
LINE
  5
3667
330
1A
100
AcDbEntity
  8
0
100
AcDbLine
 10
149.7676479084426
 20
156.7259812417754
 30
0.0
 11
150.8990187583411
 21
157.8573520916739
 31
0.0
  0
LINE
  5
3668
330
1A
100
AcDbEntity
  8
0
100
AcDbLine
 10
145.6009812417759
 20
156.7259812417754
 30
0.0
 11
146.7323520916744
 21
157.8573520916739
 31
0.0
  0
LINE
  5
3669
330
1A
100
AcDbEntity
  8
0
100
AcDbLine
 10
141.4343145751092
 20
156.7259812417754
 30
0.0
 11
142.5656854250077
 21
157.8573520916739
 31
0.0
  0
LINE
  5
366A
330
1A
100
AcDbEntity
  8
0
100
AcDbLine
 10
133.1009812417758
 20
156.7259812417754
 30
0.0
 11
134.2323520916743
 21
157.8573520916739
 31
0.0
  0
LINE
  5
366B
330
1A
100
AcDbEntity
  8
0
100
AcDbLine
 10
137.2676479084425
 20
156.7259812417754
 30
0.0
 11
138.399018758341
 21
157.8573520916739
 31
0.0
  0
LINE
  5
366C
330
1A
100
AcDbEntity
  8
0
100
AcDbLine
 10
191.4343145751093
 20
143.1843145751088
 30
0.0
 11
192.5656854250077
 21
144.3156854250072
 31
0.0
  0
LINE
  5
366D
330
1A
100
AcDbEntity
  8
0
100
AcDbLine
 10
187.2676479084426
 20
143.1843145751088
 30
0.0
 11
188.3990187583411
 21
144.3156854250072
 31
0.0
  0
LINE
  5
366E
330
1A
100
AcDbEntity
  8
0
100
AcDbLine
 10
183.1009812417759
 20
143.1843145751088
 30
0.0
 11
184.2323520916744
 21
144.3156854250072
 31
0.0
  0
LINE
  5
366F
330
1A
100
AcDbEntity
  8
0
100
AcDbLine
 10
178.9343145751093
 20
143.1843145751088
 30
0.0
 11
180.0656854250077
 21
144.3156854250072
 31
0.0
  0
LINE
  5
3670
330
1A
100
AcDbEntity
  8
0
100
AcDbLine
 10
174.7676479084426
 20
143.1843145751088
 30
0.0
 11
175.8990187583411
 21
144.3156854250072
 31
0.0
  0
LINE
  5
3671
330
1A
100
AcDbEntity
  8
0
100
AcDbLine
 10
170.6009812417759
 20
143.1843145751088
 30
0.0
 11
171.7323520916744
 21
144.3156854250072
 31
0.0
  0
LINE
  5
3672
330
1A
100
AcDbEntity
  8
0
100
AcDbLine
 10
166.4343145751092
 20
143.1843145751088
 30
0.0
 11
167.5656854250077
 21
144.3156854250072
 31
0.0
  0
LINE
  5
3673
330
1A
100
AcDbEntity
  8
0
100
AcDbLine
 10
162.2676479084426
 20
143.1843145751088
 30
0.0
 11
163.3990187583411
 21
144.3156854250072
 31
0.0
  0
LINE
  5
3674
330
1A
100
AcDbEntity
  8
0
100
AcDbLine
 10
158.1009812417759
 20
143.1843145751088
 30
0.0
 11
159.2323520916744
 21
144.3156854250072
 31
0.0
  0
LINE
  5
3675
330
1A
100
AcDbEntity
  8
0
100
AcDbLine
 10
153.9343145751092
 20
143.1843145751088
 30
0.0
 11
155.0656854250077
 21
144.3156854250072
 31
0.0
  0
LINE
  5
3676
330
1A
100
AcDbEntity
  8
0
100
AcDbLine
 10
149.7676479084426
 20
143.1843145751088
 30
0.0
 11
150.8990187583411
 21
144.3156854250072
 31
0.0
  0
LINE
  5
3677
330
1A
100
AcDbEntity
  8
0
100
AcDbLine
 10
145.6009812417759
 20
143.1843145751088
 30
0.0
 11
146.7323520916744
 21
144.3156854250072
 31
0.0
  0
LINE
  5
3678
330
1A
100
AcDbEntity
  8
0
100
AcDbLine
 10
141.4343145751092
 20
143.1843145751088
 30
0.0
 11
142.5656854250077
 21
144.3156854250072
 31
0.0
  0
LINE
  5
3679
330
1A
100
AcDbEntity
  8
0
100
AcDbLine
 10
133.896568096236
 20
143.1843145751088
 30
0.0
 11
135.0279389461344
 21
144.3156854250072
 31
0.0
  0
LINE
  5
367A
330
1A
100
AcDbEntity
  8
0
100
AcDbLine
 10
137.2676479084425
 20
143.1843145751088
 30
0.0
 11
138.399018758341
 21
144.3156854250072
 31
0.0
  0
LINE
  5
367B
330
1A
100
AcDbEntity
  8
0
100
AcDbLine
 10
108.0000000000003
 20
143.75
 30
0.0
 11
192.0000000000005
 21
143.75
 31
0.0
  0
LINE
  5
367C
330
1A
100
AcDbEntity
  8
0
100
AcDbLine
 10
108.0000000000003
 20
157.2916666666667
 30
0.0
 11
192.0000000000005
 21
157.2916666666667
 31
0.0
  0
LINE
  5
367D
330
1A
100
AcDbEntity
  8
0
100
AcDbLine
 10
113.6843145751091
 20
166.1009812417754
 30
0.0
 11
114.8156854250076
 21
167.2323520916739
 31
0.0
  0
LINE
  5
367E
330
1A
100
AcDbEntity
  8
0
100
AcDbLine
 10
114.2500000000003
 20
166.6666666666667
 30
0.0
 11
114.2500000000003
 21
172.6666666666667
 31
0.0
  0
LINE
  5
367F
330
1A
100
AcDbEntity
  8
0
100
AcDbLine
 10
114.2500000000003
 20
172.6666666666667
 30
0.0
 11
134.2500000000003
 21
172.6666666666667
 31
0.0
  0
CIRCLE
  5
3680
330
1A
100
AcDbEntity
  8
0
100
AcDbCircle
 10
118.2500000000003
 20
176.6666666666667
 30
0.0
 40
4.0
  0
TEXT
  5
3681
330
1A
100
AcDbEntity
  8
3
100
AcDbText
 10
115.464285714286
 20
175.1666666666667
 30
0.0
 40
3.0
  1
F3
  7
GHS
 72
     1
 11
118.2500000000003
 21
175.1666666666667
 31
0.0
100
AcDbText
  0
TEXT
  5
3682
330
1A
100
AcDbEntity
  8
3
100
AcDbText
 10
123.8214285714289
 20
173.8666666666667
 30
0.0
 40
3.0
  1
D25
  7
GHS
 72
     1
 11
128.2500000000003
 21
173.8666666666667
 31
0.0
100
AcDbText
  0
LINE
  5
3683
330
1A
100
AcDbEntity
  8
0
100
AcDbLine
 10
185.1843145751093
 20
164.0176479084421
 30
0.0
 11
186.3156854250077
 21
165.1490187583406
 31
0.0
  0
LINE
  5
3684
330
1A
100
AcDbEntity
  8
0
100
AcDbLine
 10
185.7500000000005
 20
164.5833333333333
 30
0.0
 11
185.7500000000005
 21
172.6666666666667
 31
0.0
  0
LINE
  5
3685
330
1A
100
AcDbEntity
  8
0
100
AcDbLine
 10
185.7500000000005
 20
172.6666666666667
 30
0.0
 11
205.7500000000005
 21
172.6666666666667
 31
0.0
  0
CIRCLE
  5
3686
330
1A
100
AcDbEntity
  8
0
100
AcDbCircle
 10
189.7500000000005
 20
176.6666666666667
 30
0.0
 40
4.0
  0
TEXT
  5
3687
330
1A
100
AcDbEntity
  8
3
100
AcDbText
 10
186.9642857142862
 20
175.1666666666667
 30
0.0
 40
3.0
  1
F2
  7
GHS
 72
     1
 11
189.7500000000005
 21
175.1666666666667
 31
0.0
100
AcDbText
  0
TEXT
  5
3688
330
1A
100
AcDbEntity
  8
3
100
AcDbText
 10
195.3214285714291
 20
173.8666666666667
 30
0.0
 40
3.0
  1
D25
  7
GHS
 72
     1
 11
199.7500000000005
 21
173.8666666666667
 31
0.0
100
AcDbText
  0
LINE
  5
3689
330
1A
100
AcDbEntity
  8
0
100
AcDbLine
 10
122.4376479084424
 20
132.7676479084421
 30
0.0
 11
123.5690187583409
 21
133.8990187583405
 31
0.0
  0
LINE
  5
368A
330
1A
100
AcDbEntity
  8
0
100
AcDbLine
 10
123.0033333333337
 20
133.3333333333333
 30
0.0
 11
123.0033333333337
 21
121.3333333333333
 31
0.0
  0
LINE
  5
368B
330
1A
100
AcDbEntity
  8
0
100
AcDbLine
 10
123.0033333333337
 20
121.3333333333333
 30
0.0
 11
143.0033333333337
 21
121.3333333333333
 31
0.0
  0
CIRCLE
  5
368C
330
1A
100
AcDbEntity
  8
0
100
AcDbCircle
 10
127.0033333333337
 20
125.3333333333333
 30
0.0
 40
4.0
  0
TEXT
  5
368D
330
1A
100
AcDbEntity
  8
3
100
AcDbText
 10
124.6461904761908
 20
123.8333333333333
 30
0.0
 40
3.0
  1
F1
  7
GHS
 72
     1
 11
127.0033333333337
 21
123.8333333333333
 31
0.0
100
AcDbText
  0
TEXT
  5
368E
330
1A
100
AcDbEntity
  8
3
100
AcDbText
 10
132.5747619047623
 20
122.5333333333333
 30
0.0
 40
3.0
  1
D22
  7
GHS
 72
     1
 11
137.0033333333337
 21
122.5333333333333
 31
0.0
100
AcDbText
  0
LINE
  5
368F
330
1A
100
AcDbEntity
  8
0
100
AcDbLine
 10
107.4343145751091
 20
143.1843145751088
 30
0.0
 11
108.5656854250076
 21
144.3156854250072
 31
0.0
  0
LINE
  5
3690
330
1A
100
AcDbEntity
  8
0
100
AcDbLine
 10
101.0000000000003
 20
123.75
 30
0.0
 11
101.0000000000003
 21
143.75
 31
0.0
  0
LINE
  5
3691
330
1A
100
AcDbEntity
  8
0
100
AcDbLine
 10
101.0000000000003
 20
143.75
 30
0.0
 11
108.0000000000003
 21
143.75
 31
0.0
  0
CIRCLE
  5
3692
330
1A
100
AcDbEntity
  8
0
100
AcDbCircle
 10
97.00000000000034
 20
127.75
 30
0.0
 40
4.0
  0
TEXT
  5
3693
330
1A
100
AcDbEntity
  8
3
100
AcDbText
 10
98.50000000000035
 20
124.8928571428571
 30
0.0
 40
3.0
  1
F4
 50
90.0
  7
GHS
 72
     1
 11
98.50000000000035
 21
127.75
 31
0.0
100
AcDbText
  0
TEXT
  5
3694
330
1A
100
AcDbEntity
  8
3
100
AcDbText
 10
99.80000000000034
 20
133.3214285714286
 30
0.0
 40
3.0
  1
D16
 50
90.0
  7
GHS
 72
     1
 11
99.80000000000034
 21
137.75
 31
0.0
100
AcDbText
  0
LINE
  5
3695
330
1A
100
AcDbEntity
  8
0
100
AcDbLine
 10
107.4343145751091
 20
156.7259812417754
 30
0.0
 11
108.5656854250076
 21
157.8573520916739
 31
0.0
  0
LINE
  5
3696
330
1A
100
AcDbEntity
  8
0
100
AcDbLine
 10
108.0000000000003
 20
157.2916666666667
 30
0.0
 11
101.0000000000003
 21
157.2916666666667
 31
0.0
  0
LINE
  5
3697
330
1A
100
AcDbEntity
  8
0
100
AcDbLine
 10
101.0000000000003
 20
157.2916666666667
 30
0.0
 11
101.0000000000003
 21
177.2916666666667
 31
0.0
  0
CIRCLE
  5
3698
330
1A
100
AcDbEntity
  8
0
100
AcDbCircle
 10
97.00000000000034
 20
161.2916666666667
 30
0.0
 40
4.0
  0
TEXT
  5
3699
330
1A
100
AcDbEntity
  8
3
100
AcDbText
 10
98.50000000000035
 20
158.5059523809524
 30
0.0
 40
3.0
  1
F5
 50
90.0
  7
GHS
 72
     1
 11
98.50000000000035
 21
161.2916666666667
 31
0.0
100
AcDbText
  0
TEXT
  5
369A
330
1A
100
AcDbEntity
  8
3
100
AcDbText
 10
99.80000000000034
 20
166.8630952380953
 30
0.0
 40
3.0
  1
D16
 50
90.0
  7
GHS
 72
     1
 11
99.80000000000034
 21
171.2916666666667
 31
0.0
100
AcDbText
  0
INSERT
  5
369F
330
1A
100
AcDbEntity
  8
3
100
AcDbBlockReference
  2
STB21
 10
142.0000000000004
 20
211.6666666666667
 30
0.0
  0
INSERT
  5
36A6
330
1A
100
AcDbEntity
  8
3
100
AcDbBlockReference
  2
STB20
 10
320.0
 20
499.6666666666666
 30
0.0
  0
LINE
  5
36A7
330
1A
100
AcDbEntity
  8
1
100
AcDbLine
 10
320.0
 20
469.6666666666665
 30
0.0
 11
320.0
 21
436.6666666666666
 31
0.0
  0
LINE
  5
36A8
330
1A
100
AcDbEntity
  8
C
100
AcDbLine
 10
320.0
 20
300.833333333333
 30
0.0
 11
320.0
 21
436.6666666666666
 31
0.0
  0
LINE
  5
36A9
330
1A
100
AcDbEntity
  8
0
100
AcDbLine
 10
303.3333333333333
 20
464.6666666666665
 30
0.0
 11
336.6666666666667
 21
464.6666666666665
 31
0.0
  0
LINE
  5
36AA
330
1A
100
AcDbEntity
  8
0
100
AcDbLine
 10
336.6666666666667
 20
450.6666666666665
 30
0.0
 11
336.6666666666667
 21
466.6666666666666
 31
0.0
  0
LINE
  5
36AB
330
1A
100
AcDbEntity
  8
0
100
AcDbLine
 10
303.3333333333333
 20
450.6666666666665
 30
0.0
 11
303.3333333333333
 21
466.6666666666666
 31
0.0
  0
LWPOLYLINE
  5
36AC
330
1A
100
AcDbEntity
  8
0
100
AcDbPolyline
 90
        2
 70
     1
 43
0.5
 10
336.4166666666667
 20
464.6666666666665
 42
1.0
 10
336.9166666666667
 20
464.6666666666665
 42
1.0
  0
LWPOLYLINE
  5
36AD
330
1A
100
AcDbEntity
  8
0
100
AcDbPolyline
 90
        2
 70
     1
 43
0.5
 10
303.0833333333333
 20
464.6666666666665
 42
1.0
 10
303.5833333333333
 20
464.6666666666665
 42
1.0
  0
LWPOLYLINE
  5
36AE
330
1A
100
AcDbEntity
  8
0
100
AcDbPolyline
 90
        2
 70
     1
 43
0.5
 10
319.75
 20
464.6666666666665
 42
1.0
 10
320.25
 20
464.6666666666665
 42
1.0
  0
TEXT
  5
36AF
330
1A
100
AcDbEntity
  8
3
100
AcDbText
 10
322.1190476190476
 20
467.0666666666665
 30
0.0
 40
3.0
  1
@125
  7
GHS
 72
     1
 11
328.3333333333334
 21
467.0666666666665
 31
0.0
100
AcDbText
  0
TEXT
  5
36B0
330
1A
100
AcDbEntity
  8
3
100
AcDbText
 10
305.4523809523809
 20
467.0666666666665
 30
0.0
 40
3.0
  1
@250
  7
GHS
 72
     1
 11
311.6666666666666
 21
467.0666666666665
 31
0.0
100
AcDbText
  0
LINE
  5
36B1
330
1A
100
AcDbEntity
  8
4
100
AcDbLine
 10
324.1666666666667
 20
304.6666666666663
 30
0.0
 11
324.1666666666667
 21
435.3333333333332
 31
0.0
  0
LINE
  5
36B2
330
1A
100
AcDbEntity
  8
4
100
AcDbLine
 10
322.0833333333333
 20
304.6666666666663
 30
0.0
 11
322.0833333333333
 21
380.3333333333331
 31
0.0
  0
LINE
  5
36B3
330
1A
100
AcDbEntity
  8
4
100
AcDbLine
 10
315.8333333333333
 20
304.6666666666663
 30
0.0
 11
315.8333333333333
 21
435.3333333333332
 31
0.0
  0
LINE
  5
36B4
330
1A
100
AcDbEntity
  8
4
100
AcDbLine
 10
328.3333333333334
 20
304.6666666666663
 30
0.0
 11
328.3333333333334
 21
435.3333333333332
 31
0.0
  0
LINE
  5
36B5
330
1A
100
AcDbEntity
  8
4
100
AcDbLine
 10
326.25
 20
304.6666666666663
 30
0.0
 11
326.25
 21
380.3333333333331
 31
0.0
  0
LINE
  5
36B6
330
1A
100
AcDbEntity
  8
4
100
AcDbLine
 10
311.6666666666666
 20
304.6666666666663
 30
0.0
 11
311.6666666666666
 21
435.3333333333332
 31
0.0
  0
LINE
  5
36B7
330
1A
100
AcDbEntity
  8
4
100
AcDbLine
 10
332.5
 20
304.6666666666663
 30
0.0
 11
332.5
 21
435.3333333333332
 31
0.0
  0
LINE
  5
36B8
330
1A
100
AcDbEntity
  8
4
100
AcDbLine
 10
330.4166666666667
 20
304.6666666666663
 30
0.0
 11
330.4166666666667
 21
380.3333333333331
 31
0.0
  0
LINE
  5
36B9
330
1A
100
AcDbEntity
  8
4
100
AcDbLine
 10
307.5
 20
304.6666666666663
 30
0.0
 11
307.5
 21
435.3333333333332
 31
0.0
  0
LINE
  5
36BA
330
1A
100
AcDbEntity
  8
4
100
AcDbLine
 10
334.5833333333334
 20
304.6666666666663
 30
0.0
 11
334.5833333333334
 21
380.3333333333331
 31
0.0
  0
LINE
  5
36BB
330
1A
100
AcDbEntity
  8
4
100
AcDbLine
 10
323.5833333333334
 20
350.2777777777775
 30
0.0
 11
323.5833333333334
 21
362.6111111111109
 31
0.0
  0
LINE
  5
36BC
330
1A
100
AcDbEntity
  8
4
100
AcDbLine
 10
327.7500000000001
 20
399.5833333333331
 30
0.0
 11
327.7500000000001
 21
411.9166666666664
 31
0.0
  0
LINE
  5
36BD
330
1A
100
AcDbEntity
  8
4
100
AcDbLine
 10
331.9166666666667
 20
350.2777777777775
 30
0.0
 11
331.9166666666667
 21
362.6111111111109
 31
0.0
  0
LINE
  5
36BE
330
1A
100
AcDbEntity
  8
4
100
AcDbLine
 10
336.0833333333334
 20
399.5833333333331
 30
0.0
 11
336.0833333333334
 21
411.9166666666664
 31
0.0
  0
LINE
  5
36BF
330
1A
100
AcDbEntity
  8
4
100
AcDbLine
 10
303.3333333333333
 20
304.6666666666663
 30
0.0
 11
336.6666666666667
 21
304.6666666666663
 31
0.0
  0
LINE
  5
36C0
330
1A
100
AcDbEntity
  8
4
100
AcDbLine
 10
336.6666666666667
 20
316.9999999999997
 30
0.0
 11
303.3333333333333
 21
316.9999999999997
 31
0.0
  0
LINE
  5
36C1
330
1A
100
AcDbEntity
  8
4
100
AcDbLine
 10
336.6666666666667
 20
316.9999999999997
 30
0.0
 11
303.3333333333333
 21
316.9999999999997
 31
0.0
  0
LINE
  5
36C2
330
1A
100
AcDbEntity
  8
4
100
AcDbLine
 10
336.6666666666667
 20
320.333333333333
 30
0.0
 11
303.3333333333333
 21
320.333333333333
 31
0.0
  0
LINE
  5
36C3
330
1A
100
AcDbEntity
  8
4
100
AcDbLine
 10
336.6666666666667
 20
323.6666666666664
 30
0.0
 11
303.3333333333333
 21
323.6666666666664
 31
0.0
  0
LINE
  5
36C4
330
1A
100
AcDbEntity
  8
4
100
AcDbLine
 10
336.6666666666667
 20
326.9999999999996
 30
0.0
 11
303.3333333333333
 21
326.9999999999996
 31
0.0
  0
LINE
  5
36C5
330
1A
100
AcDbEntity
  8
4
100
AcDbLine
 10
336.6666666666667
 20
330.333333333333
 30
0.0
 11
303.3333333333333
 21
330.333333333333
 31
0.0
  0
LINE
  5
36C6
330
1A
100
AcDbEntity
  8
4
100
AcDbLine
 10
336.6666666666667
 20
333.6666666666663
 30
0.0
 11
303.3333333333333
 21
333.6666666666663
 31
0.0
  0
LINE
  5
36C7
330
1A
100
AcDbEntity
  8
4
100
AcDbLine
 10
336.6666666666667
 20
336.9999999999996
 30
0.0
 11
303.3333333333333
 21
336.9999999999996
 31
0.0
  0
LINE
  5
36C8
330
1A
100
AcDbEntity
  8
4
100
AcDbLine
 10
336.6666666666667
 20
340.333333333333
 30
0.0
 11
303.3333333333333
 21
340.333333333333
 31
0.0
  0
LINE
  5
36C9
330
1A
100
AcDbEntity
  8
4
100
AcDbLine
 10
336.6666666666667
 20
343.6666666666663
 30
0.0
 11
303.3333333333333
 21
343.6666666666663
 31
0.0
  0
LINE
  5
36CA
330
1A
100
AcDbEntity
  8
4
100
AcDbLine
 10
336.6666666666667
 20
346.9999999999996
 30
0.0
 11
303.3333333333333
 21
346.9999999999996
 31
0.0
  0
LINE
  5
36CB
330
1A
100
AcDbEntity
  8
4
100
AcDbLine
 10
336.6666666666667
 20
350.333333333333
 30
0.0
 11
303.3333333333333
 21
350.333333333333
 31
0.0
  0
LINE
  5
36CC
330
1A
100
AcDbEntity
  8
4
100
AcDbLine
 10
336.6666666666667
 20
353.6666666666663
 30
0.0
 11
303.3333333333333
 21
353.6666666666663
 31
0.0
  0
LINE
  5
36CD
330
1A
100
AcDbEntity
  8
4
100
AcDbLine
 10
336.6666666666667
 20
356.9999999999996
 30
0.0
 11
303.3333333333333
 21
356.9999999999996
 31
0.0
  0
LINE
  5
36CE
330
1A
100
AcDbEntity
  8
4
100
AcDbLine
 10
336.6666666666667
 20
360.3333333333329
 30
0.0
 11
303.3333333333333
 21
360.3333333333329
 31
0.0
  0
LINE
  5
36CF
330
1A
100
AcDbEntity
  8
4
100
AcDbLine
 10
336.6666666666667
 20
363.6666666666663
 30
0.0
 11
303.3333333333333
 21
363.6666666666663
 31
0.0
  0
LINE
  5
36D0
330
1A
100
AcDbEntity
  8
4
100
AcDbLine
 10
336.6666666666667
 20
366.9999999999996
 30
0.0
 11
303.3333333333333
 21
366.9999999999996
 31
0.0
  0
LINE
  5
36D1
330
1A
100
AcDbEntity
  8
4
100
AcDbLine
 10
336.6666666666667
 20
370.3333333333329
 30
0.0
 11
303.3333333333333
 21
370.3333333333329
 31
0.0
  0
LINE
  5
36D2
330
1A
100
AcDbEntity
  8
4
100
AcDbLine
 10
336.6666666666667
 20
373.6666666666662
 30
0.0
 11
303.3333333333333
 21
373.6666666666662
 31
0.0
  0
LINE
  5
36D3
330
1A
100
AcDbEntity
  8
4
100
AcDbLine
 10
336.6666666666667
 20
376.9999999999996
 30
0.0
 11
303.3333333333333
 21
376.9999999999996
 31
0.0
  0
LINE
  5
36D4
330
1A
100
AcDbEntity
  8
4
100
AcDbLine
 10
336.6666666666667
 20
380.3333333333329
 30
0.0
 11
303.3333333333333
 21
380.3333333333329
 31
0.0
  0
LINE
  5
36D5
330
1A
100
AcDbEntity
  8
4
100
AcDbLine
 10
336.6666666666667
 20
383.6666666666662
 30
0.0
 11
303.3333333333333
 21
383.6666666666662
 31
0.0
  0
LINE
  5
36D6
330
1A
100
AcDbEntity
  8
4
100
AcDbLine
 10
336.6666666666667
 20
386.9999999999996
 30
0.0
 11
303.3333333333333
 21
386.9999999999996
 31
0.0
  0
LINE
  5
36D7
330
1A
100
AcDbEntity
  8
4
100
AcDbLine
 10
336.6666666666667
 20
390.3333333333329
 30
0.0
 11
303.3333333333333
 21
390.3333333333329
 31
0.0
  0
LINE
  5
36D8
330
1A
100
AcDbEntity
  8
4
100
AcDbLine
 10
336.6666666666667
 20
393.6666666666662
 30
0.0
 11
303.3333333333333
 21
393.6666666666662
 31
0.0
  0
LINE
  5
36D9
330
1A
100
AcDbEntity
  8
4
100
AcDbLine
 10
336.6666666666667
 20
396.9999999999996
 30
0.0
 11
303.3333333333333
 21
396.9999999999996
 31
0.0
  0
LINE
  5
36DA
330
1A
100
AcDbEntity
  8
4
100
AcDbLine
 10
336.6666666666667
 20
400.3333333333329
 30
0.0
 11
303.3333333333333
 21
400.3333333333329
 31
0.0
  0
LINE
  5
36DB
330
1A
100
AcDbEntity
  8
4
100
AcDbLine
 10
336.6666666666667
 20
403.6666666666662
 30
0.0
 11
303.3333333333333
 21
403.6666666666662
 31
0.0
  0
LINE
  5
36DC
330
1A
100
AcDbEntity
  8
4
100
AcDbLine
 10
336.6666666666667
 20
406.9999999999995
 30
0.0
 11
303.3333333333333
 21
406.9999999999995
 31
0.0
  0
LINE
  5
36DD
330
1A
100
AcDbEntity
  8
4
100
AcDbLine
 10
336.6666666666667
 20
410.3333333333329
 30
0.0
 11
303.3333333333333
 21
410.3333333333329
 31
0.0
  0
LINE
  5
36DE
330
1A
100
AcDbEntity
  8
4
100
AcDbLine
 10
336.6666666666667
 20
413.6666666666661
 30
0.0
 11
303.3333333333333
 21
413.6666666666661
 31
0.0
  0
LINE
  5
36DF
330
1A
100
AcDbEntity
  8
4
100
AcDbLine
 10
336.6666666666667
 20
416.9999999999995
 30
0.0
 11
303.3333333333333
 21
416.9999999999995
 31
0.0
  0
LINE
  5
36E0
330
1A
100
AcDbEntity
  8
4
100
AcDbLine
 10
336.6666666666667
 20
420.3333333333328
 30
0.0
 11
303.3333333333333
 21
420.3333333333328
 31
0.0
  0
LINE
  5
36E1
330
1A
100
AcDbEntity
  8
4
100
AcDbLine
 10
336.6666666666667
 20
423.6666666666661
 30
0.0
 11
303.3333333333333
 21
423.6666666666661
 31
0.0
  0
LINE
  5
36E2
330
1A
100
AcDbEntity
  8
4
100
AcDbLine
 10
336.6666666666667
 20
426.9999999999995
 30
0.0
 11
303.3333333333333
 21
426.9999999999995
 31
0.0
  0
LINE
  5
36E3
330
1A
100
AcDbEntity
  8
4
100
AcDbLine
 10
336.6666666666667
 20
430.3333333333328
 30
0.0
 11
303.3333333333333
 21
430.3333333333328
 31
0.0
  0
LINE
  5
36E4
330
1A
100
AcDbEntity
  8
4
100
AcDbLine
 10
336.6666666666667
 20
432.8333333333332
 30
0.0
 11
303.3333333333333
 21
432.8333333333332
 31
0.0
  0
LINE
  5
36E5
330
1A
100
AcDbEntity
  8
4
100
AcDbLine
 10
336.6666666666667
 20
435.3333333333332
 30
0.0
 11
303.3333333333333
 21
435.3333333333332
 31
0.0
  0
INSERT
  5
36EA
330
1A
100
AcDbEntity
  8
4
100
AcDbBlockReference
  2
STB15
 10
320.0
 20
323.6666666666664
 30
0.0
 41
2.0
 42
2.0
 43
2.0
  0
INSERT
  5
36EB
330
1A
100
AcDbEntity
  8
4
100
AcDbBlockReference
  2
STB15
 10
328.3333333333334
 20
323.6666666666664
 30
0.0
 41
2.0
 42
2.0
 43
2.0
  0
INSERT
  5
36EC
330
1A
100
AcDbEntity
  8
4
100
AcDbBlockReference
  2
STB15
 10
336.6666666666667
 20
323.6666666666664
 30
0.0
 41
2.0
 42
2.0
 43
2.0
  0
INSERT
  5
36ED
330
1A
100
AcDbEntity
  8
4
100
AcDbBlockReference
  2
STB15
 10
324.1666666666667
 20
330.3333333333331
 30
0.0
 41
2.0
 42
2.0
 43
2.0
  0
INSERT
  5
36EE
330
1A
100
AcDbEntity
  8
4
100
AcDbBlockReference
  2
STB15
 10
332.5
 20
330.3333333333331
 30
0.0
 41
2.0
 42
2.0
 43
2.0
  0
INSERT
  5
36EF
330
1A
100
AcDbEntity
  8
4
100
AcDbBlockReference
  2
STB15
 10
320.0
 20
336.9999999999997
 30
0.0
 41
2.0
 42
2.0
 43
2.0
  0
INSERT
  5
36F0
330
1A
100
AcDbEntity
  8
4
100
AcDbBlockReference
  2
STB15
 10
328.3333333333334
 20
336.9999999999997
 30
0.0
 41
2.0
 42
2.0
 43
2.0
  0
INSERT
  5
36F1
330
1A
100
AcDbEntity
  8
4
100
AcDbBlockReference
  2
STB15
 10
336.6666666666667
 20
336.9999999999997
 30
0.0
 41
2.0
 42
2.0
 43
2.0
  0
INSERT
  5
36F2
330
1A
100
AcDbEntity
  8
4
100
AcDbBlockReference
  2
STB15
 10
324.1666666666667
 20
343.6666666666664
 30
0.0
 41
2.0
 42
2.0
 43
2.0
  0
INSERT
  5
36F3
330
1A
100
AcDbEntity
  8
4
100
AcDbBlockReference
  2
STB15
 10
332.5
 20
343.6666666666664
 30
0.0
 41
2.0
 42
2.0
 43
2.0
  0
INSERT
  5
36F4
330
1A
100
AcDbEntity
  8
4
100
AcDbBlockReference
  2
STB15
 10
320.0
 20
350.3333333333331
 30
0.0
 41
2.0
 42
2.0
 43
2.0
  0
INSERT
  5
36F5
330
1A
100
AcDbEntity
  8
4
100
AcDbBlockReference
  2
STB15
 10
328.3333333333334
 20
350.3333333333331
 30
0.0
 41
2.0
 42
2.0
 43
2.0
  0
INSERT
  5
36F6
330
1A
100
AcDbEntity
  8
4
100
AcDbBlockReference
  2
STB15
 10
336.6666666666667
 20
350.3333333333331
 30
0.0
 41
2.0
 42
2.0
 43
2.0
  0
INSERT
  5
36F7
330
1A
100
AcDbEntity
  8
4
100
AcDbBlockReference
  2
STB15
 10
324.1666666666667
 20
356.9999999999998
 30
0.0
 41
2.0
 42
2.0
 43
2.0
  0
INSERT
  5
36F8
330
1A
100
AcDbEntity
  8
4
100
AcDbBlockReference
  2
STB15
 10
332.5
 20
356.9999999999998
 30
0.0
 41
2.0
 42
2.0
 43
2.0
  0
INSERT
  5
36F9
330
1A
100
AcDbEntity
  8
4
100
AcDbBlockReference
  2
STB15
 10
320.0
 20
363.6666666666664
 30
0.0
 41
2.0
 42
2.0
 43
2.0
  0
INSERT
  5
36FA
330
1A
100
AcDbEntity
  8
4
100
AcDbBlockReference
  2
STB15
 10
328.3333333333334
 20
363.6666666666664
 30
0.0
 41
2.0
 42
2.0
 43
2.0
  0
INSERT
  5
36FB
330
1A
100
AcDbEntity
  8
4
100
AcDbBlockReference
  2
STB15
 10
336.6666666666667
 20
363.6666666666664
 30
0.0
 41
2.0
 42
2.0
 43
2.0
  0
INSERT
  5
36FC
330
1A
100
AcDbEntity
  8
4
100
AcDbBlockReference
  2
STB15
 10
324.1666666666667
 20
370.3333333333331
 30
0.0
 41
2.0
 42
2.0
 43
2.0
  0
INSERT
  5
36FD
330
1A
100
AcDbEntity
  8
4
100
AcDbBlockReference
  2
STB15
 10
332.5
 20
370.3333333333331
 30
0.0
 41
2.0
 42
2.0
 43
2.0
  0
INSERT
  5
36FE
330
1A
100
AcDbEntity
  8
4
100
AcDbBlockReference
  2
STB15
 10
320.0
 20
376.9999999999998
 30
0.0
 41
2.0
 42
2.0
 43
2.0
  0
INSERT
  5
36FF
330
1A
100
AcDbEntity
  8
4
100
AcDbBlockReference
  2
STB15
 10
328.3333333333334
 20
376.9999999999998
 30
0.0
 41
2.0
 42
2.0
 43
2.0
  0
INSERT
  5
3700
330
1A
100
AcDbEntity
  8
4
100
AcDbBlockReference
  2
STB15
 10
336.6666666666667
 20
376.9999999999998
 30
0.0
 41
2.0
 42
2.0
 43
2.0
  0
INSERT
  5
3701
330
1A
100
AcDbEntity
  8
4
100
AcDbBlockReference
  2
STB15
 10
324.1666666666667
 20
383.6666666666665
 30
0.0
 41
2.0
 42
2.0
 43
2.0
  0
INSERT
  5
3702
330
1A
100
AcDbEntity
  8
4
100
AcDbBlockReference
  2
STB15
 10
332.5
 20
383.6666666666665
 30
0.0
 41
2.0
 42
2.0
 43
2.0
  0
INSERT
  5
3703
330
1A
100
AcDbEntity
  8
4
100
AcDbBlockReference
  2
STB15
 10
320.0
 20
390.3333333333332
 30
0.0
 41
2.0
 42
2.0
 43
2.0
  0
INSERT
  5
3704
330
1A
100
AcDbEntity
  8
4
100
AcDbBlockReference
  2
STB15
 10
328.3333333333334
 20
390.3333333333332
 30
0.0
 41
2.0
 42
2.0
 43
2.0
  0
INSERT
  5
3705
330
1A
100
AcDbEntity
  8
4
100
AcDbBlockReference
  2
STB15
 10
336.6666666666667
 20
390.3333333333332
 30
0.0
 41
2.0
 42
2.0
 43
2.0
  0
INSERT
  5
3706
330
1A
100
AcDbEntity
  8
4
100
AcDbBlockReference
  2
STB15
 10
324.1666666666667
 20
396.9999999999998
 30
0.0
 41
2.0
 42
2.0
 43
2.0
  0
INSERT
  5
3707
330
1A
100
AcDbEntity
  8
4
100
AcDbBlockReference
  2
STB15
 10
332.5
 20
396.9999999999998
 30
0.0
 41
2.0
 42
2.0
 43
2.0
  0
INSERT
  5
3708
330
1A
100
AcDbEntity
  8
4
100
AcDbBlockReference
  2
STB15
 10
320.0
 20
403.6666666666665
 30
0.0
 41
2.0
 42
2.0
 43
2.0
  0
INSERT
  5
3709
330
1A
100
AcDbEntity
  8
4
100
AcDbBlockReference
  2
STB15
 10
328.3333333333334
 20
403.6666666666665
 30
0.0
 41
2.0
 42
2.0
 43
2.0
  0
INSERT
  5
370A
330
1A
100
AcDbEntity
  8
4
100
AcDbBlockReference
  2
STB15
 10
336.6666666666667
 20
403.6666666666665
 30
0.0
 41
2.0
 42
2.0
 43
2.0
  0
INSERT
  5
370B
330
1A
100
AcDbEntity
  8
4
100
AcDbBlockReference
  2
STB15
 10
324.1666666666667
 20
410.3333333333331
 30
0.0
 41
2.0
 42
2.0
 43
2.0
  0
INSERT
  5
370C
330
1A
100
AcDbEntity
  8
4
100
AcDbBlockReference
  2
STB15
 10
332.5
 20
410.3333333333331
 30
0.0
 41
2.0
 42
2.0
 43
2.0
  0
INSERT
  5
370D
330
1A
100
AcDbEntity
  8
4
100
AcDbBlockReference
  2
STB15
 10
320.0
 20
416.9999999999999
 30
0.0
 41
2.0
 42
2.0
 43
2.0
  0
INSERT
  5
370E
330
1A
100
AcDbEntity
  8
4
100
AcDbBlockReference
  2
STB15
 10
328.3333333333334
 20
416.9999999999999
 30
0.0
 41
2.0
 42
2.0
 43
2.0
  0
INSERT
  5
370F
330
1A
100
AcDbEntity
  8
4
100
AcDbBlockReference
  2
STB15
 10
336.6666666666667
 20
416.9999999999999
 30
0.0
 41
2.0
 42
2.0
 43
2.0
  0
INSERT
  5
3710
330
1A
100
AcDbEntity
  8
4
100
AcDbBlockReference
  2
STB15
 10
324.1666666666667
 20
423.6666666666665
 30
0.0
 41
2.0
 42
2.0
 43
2.0
  0
INSERT
  5
3711
330
1A
100
AcDbEntity
  8
4
100
AcDbBlockReference
  2
STB15
 10
332.5
 20
423.6666666666665
 30
0.0
 41
2.0
 42
2.0
 43
2.0
  0
INSERT
  5
3712
330
1A
100
AcDbEntity
  8
4
100
AcDbBlockReference
  2
STB15
 10
320.0
 20
430.3333333333332
 30
0.0
 41
2.0
 42
2.0
 43
2.0
  0
INSERT
  5
3713
330
1A
100
AcDbEntity
  8
4
100
AcDbBlockReference
  2
STB15
 10
328.3333333333334
 20
430.3333333333332
 30
0.0
 41
2.0
 42
2.0
 43
2.0
  0
INSERT
  5
3714
330
1A
100
AcDbEntity
  8
4
100
AcDbBlockReference
  2
STB15
 10
336.6666666666667
 20
430.3333333333332
 30
0.0
 41
2.0
 42
2.0
 43
2.0
  0
LINE
  5
3715
330
1A
100
AcDbEntity
  8
0
100
AcDbLine
 10
336.6666666666667
 20
303.333333333333
 30
0.0
 11
303.3333333333333
 21
303.333333333333
 31
0.0
  0
LINE
  5
3716
330
1A
100
AcDbEntity
  8
0
100
AcDbLine
 10
336.6666666666667
 20
436.6666666666666
 30
0.0
 11
303.3333333333333
 21
436.6666666666666
 31
0.0
  0
LINE
  5
3717
330
1A
100
AcDbEntity
  8
HL
100
AcDbLine
 10
336.6666666666667
 20
318.333333333333
 30
0.0
 11
303.3333333333333
 21
318.333333333333
 31
0.0
  0
LWPOLYLINE
  5
3718
330
1A
100
AcDbEntity
  8
1
100
AcDbPolyline
 90
        2
 70
     1
 43
0.45
 10
307.275
 20
304.2166666666663
 42
1.0
 10
307.725
 20
304.2166666666663
 42
1.0
  0
LWPOLYLINE
  5
3719
330
1A
100
AcDbEntity
  8
1
100
AcDbPolyline
 90
        2
 70
     1
 43
0.45
 10
311.4416666666667
 20
304.2166666666663
 42
1.0
 10
311.8916666666667
 20
304.2166666666663
 42
1.0
  0
LWPOLYLINE
  5
371A
330
1A
100
AcDbEntity
  8
1
100
AcDbPolyline
 90
        2
 70
     1
 43
0.45
 10
315.6083333333333
 20
304.2166666666663
 42
1.0
 10
316.0583333333333
 20
304.2166666666663
 42
1.0
  0
LWPOLYLINE
  5
371B
330
1A
100
AcDbEntity
  8
1
100
AcDbPolyline
 90
        2
 70
     1
 43
0.45
 10
319.775
 20
304.2166666666663
 42
1.0
 10
320.225
 20
304.2166666666663
 42
1.0
  0
LWPOLYLINE
  5
371C
330
1A
100
AcDbEntity
  8
1
100
AcDbPolyline
 90
        2
 70
     1
 43
0.45
 10
323.9416666666667
 20
304.2166666666663
 42
1.0
 10
324.3916666666667
 20
304.2166666666663
 42
1.0
  0
LWPOLYLINE
  5
371D
330
1A
100
AcDbEntity
  8
1
100
AcDbPolyline
 90
        2
 70
     1
 43
0.45
 10
328.1083333333333
 20
304.2166666666663
 42
1.0
 10
328.5583333333333
 20
304.2166666666663
 42
1.0
  0
LWPOLYLINE
  5
371E
330
1A
100
AcDbEntity
  8
1
100
AcDbPolyline
 90
        2
 70
     1
 43
0.45
 10
332.275
 20
304.2166666666663
 42
1.0
 10
332.725
 20
304.2166666666663
 42
1.0
  0
LWPOLYLINE
  5
371F
330
1A
100
AcDbEntity
  8
1
100
AcDbPolyline
 90
        2
 70
     1
 43
0.45
 10
306.825
 20
317.4499999999996
 42
1.0
 10
307.275
 20
317.4499999999996
 42
1.0
  0
LWPOLYLINE
  5
3720
330
1A
100
AcDbEntity
  8
1
100
AcDbPolyline
 90
        2
 70
     1
 43
0.45
 10
310.9916666666667
 20
317.4499999999996
 42
1.0
 10
311.4416666666667
 20
317.4499999999996
 42
1.0
  0
LWPOLYLINE
  5
3721
330
1A
100
AcDbEntity
  8
1
100
AcDbPolyline
 90
        2
 70
     1
 43
0.45
 10
315.1583333333333
 20
317.4499999999996
 42
1.0
 10
315.6083333333334
 20
317.4499999999996
 42
1.0
  0
LWPOLYLINE
  5
3722
330
1A
100
AcDbEntity
  8
1
100
AcDbPolyline
 90
        2
 70
     1
 43
0.45
 10
319.325
 20
317.4499999999996
 42
1.0
 10
319.775
 20
317.4499999999996
 42
1.0
  0
LWPOLYLINE
  5
3723
330
1A
100
AcDbEntity
  8
1
100
AcDbPolyline
 90
        2
 70
     1
 43
0.45
 10
321.4083333333333
 20
317.4499999999996
 42
1.0
 10
321.8583333333334
 20
317.4499999999996
 42
1.0
  0
LWPOLYLINE
  5
3724
330
1A
100
AcDbEntity
  8
1
100
AcDbPolyline
 90
        2
 70
     1
 43
0.45
 10
323.4916666666667
 20
317.4499999999996
 42
1.0
 10
323.9416666666667
 20
317.4499999999996
 42
1.0
  0
LWPOLYLINE
  5
3725
330
1A
100
AcDbEntity
  8
1
100
AcDbPolyline
 90
        2
 70
     1
 43
0.45
 10
325.575
 20
317.4499999999996
 42
1.0
 10
326.025
 20
317.4499999999996
 42
1.0
  0
LWPOLYLINE
  5
3726
330
1A
100
AcDbEntity
  8
1
100
AcDbPolyline
 90
        2
 70
     1
 43
0.45
 10
327.6583333333333
 20
317.4499999999996
 42
1.0
 10
328.1083333333334
 20
317.4499999999996
 42
1.0
  0
LWPOLYLINE
  5
3727
330
1A
100
AcDbEntity
  8
1
100
AcDbPolyline
 90
        2
 70
     1
 43
0.45
 10
329.7416666666666
 20
317.4499999999996
 42
1.0
 10
330.1916666666667
 20
317.4499999999996
 42
1.0
  0
LWPOLYLINE
  5
3728
330
1A
100
AcDbEntity
  8
1
100
AcDbPolyline
 90
        2
 70
     1
 43
0.45
 10
331.825
 20
317.4499999999996
 42
1.0
 10
332.275
 20
317.4499999999996
 42
1.0
  0
LWPOLYLINE
  5
3729
330
1A
100
AcDbEntity
  8
1
100
AcDbPolyline
 90
        2
 70
     1
 43
0.45
 10
333.9083333333333
 20
317.4499999999996
 42
1.0
 10
334.3583333333334
 20
317.4499999999996
 42
1.0
  0
LWPOLYLINE
  5
372A
330
1A
100
AcDbEntity
  8
1
100
AcDbPolyline
 90
        2
 70
     1
 43
0.45
 10
335.9916666666666
 20
317.4499999999996
 42
1.0
 10
336.4416666666667
 20
317.4499999999996
 42
1.0
  0
LWPOLYLINE
  5
372B
330
1A
100
AcDbEntity
  8
1
100
AcDbPolyline
 90
        2
 70
     1
 43
0.45
 10
319.325
 20
317.4499999999996
 42
1.0
 10
319.775
 20
317.4499999999996
 42
1.0
  0
LINE
  5
372C
330
1A
100
AcDbEntity
  8
1
100
AcDbLine
 10
303.3333333333333
 20
300.833333333333
 30
0.0
 11
303.3333333333333
 21
368.9999999999998
 31
0.0
  0
LINE
  5
372D
330
1A
100
AcDbEntity
  8
1
100
AcDbLine
 10
303.3333333333333
 20
368.9999999999998
 30
0.0
 11
306.7333333333333
 21
371.2999999999998
 31
0.0
  0
LINE
  5
372E
330
1A
100
AcDbEntity
  8
1
100
AcDbLine
 10
306.7333333333333
 20
371.2999999999998
 30
0.0
 11
299.9333333333333
 21
368.6999999999998
 31
0.0
  0
LINE
  5
372F
330
1A
100
AcDbEntity
  8
1
100
AcDbLine
 10
299.9333333333333
 20
368.6999999999998
 30
0.0
 11
303.3333333333333
 21
370.9999999999998
 31
0.0
  0
LINE
  5
3730
330
1A
100
AcDbEntity
  8
1
100
AcDbLine
 10
303.3333333333333
 20
370.9999999999998
 30
0.0
 11
303.3333333333333
 21
439.1666666666665
 31
0.0
  0
LINE
  5
3731
330
1A
100
AcDbEntity
  8
1
100
AcDbLine
 10
336.6666666666667
 20
300.833333333333
 30
0.0
 11
336.6666666666667
 21
368.9999999999998
 31
0.0
  0
LINE
  5
3732
330
1A
100
AcDbEntity
  8
1
100
AcDbLine
 10
336.6666666666667
 20
368.9999999999998
 30
0.0
 11
340.0666666666666
 21
371.2999999999998
 31
0.0
  0
LINE
  5
3733
330
1A
100
AcDbEntity
  8
1
100
AcDbLine
 10
340.0666666666666
 20
371.2999999999998
 30
0.0
 11
333.2666666666667
 21
368.6999999999998
 31
0.0
  0
LINE
  5
3734
330
1A
100
AcDbEntity
  8
1
100
AcDbLine
 10
333.2666666666667
 20
368.6999999999998
 30
0.0
 11
336.6666666666667
 21
370.9999999999998
 31
0.0
  0
LINE
  5
3735
330
1A
100
AcDbEntity
  8
1
100
AcDbLine
 10
336.6666666666667
 20
370.9999999999998
 30
0.0
 11
336.6666666666667
 21
439.1666666666665
 31
0.0
  0
LINE
  5
3736
330
1A
100
AcDbEntity
  8
0
100
AcDbLine
 10
287.3333333333333
 20
303.333333333333
 30
0.0
 11
271.3333333333333
 21
303.333333333333
 31
0.0
  0
LINE
  5
3737
330
1A
100
AcDbEntity
  8
0
100
AcDbLine
 10
287.3333333333333
 20
304.6666666666663
 30
0.0
 11
271.3333333333333
 21
304.6666666666663
 31
0.0
  0
LINE
  5
3738
330
1A
100
AcDbEntity
  8
0
100
AcDbLine
 10
273.3333333333333
 20
303.333333333333
 30
0.0
 11
273.3333333333333
 21
304.6666666666663
 31
0.0
  0
LWPOLYLINE
  5
3739
330
1A
100
AcDbEntity
  8
0
100
AcDbPolyline
 90
        2
 70
     1
 43
0.5
 10
273.0833333333333
 20
303.333333333333
 42
1.0
 10
273.5833333333333
 20
303.333333333333
 42
1.0
  0
LWPOLYLINE
  5
373A
330
1A
100
AcDbEntity
  8
0
100
AcDbPolyline
 90
        2
 70
     1
 43
0.5
 10
273.0833333333333
 20
304.6666666666663
 42
1.0
 10
273.5833333333333
 20
304.6666666666663
 42
1.0
  0
LINE
  5
373B
330
1A
100
AcDbEntity
  8
0
100
AcDbLine
 10
273.3333333333333
 20
293.333333333333
 30
0.0
 11
273.3333333333333
 21
303.333333333333
 31
0.0
  0
TEXT
  5
373C
330
1A
100
AcDbEntity
  8
3
100
AcDbText
 10
272.5333333333333
 20
296.0476190476187
 30
0.0
 40
3.0
  1
80
 50
90.0
  7
GHS
 72
     2
 11
272.5333333333333
 21
301.333333333333
 31
0.0
100
AcDbText
  0
LINE
  5
373D
330
1A
100
AcDbEntity
  8
0
100
AcDbLine
 10
287.3333333333333
 20
316.9999999999997
 30
0.0
 11
271.3333333333333
 21
316.9999999999997
 31
0.0
  0
LINE
  5
373E
330
1A
100
AcDbEntity
  8
0
100
AcDbLine
 10
273.3333333333333
 20
304.6666666666663
 30
0.0
 11
273.3333333333333
 21
316.9999999999997
 31
0.0
  0
LWPOLYLINE
  5
373F
330
1A
100
AcDbEntity
  8
0
100
AcDbPolyline
 90
        2
 70
     1
 43
0.5
 10
273.0833333333333
 20
316.9999999999997
 42
1.0
 10
273.5833333333333
 20
316.9999999999997
 42
1.0
  0
TEXT
  5
3740
330
1A
100
AcDbEntity
  8
3
100
AcDbText
 10
272.5333333333333
 20
306.5476190476187
 30
0.0
 40
3.0
  1
740
 50
90.0
  7
GHS
 72
     1
 11
272.5333333333333
 21
310.833333333333
 31
0.0
100
AcDbText
  0
LINE
  5
3741
330
1A
100
AcDbEntity
  8
0
100
AcDbLine
 10
287.3333333333333
 20
430.3333333333332
 30
0.0
 11
271.3333333333333
 21
430.3333333333332
 31
0.0
  0
LINE
  5
3742
330
1A
100
AcDbEntity
  8
0
100
AcDbLine
 10
273.3333333333333
 20
316.9999999999997
 30
0.0
 11
273.3333333333333
 21
430.3333333333332
 31
0.0
  0
LWPOLYLINE
  5
3743
330
1A
100
AcDbEntity
  8
0
100
AcDbPolyline
 90
        2
 70
     1
 43
0.5
 10
273.0833333333333
 20
430.3333333333332
 42
1.0
 10
273.5833333333333
 20
430.3333333333332
 42
1.0
  0
TEXT
  5
3744
330
1A
100
AcDbEntity
  8
3
100
AcDbText
 10
272.5333333333333
 20
357.0238095238093
 30
0.0
 40
3.0
  1
34@200=6800
 50
90.0
  7
GHS
 72
     1
 11
272.5333333333333
 21
373.6666666666665
 31
0.0
100
AcDbText
  0
LINE
  5
3745
330
1A
100
AcDbEntity
  8
0
100
AcDbLine
 10
287.3333333333333
 20
435.3333333333332
 30
0.0
 11
271.3333333333333
 21
435.3333333333332
 31
0.0
  0
LINE
  5
3746
330
1A
100
AcDbEntity
  8
0
100
AcDbLine
 10
273.3333333333333
 20
430.3333333333332
 30
0.0
 11
273.3333333333333
 21
435.3333333333332
 31
0.0
  0
LWPOLYLINE
  5
3747
330
1A
100
AcDbEntity
  8
0
100
AcDbPolyline
 90
        2
 70
     1
 43
0.5
 10
273.0833333333333
 20
435.3333333333332
 42
1.0
 10
273.5833333333333
 20
435.3333333333332
 42
1.0
  0
TEXT
  5
3748
330
1A
100
AcDbEntity
  8
3
100
AcDbText
 10
277.5333333333333
 20
428.5476190476189
 30
0.0
 40
3.0
  1
300
 50
90.0
  7
GHS
 72
     1
 11
277.5333333333333
 21
432.8333333333332
 31
0.0
100
AcDbText
  0
LINE
  5
3749
330
1A
100
AcDbEntity
  8
0
100
AcDbLine
 10
287.3333333333333
 20
436.6666666666666
 30
0.0
 11
271.3333333333333
 21
436.6666666666666
 31
0.0
  0
LINE
  5
374A
330
1A
100
AcDbEntity
  8
0
100
AcDbLine
 10
273.3333333333333
 20
435.3333333333332
 30
0.0
 11
273.3333333333333
 21
436.6666666666666
 31
0.0
  0
LWPOLYLINE
  5
374B
330
1A
100
AcDbEntity
  8
0
100
AcDbPolyline
 90
        2
 70
     1
 43
0.5
 10
273.0833333333333
 20
436.6666666666666
 42
1.0
 10
273.5833333333333
 20
436.6666666666666
 42
1.0
  0
LINE
  5
374C
330
1A
100
AcDbEntity
  8
0
100
AcDbLine
 10
273.3333333333333
 20
436.6666666666666
 30
0.0
 11
273.3333333333333
 21
446.6666666666665
 31
0.0
  0
TEXT
  5
374D
330
1A
100
AcDbEntity
  8
3
100
AcDbText
 10
272.5333333333333
 20
438.2666666666666
 30
0.0
 40
3.0
  1
80
 50
90.0
  7
GHS
100
AcDbText
  0
LINE
  5
374E
330
1A
100
AcDbEntity
  8
0
100
AcDbLine
 10
352.6666666666667
 20
303.333333333333
 30
0.0
 11
368.6666666666667
 21
303.333333333333
 31
0.0
  0
LINE
  5
374F
330
1A
100
AcDbEntity
  8
0
100
AcDbLine
 10
352.6666666666667
 20
304.6666666666663
 30
0.0
 11
368.6666666666667
 21
304.6666666666663
 31
0.0
  0
LINE
  5
3750
330
1A
100
AcDbEntity
  8
0
100
AcDbLine
 10
366.6666666666667
 20
303.333333333333
 30
0.0
 11
366.6666666666667
 21
304.6666666666663
 31
0.0
  0
LWPOLYLINE
  5
3751
330
1A
100
AcDbEntity
  8
0
100
AcDbPolyline
 90
        2
 70
     1
 43
0.5
 10
366.4166666666667
 20
303.333333333333
 42
1.0
 10
366.9166666666667
 20
303.333333333333
 42
1.0
  0
LWPOLYLINE
  5
3752
330
1A
100
AcDbEntity
  8
0
100
AcDbPolyline
 90
        2
 70
     1
 43
0.5
 10
366.4166666666667
 20
304.6666666666663
 42
1.0
 10
366.9166666666667
 20
304.6666666666663
 42
1.0
  0
LINE
  5
3753
330
1A
100
AcDbEntity
  8
0
100
AcDbLine
 10
366.6666666666667
 20
293.333333333333
 30
0.0
 11
366.6666666666667
 21
303.333333333333
 31
0.0
  0
TEXT
  5
3754
330
1A
100
AcDbEntity
  8
3
100
AcDbText
 10
365.8666666666667
 20
296.0476190476187
 30
0.0
 40
3.0
  1
80
 50
90.0
  7
GHS
 72
     2
 11
365.8666666666667
 21
301.333333333333
 31
0.0
100
AcDbText
  0
LINE
  5
3755
330
1A
100
AcDbEntity
  8
0
100
AcDbLine
 10
352.6666666666667
 20
316.9999999999997
 30
0.0
 11
368.6666666666667
 21
316.9999999999997
 31
0.0
  0
LINE
  5
3756
330
1A
100
AcDbEntity
  8
0
100
AcDbLine
 10
366.6666666666667
 20
304.6666666666663
 30
0.0
 11
366.6666666666667
 21
316.9999999999997
 31
0.0
  0
LWPOLYLINE
  5
3757
330
1A
100
AcDbEntity
  8
0
100
AcDbPolyline
 90
        2
 70
     1
 43
0.5
 10
366.4166666666667
 20
316.9999999999997
 42
1.0
 10
366.9166666666667
 20
316.9999999999997
 42
1.0
  0
TEXT
  5
3758
330
1A
100
AcDbEntity
  8
3
100
AcDbText
 10
370.8666666666667
 20
306.5476190476187
 30
0.0
 40
3.0
  1
740
 50
90.0
  7
GHS
 72
     1
 11
370.8666666666667
 21
310.833333333333
 31
0.0
100
AcDbText
  0
LINE
  5
3759
330
1A
100
AcDbEntity
  8
0
100
AcDbLine
 10
352.6666666666667
 20
380.3333333333331
 30
0.0
 11
368.6666666666667
 21
380.3333333333331
 31
0.0
  0
LINE
  5
375A
330
1A
100
AcDbEntity
  8
0
100
AcDbLine
 10
366.6666666666667
 20
316.9999999999997
 30
0.0
 11
366.6666666666667
 21
380.3333333333331
 31
0.0
  0
LWPOLYLINE
  5
375B
330
1A
100
AcDbEntity
  8
0
100
AcDbPolyline
 90
        2
 70
     1
 43
0.5
 10
366.4166666666667
 20
380.3333333333331
 42
1.0
 10
366.9166666666667
 20
380.3333333333331
 42
1.0
  0
TEXT
  5
375C
330
1A
100
AcDbEntity
  8
3
100
AcDbText
 10
365.8666666666667
 20
342.9523809523807
 30
0.0
 40
3.0
  1
3800
 50
90.0
  7
GHS
 72
     1
 11
365.8666666666667
 21
348.6666666666664
 31
0.0
100
AcDbText
  0
LINE
  5
375D
330
1A
100
AcDbEntity
  8
0
100
AcDbLine
 10
352.6666666666667
 20
430.3333333333332
 30
0.0
 11
368.6666666666667
 21
430.3333333333332
 31
0.0
  0
LINE
  5
375E
330
1A
100
AcDbEntity
  8
0
100
AcDbLine
 10
366.6666666666667
 20
380.3333333333331
 30
0.0
 11
366.6666666666667
 21
430.3333333333332
 31
0.0
  0
LWPOLYLINE
  5
375F
330
1A
100
AcDbEntity
  8
0
100
AcDbPolyline
 90
        2
 70
     1
 43
0.5
 10
366.4166666666667
 20
430.3333333333332
 42
1.0
 10
366.9166666666667
 20
430.3333333333332
 42
1.0
  0
TEXT
  5
3760
330
1A
100
AcDbEntity
  8
3
100
AcDbText
 10
370.8666666666667
 20
399.6190476190475
 30
0.0
 40
3.0
  1
3000
 50
90.0
  7
GHS
 72
     1
 11
370.8666666666667
 21
405.3333333333331
 31
0.0
100
AcDbText
  0
LINE
  5
3761
330
1A
100
AcDbEntity
  8
0
100
AcDbLine
 10
352.6666666666667
 20
435.3333333333332
 30
0.0
 11
368.6666666666667
 21
435.3333333333332
 31
0.0
  0
LINE
  5
3762
330
1A
100
AcDbEntity
  8
0
100
AcDbLine
 10
366.6666666666667
 20
430.3333333333332
 30
0.0
 11
366.6666666666667
 21
435.3333333333332
 31
0.0
  0
LWPOLYLINE
  5
3763
330
1A
100
AcDbEntity
  8
0
100
AcDbPolyline
 90
        2
 70
     1
 43
0.5
 10
366.4166666666667
 20
435.3333333333332
 42
1.0
 10
366.9166666666667
 20
435.3333333333332
 42
1.0
  0
TEXT
  5
3764
330
1A
100
AcDbEntity
  8
3
100
AcDbText
 10
365.8666666666667
 20
428.5476190476189
 30
0.0
 40
3.0
  1
300
 50
90.0
  7
GHS
 72
     1
 11
365.8666666666667
 21
432.8333333333332
 31
0.0
100
AcDbText
  0
LINE
  5
3765
330
1A
100
AcDbEntity
  8
0
100
AcDbLine
 10
352.6666666666667
 20
436.6666666666666
 30
0.0
 11
368.6666666666667
 21
436.6666666666666
 31
0.0
  0
LINE
  5
3766
330
1A
100
AcDbEntity
  8
0
100
AcDbLine
 10
366.6666666666667
 20
435.3333333333332
 30
0.0
 11
366.6666666666667
 21
436.6666666666666
 31
0.0
  0
LWPOLYLINE
  5
3767
330
1A
100
AcDbEntity
  8
0
100
AcDbPolyline
 90
        2
 70
     1
 43
0.5
 10
366.4166666666667
 20
436.6666666666666
 42
1.0
 10
366.9166666666667
 20
436.6666666666666
 42
1.0
  0
LINE
  5
3768
330
1A
100
AcDbEntity
  8
0
100
AcDbLine
 10
366.6666666666667
 20
436.6666666666666
 30
0.0
 11
366.6666666666667
 21
446.6666666666665
 31
0.0
  0
TEXT
  5
3769
330
1A
100
AcDbEntity
  8
3
100
AcDbText
 10
365.8666666666667
 20
438.2666666666666
 30
0.0
 40
3.0
  1
80
 50
90.0
  7
GHS
100
AcDbText
  0
LINE
  5
376A
330
1A
100
AcDbEntity
  8
0
100
AcDbLine
 10
313.1843145751088
 20
434.767647908442
 30
0.0
 11
314.3156854250073
 21
435.8990187583405
 31
0.0
  0
LINE
  5
376B
330
1A
100
AcDbEntity
  8
0
100
AcDbLine
 10
293.75
 20
442.3333333333332
 30
0.0
 11
313.75
 21
442.3333333333332
 31
0.0
  0
LINE
  5
376C
330
1A
100
AcDbEntity
  8
0
100
AcDbLine
 10
313.75
 20
442.3333333333332
 30
0.0
 11
313.75
 21
435.3333333333332
 31
0.0
  0
CIRCLE
  5
376D
330
1A
100
AcDbEntity
  8
0
100
AcDbCircle
 10
297.75
 20
446.3333333333332
 30
0.0
 40
4.0
  0
TEXT
  5
376E
330
1A
100
AcDbEntity
  8
3
100
AcDbText
 10
294.6071428571428
 20
444.8333333333332
 30
0.0
 40
3.0
  1
W4
  7
GHS
 72
     1
 11
297.75
 21
444.8333333333332
 31
0.0
100
AcDbText
  0
TEXT
  5
376F
330
1A
100
AcDbEntity
  8
3
100
AcDbText
 10
303.3214285714286
 20
443.5333333333332
 30
0.0
 40
3.0
  1
D16
  7
GHS
 72
     1
 11
307.75
 21
443.5333333333332
 31
0.0
100
AcDbText
  0
LINE
  5
3770
330
1A
100
AcDbEntity
  8
0
100
AcDbLine
 10
324.6426479084421
 20
434.767647908442
 30
0.0
 11
325.7740187583406
 21
435.8990187583405
 31
0.0
  0
LINE
  5
3771
330
1A
100
AcDbEntity
  8
0
100
AcDbLine
 10
325.2083333333334
 20
435.3333333333332
 30
0.0
 11
325.2083333333334
 21
442.3333333333332
 31
0.0
  0
LINE
  5
3772
330
1A
100
AcDbEntity
  8
0
100
AcDbLine
 10
325.2083333333334
 20
442.3333333333332
 30
0.0
 11
345.2083333333334
 21
442.3333333333332
 31
0.0
  0
CIRCLE
  5
3773
330
1A
100
AcDbEntity
  8
0
100
AcDbCircle
 10
329.2083333333334
 20
446.3333333333332
 30
0.0
 40
4.0
  0
TEXT
  5
3774
330
1A
100
AcDbEntity
  8
3
100
AcDbText
 10
326.1369047619048
 20
444.8333333333332
 30
0.0
 40
3.0
  1
W5
  7
GHS
 72
     1
 11
329.2083333333334
 21
444.8333333333332
 31
0.0
100
AcDbText
  0
TEXT
  5
3775
330
1A
100
AcDbEntity
  8
3
100
AcDbText
 10
334.7797619047619
 20
443.5333333333332
 30
0.0
 40
3.0
  1
D16
  7
GHS
 72
     1
 11
339.2083333333334
 21
443.5333333333332
 31
0.0
100
AcDbText
  0
LINE
  5
3776
330
1A
100
AcDbEntity
  8
0
100
AcDbLine
 10
312.1426479084421
 20
304.1009812417751
 30
0.0
 11
313.2740187583406
 21
305.2323520916735
 31
0.0
  0
LINE
  5
3777
330
1A
100
AcDbEntity
  8
0
100
AcDbLine
 10
292.7083333333333
 20
290.333333333333
 30
0.0
 11
312.7083333333333
 21
290.333333333333
 31
0.0
  0
LINE
  5
3778
330
1A
100
AcDbEntity
  8
0
100
AcDbLine
 10
312.7083333333333
 20
290.333333333333
 30
0.0
 11
312.7083333333333
 21
304.6666666666663
 31
0.0
  0
CIRCLE
  5
3779
330
1A
100
AcDbEntity
  8
0
100
AcDbCircle
 10
296.7083333333333
 20
294.333333333333
 30
0.0
 40
4.0
  0
TEXT
  5
377A
330
1A
100
AcDbEntity
  8
3
100
AcDbText
 10
293.8511904761905
 20
292.833333333333
 30
0.0
 40
3.0
  1
F4
  7
GHS
 72
     1
 11
296.7083333333333
 21
292.833333333333
 31
0.0
100
AcDbText
  0
TEXT
  5
377B
330
1A
100
AcDbEntity
  8
3
100
AcDbText
 10
302.2797619047619
 20
291.533333333333
 30
0.0
 40
3.0
  1
D16
  7
GHS
 72
     1
 11
306.7083333333333
 21
291.533333333333
 31
0.0
100
AcDbText
  0
LINE
  5
377C
330
1A
100
AcDbEntity
  8
0
100
AcDbLine
 10
326.7259812417754
 20
316.4343145751084
 30
0.0
 11
327.8573520916739
 21
317.5656854250069
 31
0.0
  0
LINE
  5
377D
330
1A
100
AcDbEntity
  8
0
100
AcDbLine
 10
327.2916666666667
 20
316.9999999999997
 30
0.0
 11
327.2916666666667
 21
290.333333333333
 31
0.0
  0
LINE
  5
377E
330
1A
100
AcDbEntity
  8
0
100
AcDbLine
 10
327.2916666666667
 20
290.333333333333
 30
0.0
 11
347.2916666666667
 21
290.333333333333
 31
0.0
  0
CIRCLE
  5
377F
330
1A
100
AcDbEntity
  8
0
100
AcDbCircle
 10
331.2916666666667
 20
294.333333333333
 30
0.0
 40
4.0
  0
TEXT
  5
3780
330
1A
100
AcDbEntity
  8
3
100
AcDbText
 10
328.5059523809524
 20
292.833333333333
 30
0.0
 40
3.0
  1
F5
  7
GHS
 72
     1
 11
331.2916666666667
 21
292.833333333333
 31
0.0
100
AcDbText
  0
TEXT
  5
3781
330
1A
100
AcDbEntity
  8
3
100
AcDbText
 10
336.8630952380952
 20
291.533333333333
 30
0.0
 40
3.0
  1
D16
  7
GHS
 72
     1
 11
341.2916666666667
 21
291.533333333333
 31
0.0
100
AcDbText
  0
LINE
  5
3782
330
1A
100
AcDbEntity
  8
0
100
AcDbLine
 10
313.1843145751088
 20
319.7676479084418
 30
0.0
 11
314.3156854250073
 21
320.8990187583403
 31
0.0
  0
LINE
  5
3783
330
1A
100
AcDbEntity
  8
0
100
AcDbLine
 10
324.6426479084421
 20
319.7676479084418
 30
0.0
 11
325.7740187583406
 21
320.8990187583403
 31
0.0
  0
LINE
  5
3784
330
1A
100
AcDbEntity
  8
0
100
AcDbLine
 10
313.1843145751088
 20
323.1009812417751
 30
0.0
 11
314.3156854250073
 21
324.2323520916736
 31
0.0
  0
LINE
  5
3785
330
1A
100
AcDbEntity
  8
0
100
AcDbLine
 10
324.6426479084421
 20
323.1009812417751
 30
0.0
 11
325.7740187583406
 21
324.2323520916736
 31
0.0
  0
LINE
  5
3786
330
1A
100
AcDbEntity
  8
0
100
AcDbLine
 10
313.1843145751088
 20
326.4343145751084
 30
0.0
 11
314.3156854250073
 21
327.5656854250069
 31
0.0
  0
LINE
  5
3787
330
1A
100
AcDbEntity
  8
0
100
AcDbLine
 10
324.6426479084421
 20
326.4343145751084
 30
0.0
 11
325.7740187583406
 21
327.5656854250069
 31
0.0
  0
LINE
  5
3788
330
1A
100
AcDbEntity
  8
0
100
AcDbLine
 10
313.1843145751088
 20
329.7676479084418
 30
0.0
 11
314.3156854250073
 21
330.8990187583403
 31
0.0
  0
LINE
  5
3789
330
1A
100
AcDbEntity
  8
0
100
AcDbLine
 10
324.6426479084421
 20
329.7676479084418
 30
0.0
 11
325.7740187583406
 21
330.8990187583403
 31
0.0
  0
LINE
  5
378A
330
1A
100
AcDbEntity
  8
0
100
AcDbLine
 10
313.1843145751088
 20
333.1009812417751
 30
0.0
 11
314.3156854250073
 21
334.2323520916736
 31
0.0
  0
LINE
  5
378B
330
1A
100
AcDbEntity
  8
0
100
AcDbLine
 10
324.6426479084421
 20
333.1009812417751
 30
0.0
 11
325.7740187583406
 21
334.2323520916736
 31
0.0
  0
LINE
  5
378C
330
1A
100
AcDbEntity
  8
0
100
AcDbLine
 10
313.1843145751088
 20
336.4343145751085
 30
0.0
 11
314.3156854250073
 21
337.565685425007
 31
0.0
  0
LINE
  5
378D
330
1A
100
AcDbEntity
  8
0
100
AcDbLine
 10
324.6426479084421
 20
336.4343145751085
 30
0.0
 11
325.7740187583406
 21
337.565685425007
 31
0.0
  0
LINE
  5
378E
330
1A
100
AcDbEntity
  8
0
100
AcDbLine
 10
313.1843145751088
 20
339.7676479084418
 30
0.0
 11
314.3156854250073
 21
340.8990187583403
 31
0.0
  0
LINE
  5
378F
330
1A
100
AcDbEntity
  8
0
100
AcDbLine
 10
324.6426479084421
 20
339.7676479084418
 30
0.0
 11
325.7740187583406
 21
340.8990187583403
 31
0.0
  0
LINE
  5
3790
330
1A
100
AcDbEntity
  8
0
100
AcDbLine
 10
313.1843145751088
 20
343.1009812417752
 30
0.0
 11
314.3156854250073
 21
344.2323520916736
 31
0.0
  0
LINE
  5
3791
330
1A
100
AcDbEntity
  8
0
100
AcDbLine
 10
324.6426479084421
 20
343.1009812417752
 30
0.0
 11
325.7740187583406
 21
344.2323520916736
 31
0.0
  0
LINE
  5
3792
330
1A
100
AcDbEntity
  8
0
100
AcDbLine
 10
313.1843145751088
 20
346.4343145751085
 30
0.0
 11
314.3156854250073
 21
347.565685425007
 31
0.0
  0
LINE
  5
3793
330
1A
100
AcDbEntity
  8
0
100
AcDbLine
 10
324.6426479084421
 20
346.4343145751085
 30
0.0
 11
325.7740187583406
 21
347.565685425007
 31
0.0
  0
LINE
  5
3794
330
1A
100
AcDbEntity
  8
0
100
AcDbLine
 10
313.1843145751088
 20
349.7676479084419
 30
0.0
 11
314.3156854250073
 21
350.8990187583403
 31
0.0
  0
LINE
  5
3795
330
1A
100
AcDbEntity
  8
0
100
AcDbLine
 10
324.6426479084421
 20
349.7676479084419
 30
0.0
 11
325.7740187583406
 21
350.8990187583403
 31
0.0
  0
LINE
  5
3796
330
1A
100
AcDbEntity
  8
0
100
AcDbLine
 10
313.1843145751088
 20
353.1009812417752
 30
0.0
 11
314.3156854250073
 21
354.2323520916736
 31
0.0
  0
LINE
  5
3797
330
1A
100
AcDbEntity
  8
0
100
AcDbLine
 10
324.6426479084421
 20
353.1009812417752
 30
0.0
 11
325.7740187583406
 21
354.2323520916736
 31
0.0
  0
LINE
  5
3798
330
1A
100
AcDbEntity
  8
0
100
AcDbLine
 10
313.1843145751088
 20
356.4343145751085
 30
0.0
 11
314.3156854250073
 21
357.565685425007
 31
0.0
  0
LINE
  5
3799
330
1A
100
AcDbEntity
  8
0
100
AcDbLine
 10
324.6426479084421
 20
356.4343145751085
 30
0.0
 11
325.7740187583406
 21
357.565685425007
 31
0.0
  0
LINE
  5
379A
330
1A
100
AcDbEntity
  8
0
100
AcDbLine
 10
313.1843145751088
 20
359.7676479084419
 30
0.0
 11
314.3156854250073
 21
360.8990187583403
 31
0.0
  0
LINE
  5
379B
330
1A
100
AcDbEntity
  8
0
100
AcDbLine
 10
324.6426479084421
 20
359.7676479084419
 30
0.0
 11
325.7740187583406
 21
360.8990187583403
 31
0.0
  0
LINE
  5
379C
330
1A
100
AcDbEntity
  8
0
100
AcDbLine
 10
313.1843145751088
 20
363.1009812417752
 30
0.0
 11
314.3156854250073
 21
364.2323520916737
 31
0.0
  0
LINE
  5
379D
330
1A
100
AcDbEntity
  8
0
100
AcDbLine
 10
324.6426479084421
 20
363.1009812417752
 30
0.0
 11
325.7740187583406
 21
364.2323520916737
 31
0.0
  0
LINE
  5
379E
330
1A
100
AcDbEntity
  8
0
100
AcDbLine
 10
313.1843145751088
 20
366.4343145751085
 30
0.0
 11
314.3156854250073
 21
367.565685425007
 31
0.0
  0
LINE
  5
379F
330
1A
100
AcDbEntity
  8
0
100
AcDbLine
 10
324.6426479084421
 20
366.4343145751085
 30
0.0
 11
325.7740187583406
 21
367.565685425007
 31
0.0
  0
LINE
  5
37A0
330
1A
100
AcDbEntity
  8
0
100
AcDbLine
 10
313.1843145751088
 20
369.7676479084419
 30
0.0
 11
314.3156854250073
 21
370.8990187583403
 31
0.0
  0
LINE
  5
37A1
330
1A
100
AcDbEntity
  8
0
100
AcDbLine
 10
324.6426479084421
 20
369.7676479084419
 30
0.0
 11
325.7740187583406
 21
370.8990187583403
 31
0.0
  0
LINE
  5
37A2
330
1A
100
AcDbEntity
  8
0
100
AcDbLine
 10
313.1843145751088
 20
373.1009812417752
 30
0.0
 11
314.3156854250073
 21
374.2323520916737
 31
0.0
  0
LINE
  5
37A3
330
1A
100
AcDbEntity
  8
0
100
AcDbLine
 10
324.6426479084421
 20
373.1009812417752
 30
0.0
 11
325.7740187583406
 21
374.2323520916737
 31
0.0
  0
LINE
  5
37A4
330
1A
100
AcDbEntity
  8
0
100
AcDbLine
 10
313.1843145751088
 20
376.4343145751086
 30
0.0
 11
314.3156854250073
 21
377.565685425007
 31
0.0
  0
LINE
  5
37A5
330
1A
100
AcDbEntity
  8
0
100
AcDbLine
 10
324.6426479084421
 20
376.4343145751086
 30
0.0
 11
325.7740187583406
 21
377.565685425007
 31
0.0
  0
LINE
  5
37A6
330
1A
100
AcDbEntity
  8
0
100
AcDbLine
 10
313.1843145751088
 20
379.7676479084419
 30
0.0
 11
314.3156854250073
 21
380.8990187583404
 31
0.0
  0
LINE
  5
37A7
330
1A
100
AcDbEntity
  8
0
100
AcDbLine
 10
324.6426479084421
 20
379.7676479084419
 30
0.0
 11
325.7740187583406
 21
380.8990187583404
 31
0.0
  0
LINE
  5
37A8
330
1A
100
AcDbEntity
  8
0
100
AcDbLine
 10
313.1843145751088
 20
383.1009812417752
 30
0.0
 11
314.3156854250073
 21
384.2323520916737
 31
0.0
  0
LINE
  5
37A9
330
1A
100
AcDbEntity
  8
0
100
AcDbLine
 10
324.6426479084421
 20
383.1009812417752
 30
0.0
 11
325.7740187583406
 21
384.2323520916737
 31
0.0
  0
LINE
  5
37AA
330
1A
100
AcDbEntity
  8
0
100
AcDbLine
 10
313.1843145751088
 20
386.4343145751086
 30
0.0
 11
314.3156854250073
 21
387.565685425007
 31
0.0
  0
LINE
  5
37AB
330
1A
100
AcDbEntity
  8
0
100
AcDbLine
 10
324.6426479084421
 20
386.4343145751086
 30
0.0
 11
325.7740187583406
 21
387.565685425007
 31
0.0
  0
LINE
  5
37AC
330
1A
100
AcDbEntity
  8
0
100
AcDbLine
 10
313.1843145751088
 20
389.7676479084419
 30
0.0
 11
314.3156854250073
 21
390.8990187583404
 31
0.0
  0
LINE
  5
37AD
330
1A
100
AcDbEntity
  8
0
100
AcDbLine
 10
324.6426479084421
 20
389.7676479084419
 30
0.0
 11
325.7740187583406
 21
390.8990187583404
 31
0.0
  0
LINE
  5
37AE
330
1A
100
AcDbEntity
  8
0
100
AcDbLine
 10
313.1843145751088
 20
393.1009812417753
 30
0.0
 11
314.3156854250073
 21
394.2323520916738
 31
0.0
  0
LINE
  5
37AF
330
1A
100
AcDbEntity
  8
0
100
AcDbLine
 10
324.6426479084421
 20
393.1009812417753
 30
0.0
 11
325.7740187583406
 21
394.2323520916738
 31
0.0
  0
LINE
  5
37B0
330
1A
100
AcDbEntity
  8
0
100
AcDbLine
 10
313.1843145751088
 20
396.4343145751086
 30
0.0
 11
314.3156854250073
 21
397.5656854250071
 31
0.0
  0
LINE
  5
37B1
330
1A
100
AcDbEntity
  8
0
100
AcDbLine
 10
324.6426479084421
 20
396.4343145751086
 30
0.0
 11
325.7740187583406
 21
397.5656854250071
 31
0.0
  0
LINE
  5
37B2
330
1A
100
AcDbEntity
  8
0
100
AcDbLine
 10
313.1843145751088
 20
399.7676479084419
 30
0.0
 11
314.3156854250073
 21
400.8990187583403
 31
0.0
  0
LINE
  5
37B3
330
1A
100
AcDbEntity
  8
0
100
AcDbLine
 10
324.6426479084421
 20
399.7676479084419
 30
0.0
 11
325.7740187583406
 21
400.8990187583403
 31
0.0
  0
LINE
  5
37B4
330
1A
100
AcDbEntity
  8
0
100
AcDbLine
 10
313.1843145751088
 20
403.1009812417752
 30
0.0
 11
314.3156854250073
 21
404.2323520916737
 31
0.0
  0
LINE
  5
37B5
330
1A
100
AcDbEntity
  8
0
100
AcDbLine
 10
324.6426479084421
 20
403.1009812417752
 30
0.0
 11
325.7740187583406
 21
404.2323520916737
 31
0.0
  0
LINE
  5
37B6
330
1A
100
AcDbEntity
  8
0
100
AcDbLine
 10
313.1843145751088
 20
406.4343145751085
 30
0.0
 11
314.3156854250073
 21
407.5656854250071
 31
0.0
  0
LINE
  5
37B7
330
1A
100
AcDbEntity
  8
0
100
AcDbLine
 10
324.6426479084421
 20
406.4343145751085
 30
0.0
 11
325.7740187583406
 21
407.5656854250071
 31
0.0
  0
LINE
  5
37B8
330
1A
100
AcDbEntity
  8
0
100
AcDbLine
 10
313.1843145751088
 20
409.767647908442
 30
0.0
 11
314.3156854250073
 21
410.8990187583404
 31
0.0
  0
LINE
  5
37B9
330
1A
100
AcDbEntity
  8
0
100
AcDbLine
 10
324.6426479084421
 20
409.767647908442
 30
0.0
 11
325.7740187583406
 21
410.8990187583404
 31
0.0
  0
LINE
  5
37BA
330
1A
100
AcDbEntity
  8
0
100
AcDbLine
 10
313.1843145751088
 20
413.1009812417753
 30
0.0
 11
314.3156854250073
 21
414.2323520916737
 31
0.0
  0
LINE
  5
37BB
330
1A
100
AcDbEntity
  8
0
100
AcDbLine
 10
324.6426479084421
 20
413.1009812417753
 30
0.0
 11
325.7740187583406
 21
414.2323520916737
 31
0.0
  0
LINE
  5
37BC
330
1A
100
AcDbEntity
  8
0
100
AcDbLine
 10
313.1843145751088
 20
416.4343145751086
 30
0.0
 11
314.3156854250073
 21
417.5656854250071
 31
0.0
  0
LINE
  5
37BD
330
1A
100
AcDbEntity
  8
0
100
AcDbLine
 10
324.6426479084421
 20
416.4343145751086
 30
0.0
 11
325.7740187583406
 21
417.5656854250071
 31
0.0
  0
LINE
  5
37BE
330
1A
100
AcDbEntity
  8
0
100
AcDbLine
 10
313.1843145751088
 20
419.7676479084419
 30
0.0
 11
314.3156854250073
 21
420.8990187583404
 31
0.0
  0
LINE
  5
37BF
330
1A
100
AcDbEntity
  8
0
100
AcDbLine
 10
324.6426479084421
 20
419.7676479084419
 30
0.0
 11
325.7740187583406
 21
420.8990187583404
 31
0.0
  0
LINE
  5
37C0
330
1A
100
AcDbEntity
  8
0
100
AcDbLine
 10
313.1843145751088
 20
423.1009812417752
 30
0.0
 11
314.3156854250073
 21
424.2323520916738
 31
0.0
  0
LINE
  5
37C1
330
1A
100
AcDbEntity
  8
0
100
AcDbLine
 10
324.6426479084421
 20
423.1009812417752
 30
0.0
 11
325.7740187583406
 21
424.2323520916738
 31
0.0
  0
LINE
  5
37C2
330
1A
100
AcDbEntity
  8
0
100
AcDbLine
 10
313.1843145751088
 20
426.4343145751086
 30
0.0
 11
314.3156854250073
 21
427.5656854250071
 31
0.0
  0
LINE
  5
37C3
330
1A
100
AcDbEntity
  8
0
100
AcDbLine
 10
324.6426479084421
 20
426.4343145751086
 30
0.0
 11
325.7740187583406
 21
427.5656854250071
 31
0.0
  0
LINE
  5
37C4
330
1A
100
AcDbEntity
  8
0
100
AcDbLine
 10
313.1843145751088
 20
429.767647908442
 30
0.0
 11
314.3156854250073
 21
430.8990187583405
 31
0.0
  0
LINE
  5
37C5
330
1A
100
AcDbEntity
  8
0
100
AcDbLine
 10
324.6426479084421
 20
429.767647908442
 30
0.0
 11
325.7740187583406
 21
430.8990187583405
 31
0.0
  0
LINE
  5
37C6
330
1A
100
AcDbEntity
  8
0
100
AcDbLine
 10
313.1843145751088
 20
432.267647908442
 30
0.0
 11
314.3156854250073
 21
433.3990187583404
 31
0.0
  0
LINE
  5
37C7
330
1A
100
AcDbEntity
  8
0
100
AcDbLine
 10
324.6426479084421
 20
432.267647908442
 30
0.0
 11
325.7740187583406
 21
433.3990187583404
 31
0.0
  0
LINE
  5
37C8
330
1A
100
AcDbEntity
  8
0
100
AcDbLine
 10
313.75
 20
435.3333333333332
 30
0.0
 11
313.75
 21
320.333333333333
 31
0.0
  0
LINE
  5
37C9
330
1A
100
AcDbEntity
  8
0
100
AcDbLine
 10
325.2083333333334
 20
435.3333333333332
 30
0.0
 11
325.2083333333334
 21
320.333333333333
 31
0.0
  0
LINE
  5
37CA
330
1A
100
AcDbEntity
  8
0
100
AcDbLine
 10
319.4343145751088
 20
402.2676479084418
 30
0.0
 11
320.5656854250073
 21
403.3990187583404
 31
0.0
  0
LINE
  5
37CB
330
1A
100
AcDbEntity
  8
0
100
AcDbLine
 10
319.4343145751088
 20
411.9898701306641
 30
0.0
 11
320.5656854250073
 21
413.1212409805626
 31
0.0
  0
LINE
  5
37CC
330
1A
100
AcDbEntity
  8
0
100
AcDbLine
 10
315.2676479084421
 20
402.2676479084418
 30
0.0
 11
316.3990187583406
 21
403.3990187583404
 31
0.0
  0
LINE
  5
37CD
330
1A
100
AcDbEntity
  8
0
100
AcDbLine
 10
323.6009812417754
 20
411.9898701306641
 30
0.0
 11
324.7323520916739
 21
413.1212409805626
 31
0.0
  0
LINE
  5
37CE
330
1A
100
AcDbEntity
  8
0
100
AcDbLine
 10
321.5176479084421
 20
328.1009812417751
 30
0.0
 11
322.6490187583406
 21
329.2323520916736
 31
0.0
  0
LINE
  5
37CF
330
1A
100
AcDbEntity
  8
0
100
AcDbLine
 10
311.1009812417754
 20
402.2676479084418
 30
0.0
 11
312.2323520916739
 21
403.3990187583404
 31
0.0
  0
LINE
  5
37D0
330
1A
100
AcDbEntity
  8
0
100
AcDbLine
 10
327.7676479084421
 20
411.9898701306641
 30
0.0
 11
328.8990187583406
 21
413.1212409805626
 31
0.0
  0
LINE
  5
37D1
330
1A
100
AcDbEntity
  8
0
100
AcDbLine
 10
325.6843145751088
 20
328.1009812417751
 30
0.0
 11
326.8156854250073
 21
329.2323520916736
 31
0.0
  0
LINE
  5
37D2
330
1A
100
AcDbEntity
  8
0
100
AcDbLine
 10
306.9343145751088
 20
402.2676479084418
 30
0.0
 11
308.0656854250073
 21
403.3990187583404
 31
0.0
  0
LINE
  5
37D3
330
1A
100
AcDbEntity
  8
0
100
AcDbLine
 10
331.9343145751088
 20
411.9898701306641
 30
0.0
 11
333.0656854250073
 21
413.1212409805626
 31
0.0
  0
LINE
  5
37D4
330
1A
100
AcDbEntity
  8
0
100
AcDbLine
 10
329.8509812417754
 20
328.1009812417751
 30
0.0
 11
330.9823520916739
 21
329.2323520916736
 31
0.0
  0
LINE
  5
37D5
330
1A
100
AcDbEntity
  8
0
100
AcDbLine
 10
320.0
 20
412.5555555555553
 30
0.0
 11
336.6666666666667
 21
412.5555555555553
 31
0.0
  0
LINE
  5
37D6
330
1A
100
AcDbEntity
  8
0
100
AcDbLine
 10
320.0
 20
402.8333333333331
 30
0.0
 11
303.3333333333333
 21
402.8333333333331
 31
0.0
  0
LINE
  5
37D7
330
1A
100
AcDbEntity
  8
0
100
AcDbLine
 10
322.0833333333333
 20
328.6666666666663
 30
0.0
 11
334.5833333333334
 21
328.6666666666663
 31
0.0
  0
LINE
  5
37D8
330
1A
100
AcDbEntity
  8
0
100
AcDbLine
 10
336.1009812417754
 20
411.9898701306641
 30
0.0
 11
337.2323520916739
 21
413.1212409805626
 31
0.0
  0
LINE
  5
37D9
330
1A
100
AcDbEntity
  8
0
100
AcDbLine
 10
336.6666666666667
 20
412.5555555555553
 30
0.0
 11
339.6666666666667
 21
412.5555555555553
 31
0.0
  0
LINE
  5
37DA
330
1A
100
AcDbEntity
  8
0
100
AcDbLine
 10
339.6666666666667
 20
412.5555555555553
 30
0.0
 11
359.6666666666667
 21
412.5555555555553
 31
0.0
  0
CIRCLE
  5
37DB
330
1A
100
AcDbEntity
  8
0
100
AcDbCircle
 10
343.6666666666667
 20
416.5555555555553
 30
0.0
 40
4.0
  0
TEXT
  5
37DC
330
1A
100
AcDbEntity
  8
3
100
AcDbText
 10
341.0238095238095
 20
415.0555555555554
 30
0.0
 40
3.0
  1
W1
  7
GHS
 72
     1
 11
343.6666666666667
 21
415.0555555555554
 31
0.0
100
AcDbText
  0
TEXT
  5
37DD
330
1A
100
AcDbEntity
  8
3
100
AcDbText
 10
349.2380952380953
 20
413.7555555555553
 30
0.0
 40
3.0
  1
D25
  7
GHS
 72
     1
 11
353.6666666666667
 21
413.7555555555553
 31
0.0
100
AcDbText
  0
LINE
  5
37DE
330
1A
100
AcDbEntity
  8
0
100
AcDbLine
 10
334.0176479084421
 20
328.1009812417751
 30
0.0
 11
335.1490187583406
 21
329.2323520916736
 31
0.0
  0
LINE
  5
37DF
330
1A
100
AcDbEntity
  8
0
100
AcDbLine
 10
334.5833333333334
 20
328.6666666666663
 30
0.0
 11
339.6666666666667
 21
328.6666666666663
 31
0.0
  0
LINE
  5
37E0
330
1A
100
AcDbEntity
  8
0
100
AcDbLine
 10
339.6666666666667
 20
328.6666666666663
 30
0.0
 11
359.6666666666667
 21
328.6666666666663
 31
0.0
  0
CIRCLE
  5
37E1
330
1A
100
AcDbEntity
  8
0
100
AcDbCircle
 10
343.6666666666667
 20
332.6666666666663
 30
0.0
 40
4.0
  0
TEXT
  5
37E2
330
1A
100
AcDbEntity
  8
3
100
AcDbText
 10
340.5952380952381
 20
331.1666666666663
 30
0.0
 40
3.0
  1
W2
  7
GHS
 72
     1
 11
343.6666666666667
 21
331.1666666666663
 31
0.0
100
AcDbText
  0
TEXT
  5
37E3
330
1A
100
AcDbEntity
  8
3
100
AcDbText
 10
349.2380952380953
 20
329.8666666666663
 30
0.0
 40
3.0
  1
D25
  7
GHS
 72
     1
 11
353.6666666666667
 21
329.8666666666663
 31
0.0
100
AcDbText
  0
LINE
  5
37E4
330
1A
100
AcDbEntity
  8
0
100
AcDbLine
 10
302.7676479084421
 20
402.2676479084418
 30
0.0
 11
303.8990187583406
 21
403.3990187583404
 31
0.0
  0
LINE
  5
37E5
330
1A
100
AcDbEntity
  8
0
100
AcDbLine
 10
281.3333333333333
 20
402.8333333333331
 30
0.0
 11
301.3333333333333
 21
402.8333333333331
 31
0.0
  0
LINE
  5
37E6
330
1A
100
AcDbEntity
  8
0
100
AcDbLine
 10
301.3333333333333
 20
402.8333333333331
 30
0.0
 11
303.3333333333333
 21
402.8333333333331
 31
0.0
  0
CIRCLE
  5
37E7
330
1A
100
AcDbEntity
  8
0
100
AcDbCircle
 10
285.3333333333333
 20
406.8333333333331
 30
0.0
 40
4.0
  0
TEXT
  5
37E8
330
1A
100
AcDbEntity
  8
3
100
AcDbText
 10
282.2619047619048
 20
405.3333333333331
 30
0.0
 40
3.0
  1
W3
  7
GHS
 72
     1
 11
285.3333333333333
 21
405.3333333333331
 31
0.0
100
AcDbText
  0
TEXT
  5
37E9
330
1A
100
AcDbEntity
  8
3
100
AcDbText
 10
290.9047619047619
 20
404.0333333333331
 30
0.0
 40
3.0
  1
D13
  7
GHS
 72
     1
 11
295.3333333333333
 21
404.0333333333331
 31
0.0
100
AcDbText
  0
TEXT
  5
37EA
330
1A
100
AcDbEntity
  8
3
100
AcDbText
 10
614.4285714285715
 20
494.8999999999999
 30
0.0
 40
3.0
  1
8.0
  7
GHS
 72
     4
 11
618.0
 21
496.3999999999999
 31
0.0
100
AcDbText
  0
TEXT
  5
37EB
330
1A
100
AcDbEntity
  8
3
100
AcDbText
 10
614.4285714285715
 20
487.6999999999999
 30
0.0
 40
3.0
  1
0.0
  7
GHS
 72
     4
 11
618.0
 21
489.2
 31
0.0
100
AcDbText
  0
TEXT
  5
37EC
330
1A
100
AcDbEntity
  8
3
100
AcDbText
 10
613.0
 20
480.4999999999999
 30
0.0
 40
3.0
  1
30.0
  7
GHS
 72
     4
 11
618.0
 21
482.0
 31
0.0
100
AcDbText
  0
TEXT
  5
37ED
330
1A
100
AcDbEntity
  8
3
100
AcDbText
 10
612.7857142857143
 20
473.3
 30
0.0
 40
3.0
  1
19.0
  7
GHS
 72
     4
 11
618.0
 21
474.8
 31
0.0
100
AcDbText
  0
TEXT
  5
37EE
330
1A
100
AcDbEntity
  8
3
100
AcDbText
 10
611.5714285714285
 20
415.7
 30
0.0
 40
3.0
  1
0.055
  7
GHS
 72
     4
 11
618.0
 21
417.1999999999999
 31
0.0
100
AcDbText
  0
TEXT
  5
37EF
330
1A
100
AcDbEntity
  8
3
100
AcDbText
 10
581.4285714285714
 20
415.9142857142857
 30
0.0
 40
3.0
  1
(A=0.110)
  7
GHS
 72
     4
 11
593.0
 21
417.1999999999999
 31
0.0
100
AcDbText
  0
TEXT
  5
37F0
330
1A
100
AcDbEntity
  8
3
100
AcDbText
 10
737.0
 20
494.8999999999999
 30
0.0
 40
3.0
  1
0.00
  7
GHS
 72
     1
 11
742.0
 21
496.3999999999999
 31
0.0
100
AcDbText
 73
     2
  0
TEXT
  5
37F1
330
1A
100
AcDbEntity
  8
3
100
AcDbText
 10
734.1428571428571
 20
487.6999999999999
 30
0.0
 40
3.0
  1
757.77
  7
GHS
 72
     1
 11
742.0
 21
489.2
 31
0.0
100
AcDbText
 73
     2
  0
TEXT
  5
37F2
330
1A
100
AcDbEntity
  8
3
100
AcDbText
 10
734.1428571428571
 20
480.4999999999999
 30
0.0
 40
3.0
  1
757.77
  7
GHS
 72
     1
 11
742.0
 21
482.0
 31
0.0
100
AcDbText
 73
     2
  0
TEXT
  5
37F3
330
1A
100
AcDbEntity
  8
3
100
AcDbText
 10
734.1428571428571
 20
473.3
 30
0.0
 40
3.0
  1
229.33
  7
GHS
 72
     1
 11
742.0
 21
474.8
 31
0.0
100
AcDbText
 73
     2
  0
TEXT
  5
37F4
330
1A
100
AcDbEntity
  8
3
100
AcDbText
 10
734.1428571428571
 20
466.1
 30
0.0
 40
3.0
  1
364.12
  7
GHS
 72
     1
 11
742.0
 21
467.6
 31
0.0
100
AcDbText
 73
     2
  0
TEXT
  5
37F5
330
1A
100
AcDbEntity
  8
3
100
AcDbText
 10
736.0
 20
458.8999999999999
 30
0.0
 40
3.0
  1
0.481
  7
GHS
 72
     1
 11
742.0
 21
460.4
 31
0.0
100
AcDbText
 73
     2
  0
TEXT
  5
37F6
330
1A
100
AcDbEntity
  8
3
100
AcDbText
 10
734.1428571428571
 20
451.7
 30
0.0
 40
3.0
  1
226.52
  7
GHS
 72
     1
 11
742.0
 21
453.2
 31
0.0
100
AcDbText
 73
     2
  0
TEXT
  5
37F7
330
1A
100
AcDbEntity
  8
3
100
AcDbText
 10
735.5
 20
444.5
 30
0.0
 40
3.0
  1
64.93
  7
GHS
 72
     1
 11
742.0
 21
446.0
 31
0.0
100
AcDbText
 73
     2
  0
TEXT
  5
37F8
330
1A
100
AcDbEntity
  8
3
100
AcDbText
 10
735.5714285714285
 20
437.3
 30
0.0
 40
3.0
  1
5.200
  7
GHS
 72
     1
 11
742.0
 21
438.7999999999999
 31
0.0
100
AcDbText
 73
     2
  0
TEXT
  5
37F9
330
1A
100
AcDbEntity
  8
3
100
AcDbText
 10
769.0
 20
494.8999999999999
 30
0.0
 40
3.0
  1
0.00
  7
GHS
 72
     1
 11
774.0
 21
496.3999999999999
 31
0.0
100
AcDbText
 73
     2
  0
TEXT
  5
37FA
330
1A
100
AcDbEntity
  8
3
100
AcDbText
 10
766.2142857142856
 20
487.6999999999999
 30
0.0
 40
3.0
  1
718.19
  7
GHS
 72
     1
 11
774.0
 21
489.2
 31
0.0
100
AcDbText
 73
     2
  0
TEXT
  5
37FB
330
1A
100
AcDbEntity
  8
3
100
AcDbText
 10
766.2142857142856
 20
480.4999999999999
 30
0.0
 40
3.0
  1
718.19
  7
GHS
 72
     1
 11
774.0
 21
482.0
 31
0.0
100
AcDbText
 73
     2
  0
TEXT
  5
37FC
330
1A
100
AcDbEntity
  8
3
100
AcDbText
 10
766.1428571428571
 20
473.3
 30
0.0
 40
3.0
  1
261.47
  7
GHS
 72
     1
 11
774.0
 21
474.8
 31
0.0
100
AcDbText
 73
     2
  0
TEXT
  5
37FD
330
1A
100
AcDbEntity
  8
3
100
AcDbText
 10
766.1428571428571
 20
466.1
 30
0.0
 40
3.0
  1
560.20
  7
GHS
 72
     1
 11
774.0
 21
467.6
 31
0.0
100
AcDbText
 73
     2
  0
TEXT
  5
37FE
330
1A
100
AcDbEntity
  8
3
100
AcDbText
 10
767.5714285714285
 20
458.8999999999999
 30
0.0
 40
3.0
  1
0.780
  7
GHS
 72
     1
 11
774.0
 21
460.4
 31
0.0
100
AcDbText
 73
     2
  0
TEXT
  5
37FF
330
1A
100
AcDbEntity
  8
3
100
AcDbText
 10
766.1428571428571
 20
451.7
 30
0.0
 40
3.0
  1
262.42
  7
GHS
 72
     1
 11
774.0
 21
453.2
 31
0.0
100
AcDbText
 73
     2
  0
TEXT
  5
3800
330
1A
100
AcDbEntity
  8
3
100
AcDbText
 10
767.7857142857143
 20
444.5
 30
0.0
 40
3.0
  1
13.81
  7
GHS
 72
     1
 11
774.0
 21
446.0
 31
0.0
100
AcDbText
 73
     2
  0
TEXT
  5
3801
330
1A
100
AcDbEntity
  8
3
100
AcDbText
 10
767.5714285714285
 20
437.3
 30
0.0
 40
3.0
  1
5.200
  7
GHS
 72
     1
 11
774.0
 21
438.7999999999999
 31
0.0
100
AcDbText
 73
     2
  0
INSERT
  5
38BC
330
1A
100
AcDbEntity
  8
3
100
AcDbBlockReference
  2
STB24
 10
465.0
 20
372.9
 30
0.0
  0
TEXT
  5
38BD
330
1A
100
AcDbEntity
  8
3
100
AcDbText
 10
468.3571428571428
 20
289.5
 30
0.0
 40
3.0
  1
W1
  7
GHS
 72
     4
 11
471.0
 21
291.0
 31
0.0
100
AcDbText
  0
TEXT
  5
38BE
330
1A
100
AcDbEntity
  8
3
100
AcDbText
 10
481.7857142857143
 20
289.5
 30
0.0
 40
3.0
  1
1
  7
GHS
 72
     4
 11
483.0
 21
291.0
 31
0.0
100
AcDbText
  0
TEXT
  5
38BF
330
1A
100
AcDbEntity
  8
3
100
AcDbText
 10
490.5714285714285
 20
289.5
 30
0.0
 40
3.0
  1
D25
  7
GHS
 72
     4
 11
495.0
 21
291.0
 31
0.0
100
AcDbText
  0
TEXT
  5
38C0
330
1A
100
AcDbEntity
  8
3
100
AcDbText
 10
505.4999999999999
 20
289.5
 30
0.0
 40
3.0
  1
4
  7
GHS
 72
     4
 11
507.0
 21
291.0
 31
0.0
100
AcDbText
  0
TEXT
  5
38C1
330
1A
100
AcDbEntity
  8
3
100
AcDbText
 10
517.2857142857143
 20
289.5
 30
0.0
 40
3.0
  1
9096
  7
GHS
 72
     4
 11
523.0
 21
291.0
 31
0.0
100
AcDbText
  0
TEXT
  5
38C2
330
1A
100
AcDbEntity
  8
3
100
AcDbText
 10
534.2857142857143
 20
289.5
 30
0.0
 40
3.0
  1
7856
  7
GHS
 72
     4
 11
540.0
 21
291.0
 31
0.0
100
AcDbText
  0
TEXT
  5
38C3
330
1A
100
AcDbEntity
  8
3
100
AcDbText
 10
550.7142857142857
 20
289.5
 30
0.0
 40
3.0
  1
500
  7
GHS
 72
     4
 11
555.0
 21
291.0
 31
0.0
100
AcDbText
  0
TEXT
  5
38C4
330
1A
100
AcDbEntity
  8
3
100
AcDbText
 10
565.7142857142856
 20
289.5
 30
0.0
 40
3.0
  1
506
  7
GHS
 72
     4
 11
570.0
 21
291.0
 31
0.0
100
AcDbText
  0
TEXT
  5
38C5
330
1A
100
AcDbEntity
  8
3
100
AcDbText
 10
625.7142857142857
 20
289.5
 30
0.0
 40
3.0
  1
740
  7
GHS
 72
     4
 11
630.0
 21
291.0
 31
0.0
100
AcDbText
  0
TEXT
  5
38C6
330
1A
100
AcDbEntity
  8
3
100
AcDbText
 10
467.9285714285714
 20
283.5
 30
0.0
 40
3.0
  1
W2
  7
GHS
 72
     4
 11
471.0
 21
285.0
 31
0.0
100
AcDbText
  0
TEXT
  5
38C7
330
1A
100
AcDbEntity
  8
3
100
AcDbText
 10
481.7857142857143
 20
283.5
 30
0.0
 40
3.0
  1
1
  7
GHS
 72
     4
 11
483.0
 21
285.0
 31
0.0
100
AcDbText
  0
TEXT
  5
38C8
330
1A
100
AcDbEntity
  8
3
100
AcDbText
 10
490.5714285714285
 20
283.5
 30
0.0
 40
3.0
  1
D25
  7
GHS
 72
     4
 11
495.0
 21
285.0
 31
0.0
100
AcDbText
  0
TEXT
  5
38C9
330
1A
100
AcDbEntity
  8
3
100
AcDbText
 10
505.4999999999999
 20
283.5
 30
0.0
 40
3.0
  1
4
  7
GHS
 72
     4
 11
507.0
 21
285.0
 31
0.0
100
AcDbText
  0
TEXT
  5
38CA
330
1A
100
AcDbEntity
  8
3
100
AcDbText
 10
517.2142857142857
 20
283.5
 30
0.0
 40
3.0
  1
5144
  7
GHS
 72
     4
 11
523.0
 21
285.0
 31
0.0
100
AcDbText
  0
TEXT
  5
38CB
330
1A
100
AcDbEntity
  8
3
100
AcDbText
 10
534.2142857142857
 20
283.5
 30
0.0
 40
3.0
  1
4644
  7
GHS
 72
     4
 11
540.0
 21
285.0
 31
0.0
100
AcDbText
  0
TEXT
  5
38CC
330
1A
100
AcDbEntity
  8
3
100
AcDbText
 10
550.7142857142857
 20
283.5
 30
0.0
 40
3.0
  1
500
  7
GHS
 72
     4
 11
555.0
 21
285.0
 31
0.0
100
AcDbText
  0
TEXT
  5
38CD
330
1A
100
AcDbEntity
  8
3
100
AcDbText
 10
565.7142857142856
 20
283.5
 30
0.0
 40
3.0
  1
306
  7
GHS
 72
     4
 11
570.0
 21
285.0
 31
0.0
100
AcDbText
  0
TEXT
  5
38CE
330
1A
100
AcDbEntity
  8
3
100
AcDbText
 10
467.9285714285714
 20
277.5
 30
0.0
 40
3.0
  1
W3
  7
GHS
 72
     4
 11
471.0
 21
279.0
 31
0.0
100
AcDbText
  0
TEXT
  5
38CF
330
1A
100
AcDbEntity
  8
3
100
AcDbText
 10
481.7857142857143
 20
277.5
 30
0.0
 40
3.0
  1
1
  7
GHS
 72
     4
 11
483.0
 21
279.0
 31
0.0
100
AcDbText
  0
TEXT
  5
38D0
330
1A
100
AcDbEntity
  8
3
100
AcDbText
 10
490.5714285714285
 20
277.5
 30
0.0
 40
3.0
  1
D13
  7
GHS
 72
     4
 11
495.0
 21
279.0
 31
0.0
100
AcDbText
  0
TEXT
  5
38D1
330
1A
100
AcDbEntity
  8
3
100
AcDbText
 10
505.4999999999999
 20
277.5
 30
0.0
 40
3.0
  1
4
  7
GHS
 72
     4
 11
507.0
 21
279.0
 31
0.0
100
AcDbText
  0
TEXT
  5
38D2
330
1A
100
AcDbEntity
  8
3
100
AcDbText
 10
517.2857142857143
 20
277.5
 30
0.0
 40
3.0
  1
8000
  7
GHS
 72
     4
 11
523.0
 21
279.0
 31
0.0
100
AcDbText
  0
TEXT
  5
38D3
330
1A
100
AcDbEntity
  8
3
100
AcDbText
 10
534.2857142857143
 20
277.5
 30
0.0
 40
3.0
  1
7800
  7
GHS
 72
     4
 11
540.0
 21
279.0
 31
0.0
100
AcDbText
  0
TEXT
  5
38D4
330
1A
100
AcDbEntity
  8
3
100
AcDbText
 10
550.7142857142857
 20
277.5
 30
0.0
 40
3.0
  1
200
  7
GHS
 72
     4
 11
555.0
 21
279.0
 31
0.0
100
AcDbText
  0
TEXT
  5
38D5
330
1A
100
AcDbEntity
  8
3
100
AcDbText
 10
565.5
 20
277.5
 30
0.0
 40
3.0
  1
157
  7
GHS
 72
     4
 11
570.0
 21
279.0
 31
0.0
100
AcDbText
  0
TEXT
  5
38D6
330
1A
100
AcDbEntity
  8
3
100
AcDbText
 10
467.8571428571428
 20
271.5
 30
0.0
 40
3.0
  1
W4
  7
GHS
 72
     4
 11
471.0
 21
273.0
 31
0.0
100
AcDbText
  0
TEXT
  5
38D7
330
1A
100
AcDbEntity
  8
3
100
AcDbText
 10
481.5
 20
271.5
 30
0.0
 40
3.0
  1
4
  7
GHS
 72
     4
 11
483.0
 21
273.0
 31
0.0
100
AcDbText
  0
TEXT
  5
38D8
330
1A
100
AcDbEntity
  8
3
100
AcDbText
 10
490.5714285714285
 20
271.5
 30
0.0
 40
3.0
  1
D16
  7
GHS
 72
     4
 11
495.0
 21
273.0
 31
0.0
100
AcDbText
  0
TEXT
  5
38D9
330
1A
100
AcDbEntity
  8
3
100
AcDbText
 10
504.1428571428571
 20
271.5
 30
0.0
 40
3.0
  1
36
  7
GHS
 72
     4
 11
507.0
 21
273.0
 31
0.0
100
AcDbText
  0
TEXT
  5
38DA
330
1A
100
AcDbEntity
  8
3
100
AcDbText
 10
517.0714285714285
 20
271.5
 30
0.0
 40
3.0
  1
1048
  7
GHS
 72
     4
 11
523.0
 21
273.0
 31
0.0
100
AcDbText
  0
TEXT
  5
38DB
330
1A
100
AcDbEntity
  8
3
100
AcDbText
 10
534.0714285714285
 20
271.5
 30
0.0
 40
3.0
  1
1000
  7
GHS
 72
     4
 11
540.0
 21
273.0
 31
0.0
100
AcDbText
  0
TEXT
  5
38DC
330
1A
100
AcDbEntity
  8
3
100
AcDbText
 10
627.1428571428571
 20
271.5
 30
0.0
 40
3.0
  1
48
  7
GHS
 72
     4
 11
630.0
 21
273.0
 31
0.0
100
AcDbText
  0
TEXT
  5
38DD
330
1A
100
AcDbEntity
  8
3
100
AcDbText
 10
467.9285714285714
 20
265.5
 30
0.0
 40
3.0
  1
W5
  7
GHS
 72
     4
 11
471.0
 21
267.0
 31
0.0
100
AcDbText
  0
TEXT
  5
38DE
330
1A
100
AcDbEntity
  8
3
100
AcDbText
 10
481.5
 20
265.5
 30
0.0
 40
3.0
  1
4
  7
GHS
 72
     4
 11
483.0
 21
267.0
 31
0.0
100
AcDbText
  0
TEXT
  5
38DF
330
1A
100
AcDbEntity
  8
3
100
AcDbText
 10
490.5714285714285
 20
265.5
 30
0.0
 40
3.0
  1
D16
  7
GHS
 72
     4
 11
495.0
 21
267.0
 31
0.0
100
AcDbText
  0
TEXT
  5
38E0
330
1A
100
AcDbEntity
  8
3
100
AcDbText
 10
504.1428571428571
 20
265.5
 30
0.0
 40
3.0
  1
36
  7
GHS
 72
     4
 11
507.0
 21
267.0
 31
0.0
100
AcDbText
  0
TEXT
  5
38E1
330
1A
100
AcDbEntity
  8
3
100
AcDbText
 10
517.0714285714285
 20
265.5
 30
0.0
 40
3.0
  1
1048
  7
GHS
 72
     4
 11
523.0
 21
267.0
 31
0.0
100
AcDbText
  0
TEXT
  5
38E2
330
1A
100
AcDbEntity
  8
3
100
AcDbText
 10
534.0714285714285
 20
265.5
 30
0.0
 40
3.0
  1
1000
  7
GHS
 72
     4
 11
540.0
 21
267.0
 31
0.0
100
AcDbText
  0
TEXT
  5
38E3
330
1A
100
AcDbEntity
  8
3
100
AcDbText
 10
627.1428571428571
 20
265.5
 30
0.0
 40
3.0
  1
48
  7
GHS
 72
     4
 11
630.0
 21
267.0
 31
0.0
100
AcDbText
  0
TEXT
  5
38E4
330
1A
100
AcDbEntity
  8
3
100
AcDbText
 10
467.9285714285714
 20
259.5
 30
0.0
 40
3.0
  1
W6
  7
GHS
 72
     4
 11
471.0
 21
261.0
 31
0.0
100
AcDbText
  0
TEXT
  5
38E5
330
1A
100
AcDbEntity
  8
3
100
AcDbText
 10
481.5714285714285
 20
259.5
 30
0.0
 40
3.0
  1
5
  7
GHS
 72
     4
 11
483.0
 21
261.0
 31
0.0
100
AcDbText
  0
TEXT
  5
38E6
330
1A
100
AcDbEntity
  8
3
100
AcDbText
 10
490.5714285714285
 20
259.5
 30
0.0
 40
3.0
  1
D13
  7
GHS
 72
     4
 11
495.0
 21
261.0
 31
0.0
100
AcDbText
  0
TEXT
  5
38E7
330
1A
100
AcDbEntity
  8
3
100
AcDbText
 10
505.4999999999999
 20
259.5
 30
0.0
 40
3.0
  1
4
  7
GHS
 72
     4
 11
507.0
 21
261.0
 31
0.0
100
AcDbText
  0
TEXT
  5
38E8
330
1A
100
AcDbEntity
  8
3
100
AcDbText
 10
518.6428571428571
 20
259.5
 30
0.0
 40
3.0
  1
633
  7
GHS
 72
     4
 11
523.0
 21
261.0
 31
0.0
100
AcDbText
  0
TEXT
  5
38E9
330
1A
100
AcDbEntity
  8
3
100
AcDbText
 10
535.5
 20
259.5
 30
0.0
 40
3.0
  1
150
  7
GHS
 72
     4
 11
540.0
 21
261.0
 31
0.0
100
AcDbText
  0
TEXT
  5
38EA
330
1A
100
AcDbEntity
  8
3
100
AcDbText
 10
550.7142857142857
 20
259.5
 30
0.0
 40
3.0
  1
242
  7
GHS
 72
     4
 11
555.0
 21
261.0
 31
0.0
100
AcDbText
  0
TEXT
  5
38EB
330
1A
100
AcDbEntity
  8
3
100
AcDbText
 10
467.9285714285714
 20
253.5
 30
0.0
 40
3.0
  1
W7
  7
GHS
 72
     4
 11
471.0
 21
255.0
 31
0.0
100
AcDbText
  0
TEXT
  5
38EC
330
1A
100
AcDbEntity
  8
3
100
AcDbText
 10
481.5714285714285
 20
253.5
 30
0.0
 40
3.0
  1
5
  7
GHS
 72
     4
 11
483.0
 21
255.0
 31
0.0
100
AcDbText
  0
TEXT
  5
38ED
330
1A
100
AcDbEntity
  8
3
100
AcDbText
 10
490.5714285714285
 20
253.5
 30
0.0
 40
3.0
  1
D13
  7
GHS
 72
     4
 11
495.0
 21
255.0
 31
0.0
100
AcDbText
  0
TEXT
  5
38EE
330
1A
100
AcDbEntity
  8
3
100
AcDbText
 10
504.0714285714285
 20
253.5
 30
0.0
 40
3.0
  1
34
  7
GHS
 72
     4
 11
507.0
 21
255.0
 31
0.0
100
AcDbText
  0
TEXT
  5
38EF
330
1A
100
AcDbEntity
  8
3
100
AcDbText
 10
518.6428571428571
 20
253.5
 30
0.0
 40
3.0
  1
678
  7
GHS
 72
     4
 11
523.0
 21
255.0
 31
0.0
100
AcDbText
  0
TEXT
  5
38F0
330
1A
100
AcDbEntity
  8
3
100
AcDbText
 10
535.7142857142856
 20
253.5
 30
0.0
 40
3.0
  1
478
  7
GHS
 72
     4
 11
540.0
 21
255.0
 31
0.0
100
AcDbText
  0
TEXT
  5
38F1
330
1A
100
AcDbEntity
  8
3
100
AcDbText
 10
550.4999999999999
 20
253.5
 30
0.0
 40
3.0
  1
100
  7
GHS
 72
     4
 11
555.0
 21
255.0
 31
0.0
100
AcDbText
  0
TEXT
  5
38F2
330
1A
100
AcDbEntity
  8
3
100
AcDbText
 10
468.6428571428571
 20
247.5
 30
0.0
 40
3.0
  1
F1
  7
GHS
 72
     4
 11
471.0
 21
249.0
 31
0.0
100
AcDbText
  0
TEXT
  5
38F3
330
1A
100
AcDbEntity
  8
3
100
AcDbText
 10
481.5714285714285
 20
247.5
 30
0.0
 40
3.0
  1
3
  7
GHS
 72
     4
 11
483.0
 21
249.0
 31
0.0
100
AcDbText
  0
TEXT
  5
38F4
330
1A
100
AcDbEntity
  8
3
100
AcDbText
 10
490.5714285714285
 20
247.5
 30
0.0
 40
3.0
  1
D22
  7
GHS
 72
     4
 11
495.0
 21
249.0
 31
0.0
100
AcDbText
  0
TEXT
  5
38F5
330
1A
100
AcDbEntity
  8
3
100
AcDbText
 10
505.4999999999999
 20
247.5
 30
0.0
 40
3.0
  1
4
  7
GHS
 72
     4
 11
507.0
 21
249.0
 31
0.0
100
AcDbText
  0
TEXT
  5
38F6
330
1A
100
AcDbEntity
  8
3
100
AcDbText
 10
517.2857142857143
 20
247.5
 30
0.0
 40
3.0
  1
5800
  7
GHS
 72
     4
 11
523.0
 21
249.0
 31
0.0
100
AcDbText
  0
TEXT
  5
38F7
330
1A
100
AcDbEntity
  8
3
100
AcDbText
 10
534.2857142857143
 20
247.5
 30
0.0
 40
3.0
  1
5040
  7
GHS
 72
     4
 11
540.0
 21
249.0
 31
0.0
100
AcDbText
  0
TEXT
  5
38F8
330
1A
100
AcDbEntity
  8
3
100
AcDbText
 10
550.7142857142857
 20
247.5
 30
0.0
 40
3.0
  1
560
  7
GHS
 72
     4
 11
555.0
 21
249.0
 31
0.0
100
AcDbText
  0
TEXT
  5
38F9
330
1A
100
AcDbEntity
  8
3
100
AcDbText
 10
565.7142857142856
 20
247.5
 30
0.0
 40
3.0
  1
200
  7
GHS
 72
     4
 11
570.0
 21
249.0
 31
0.0
100
AcDbText
  0
TEXT
  5
38FA
330
1A
100
AcDbEntity
  8
3
100
AcDbText
 10
468.2142857142856
 20
241.5
 30
0.0
 40
3.0
  1
F2
  7
GHS
 72
     4
 11
471.0
 21
243.0
 31
0.0
100
AcDbText
  0
TEXT
  5
38FB
330
1A
100
AcDbEntity
  8
3
100
AcDbText
 10
481.5714285714285
 20
241.5
 30
0.0
 40
3.0
  1
7
  7
GHS
 72
     4
 11
483.0
 21
243.0
 31
0.0
100
AcDbText
  0
TEXT
  5
38FC
330
1A
100
AcDbEntity
  8
3
100
AcDbText
 10
490.5714285714285
 20
241.5
 30
0.0
 40
3.0
  1
D25
  7
GHS
 72
     4
 11
495.0
 21
243.0
 31
0.0
100
AcDbText
  0
TEXT
  5
38FD
330
1A
100
AcDbEntity
  8
3
100
AcDbText
 10
505.4999999999999
 20
241.5
 30
0.0
 40
3.0
  1
4
  7
GHS
 72
     4
 11
507.0
 21
243.0
 31
0.0
100
AcDbText
  0
TEXT
  5
38FE
330
1A
100
AcDbEntity
  8
3
100
AcDbText
 10
517.2857142857143
 20
241.5
 30
0.0
 40
3.0
  1
5020
  7
GHS
 72
     4
 11
523.0
 21
243.0
 31
0.0
100
AcDbText
  0
TEXT
  5
38FF
330
1A
100
AcDbEntity
  8
3
100
AcDbText
 10
535.5
 20
241.5
 30
0.0
 40
3.0
  1
150
  7
GHS
 72
     4
 11
540.0
 21
243.0
 31
0.0
100
AcDbText
  0
TEXT
  5
3900
330
1A
100
AcDbEntity
  8
3
100
AcDbText
 10
550.7142857142857
 20
241.5
 30
0.0
 40
3.0
  1
900
  7
GHS
 72
     4
 11
555.0
 21
243.0
 31
0.0
100
AcDbText
  0
TEXT
  5
3901
330
1A
100
AcDbEntity
  8
3
100
AcDbText
 10
564.2857142857143
 20
241.5
 30
0.0
 40
3.0
  1
3426
  7
GHS
 72
     4
 11
570.0
 21
243.0
 31
0.0
100
AcDbText
  0
TEXT
  5
3902
330
1A
100
AcDbEntity
  8
3
100
AcDbText
 10
580.7142857142856
 20
241.5
 30
0.0
 40
3.0
  1
545
  7
GHS
 72
     4
 11
585.0
 21
243.0
 31
0.0
100
AcDbText
  0
TEXT
  5
3903
330
1A
100
AcDbEntity
  8
3
100
AcDbText
 10
595.5
 20
241.5
 30
0.0
 40
3.0
  1
195
  7
GHS
 72
     4
 11
600.0
 21
243.0
 31
0.0
100
AcDbText
  0
TEXT
  5
3904
330
1A
100
AcDbEntity
  8
3
100
AcDbText
 10
468.2142857142856
 20
235.5
 30
0.0
 40
3.0
  1
F3
  7
GHS
 72
     4
 11
471.0
 21
237.0
 31
0.0
100
AcDbText
  0
TEXT
  5
3905
330
1A
100
AcDbEntity
  8
3
100
AcDbText
 10
481.5
 20
235.5
 30
0.0
 40
3.0
  1
6
  7
GHS
 72
     4
 11
483.0
 21
237.0
 31
0.0
100
AcDbText
  0
TEXT
  5
3906
330
1A
100
AcDbEntity
  8
3
100
AcDbText
 10
490.5714285714285
 20
235.5
 30
0.0
 40
3.0
  1
D25
  7
GHS
 72
     4
 11
495.0
 21
237.0
 31
0.0
100
AcDbText
  0
TEXT
  5
3907
330
1A
100
AcDbEntity
  8
3
100
AcDbText
 10
505.4999999999999
 20
235.5
 30
0.0
 40
3.0
  1
4
  7
GHS
 72
     4
 11
507.0
 21
237.0
 31
0.0
100
AcDbText
  0
TEXT
  5
3908
330
1A
100
AcDbEntity
  8
3
100
AcDbText
 10
517.2857142857143
 20
235.5
 30
0.0
 40
3.0
  1
5812
  7
GHS
 72
     4
 11
523.0
 21
237.0
 31
0.0
100
AcDbText
  0
TEXT
  5
3909
330
1A
100
AcDbEntity
  8
3
100
AcDbText
 10
535.7142857142856
 20
235.5
 30
0.0
 40
3.0
  1
200
  7
GHS
 72
     4
 11
540.0
 21
237.0
 31
0.0
100
AcDbText
  0
TEXT
  5
390A
330
1A
100
AcDbEntity
  8
3
100
AcDbText
 10
550.7142857142857
 20
235.5
 30
0.0
 40
3.0
  1
742
  7
GHS
 72
     4
 11
555.0
 21
237.0
 31
0.0
100
AcDbText
  0
TEXT
  5
390B
330
1A
100
AcDbEntity
  8
3
100
AcDbText
 10
565.7142857142856
 20
235.5
 30
0.0
 40
3.0
  1
900
  7
GHS
 72
     4
 11
570.0
 21
237.0
 31
0.0
100
AcDbText
  0
TEXT
  5
390C
330
1A
100
AcDbEntity
  8
3
100
AcDbText
 10
579.2857142857143
 20
235.5
 30
0.0
 40
3.0
  1
3426
  7
GHS
 72
     4
 11
585.0
 21
237.0
 31
0.0
100
AcDbText
  0
TEXT
  5
390D
330
1A
100
AcDbEntity
  8
3
100
AcDbText
 10
595.7142857142856
 20
235.5
 30
0.0
 40
3.0
  1
545
  7
GHS
 72
     4
 11
600.0
 21
237.0
 31
0.0
100
AcDbText
  0
TEXT
  5
390E
330
1A
100
AcDbEntity
  8
3
100
AcDbText
 10
610.5
 20
235.5
 30
0.0
 40
3.0
  1
195
  7
GHS
 72
     4
 11
615.0
 21
237.0
 31
0.0
100
AcDbText
  0
TEXT
  5
390F
330
1A
100
AcDbEntity
  8
3
100
AcDbText
 10
468.1428571428571
 20
229.5
 30
0.0
 40
3.0
  1
F4
  7
GHS
 72
     4
 11
471.0
 21
231.0
 31
0.0
100
AcDbText
  0
TEXT
  5
3910
330
1A
100
AcDbEntity
  8
3
100
AcDbText
 10
481.5
 20
229.5
 30
0.0
 40
3.0
  1
4
  7
GHS
 72
     4
 11
483.0
 21
231.0
 31
0.0
100
AcDbText
  0
TEXT
  5
3911
330
1A
100
AcDbEntity
  8
3
100
AcDbText
 10
490.5714285714285
 20
229.5
 30
0.0
 40
3.0
  1
D16
  7
GHS
 72
     4
 11
495.0
 21
231.0
 31
0.0
100
AcDbText
  0
TEXT
  5
3912
330
1A
100
AcDbEntity
  8
3
100
AcDbText
 10
504.1428571428571
 20
229.5
 30
0.0
 40
3.0
  1
22
  7
GHS
 72
     4
 11
507.0
 21
231.0
 31
0.0
100
AcDbText
  0
TEXT
  5
3913
330
1A
100
AcDbEntity
  8
3
100
AcDbText
 10
517.0714285714285
 20
229.5
 30
0.0
 40
3.0
  1
1048
  7
GHS
 72
     4
 11
523.0
 21
231.0
 31
0.0
100
AcDbText
  0
TEXT
  5
3914
330
1A
100
AcDbEntity
  8
3
100
AcDbText
 10
534.0714285714285
 20
229.5
 30
0.0
 40
3.0
  1
1000
  7
GHS
 72
     4
 11
540.0
 21
231.0
 31
0.0
100
AcDbText
  0
TEXT
  5
3915
330
1A
100
AcDbEntity
  8
3
100
AcDbText
 10
627.1428571428571
 20
229.5
 30
0.0
 40
3.0
  1
48
  7
GHS
 72
     4
 11
630.0
 21
231.0
 31
0.0
100
AcDbText
  0
TEXT
  5
3916
330
1A
100
AcDbEntity
  8
3
100
AcDbText
 10
468.2142857142856
 20
223.5
 30
0.0
 40
3.0
  1
F5
  7
GHS
 72
     4
 11
471.0
 21
225.0
 31
0.0
100
AcDbText
  0
TEXT
  5
3917
330
1A
100
AcDbEntity
  8
3
100
AcDbText
 10
481.5
 20
223.5
 30
0.0
 40
3.0
  1
4
  7
GHS
 72
     4
 11
483.0
 21
225.0
 31
0.0
100
AcDbText
  0
TEXT
  5
3918
330
1A
100
AcDbEntity
  8
3
100
AcDbText
 10
490.5714285714285
 20
223.5
 30
0.0
 40
3.0
  1
D16
  7
GHS
 72
     4
 11
495.0
 21
225.0
 31
0.0
100
AcDbText
  0
TEXT
  5
3919
330
1A
100
AcDbEntity
  8
3
100
AcDbText
 10
504.1428571428571
 20
223.5
 30
0.0
 40
3.0
  1
20
  7
GHS
 72
     4
 11
507.0
 21
225.0
 31
0.0
100
AcDbText
  0
TEXT
  5
391A
330
1A
100
AcDbEntity
  8
3
100
AcDbText
 10
517.0714285714285
 20
223.5
 30
0.0
 40
3.0
  1
1048
  7
GHS
 72
     4
 11
523.0
 21
225.0
 31
0.0
100
AcDbText
  0
TEXT
  5
391B
330
1A
100
AcDbEntity
  8
3
100
AcDbText
 10
534.0714285714285
 20
223.5
 30
0.0
 40
3.0
  1
1000
  7
GHS
 72
     4
 11
540.0
 21
225.0
 31
0.0
100
AcDbText
  0
TEXT
  5
391C
330
1A
100
AcDbEntity
  8
3
100
AcDbText
 10
627.1428571428571
 20
223.5
 30
0.0
 40
3.0
  1
48
  7
GHS
 72
     4
 11
630.0
 21
225.0
 31
0.0
100
AcDbText
  0
TEXT
  5
391D
330
1A
100
AcDbEntity
  8
3
100
AcDbText
 10
468.2142857142856
 20
217.5
 30
0.0
 40
3.0
  1
F6
  7
GHS
 72
     4
 11
471.0
 21
219.0
 31
0.0
100
AcDbText
  0
TEXT
  5
391E
330
1A
100
AcDbEntity
  8
3
100
AcDbText
 10
481.5714285714285
 20
217.5
 30
0.0
 40
3.0
  1
2
  7
GHS
 72
     4
 11
483.0
 21
219.0
 31
0.0
100
AcDbText
  0
TEXT
  5
391F
330
1A
100
AcDbEntity
  8
3
100
AcDbText
 10
490.5714285714285
 20
217.5
 30
0.0
 40
3.0
  1
D13
  7
GHS
 72
     4
 11
495.0
 21
219.0
 31
0.0
100
AcDbText
  0
TEXT
  5
3920
330
1A
100
AcDbEntity
  8
3
100
AcDbText
 10
505.5714285714286
 20
217.5
 30
0.0
 40
3.0
  1
2
  7
GHS
 72
     4
 11
507.0
 21
219.0
 31
0.0
100
AcDbText
  0
TEXT
  5
3921
330
1A
100
AcDbEntity
  8
3
100
AcDbText
 10
517.4999999999999
 20
217.5
 30
0.0
 40
3.0
  1
1931
  7
GHS
 72
     4
 11
523.0
 21
219.0
 31
0.0
100
AcDbText
  0
TEXT
  5
3922
330
1A
100
AcDbEntity
  8
3
100
AcDbText
 10
535.7142857142856
 20
217.5
 30
0.0
 40
3.0
  1
288
  7
GHS
 72
     4
 11
540.0
 21
219.0
 31
0.0
100
AcDbText
  0
TEXT
  5
3923
330
1A
100
AcDbEntity
  8
3
100
AcDbText
 10
550.7142857142857
 20
217.5
 30
0.0
 40
3.0
  1
722
  7
GHS
 72
     4
 11
555.0
 21
219.0
 31
0.0
100
AcDbText
  0
TEXT
  5
3924
330
1A
100
AcDbEntity
  8
3
100
AcDbText
 10
565.5
 20
217.5
 30
0.0
 40
3.0
  1
100
  7
GHS
 72
     4
 11
570.0
 21
219.0
 31
0.0
100
AcDbText
  0
TEXT
  5
3925
330
1A
100
AcDbEntity
  8
3
100
AcDbText
 10
468.2142857142856
 20
211.5
 30
0.0
 40
3.0
  1
F7
  7
GHS
 72
     4
 11
471.0
 21
213.0
 31
0.0
100
AcDbText
  0
TEXT
  5
3926
330
1A
100
AcDbEntity
  8
3
100
AcDbText
 10
481.5714285714285
 20
211.5
 30
0.0
 40
3.0
  1
2
  7
GHS
 72
     4
 11
483.0
 21
213.0
 31
0.0
100
AcDbText
  0
TEXT
  5
3927
330
1A
100
AcDbEntity
  8
3
100
AcDbText
 10
490.5714285714285
 20
211.5
 30
0.0
 40
3.0
  1
D13
  7
GHS
 72
     4
 11
495.0
 21
213.0
 31
0.0
100
AcDbText
  0
TEXT
  5
3928
330
1A
100
AcDbEntity
  8
3
100
AcDbText
 10
503.9285714285714
 20
211.5
 30
0.0
 40
3.0
  1
12
  7
GHS
 72
     4
 11
507.0
 21
213.0
 31
0.0
100
AcDbText
  0
TEXT
  5
3929
330
1A
100
AcDbEntity
  8
3
100
AcDbText
 10
517.0714285714285
 20
211.5
 30
0.0
 40
3.0
  1
1850
  7
GHS
 72
     4
 11
523.0
 21
213.0
 31
0.0
100
AcDbText
  0
TEXT
  5
392A
330
1A
100
AcDbEntity
  8
3
100
AcDbText
 10
535.7142857142856
 20
211.5
 30
0.0
 40
3.0
  1
288
  7
GHS
 72
     4
 11
540.0
 21
213.0
 31
0.0
100
AcDbText
  0
TEXT
  5
392B
330
1A
100
AcDbEntity
  8
3
100
AcDbText
 10
551.0714285714285
 20
211.5
 30
0.0
 40
3.0
  1
681
  7
GHS
 72
     4
 11
555.0
 21
213.0
 31
0.0
100
AcDbText
  0
TEXT
  5
392C
330
1A
100
AcDbEntity
  8
3
100
AcDbText
 10
565.5
 20
211.5
 30
0.0
 40
3.0
  1
100
  7
GHS
 72
     4
 11
570.0
 21
213.0
 31
0.0
100
AcDbText
  0
TEXT
  5
392D
330
1A
100
AcDbEntity
  8
3
100
AcDbText
 10
568.3714285714285
 20
147.7
 30
0.0
 40
3.0
  1
4.260
  7
GHS
 72
     2
 11
580.7999999999999
 21
149.2
 31
0.0
100
AcDbText
 73
     2
  0
TEXT
  5
392E
330
1A
100
AcDbEntity
  8
3
100
AcDbText
 10
568.3714285714285
 20
140.5
 30
0.0
 40
3.0
  1
4.250
  7
GHS
 72
     2
 11
580.7999999999999
 21
142.0
 31
0.0
100
AcDbText
 73
     2
  0
TEXT
  5
392F
330
1A
100
AcDbEntity
  8
3
100
AcDbText
 10
568.3714285714285
 20
133.3
 30
0.0
 40
3.0
  1
8.510
  7
GHS
 72
     2
 11
580.7999999999999
 21
134.8
 31
0.0
100
AcDbText
 73
     2
  0
TEXT
  5
3930
330
1A
100
AcDbEntity
  8
3
100
AcDbText
 10
568.3714285714285
 20
126.1
 30
0.0
 40
3.0
  1
0.540
  7
GHS
 72
     2
 11
580.7999999999999
 21
127.6
 31
0.0
100
AcDbText
 73
     2
  0
TEXT
  5
3931
330
1A
100
AcDbEntity
  8
3
100
AcDbText
 10
569.2285714285714
 20
118.9
 30
0.0
 40
3.0
  1
7.101
  7
GHS
 72
     2
 11
580.7999999999999
 21
120.4
 31
0.0
100
AcDbText
 73
     2
  0
TEXT
  5
3932
330
1A
100
AcDbEntity
  8
3
100
AcDbText
 10
568.3714285714285
 20
111.7
 30
0.0
 40
3.0
  1
7.115
  7
GHS
 72
     2
 11
580.7999999999999
 21
113.2
 31
0.0
100
AcDbText
 73
     2
  0
TEXT
  5
3933
330
1A
100
AcDbEntity
  8
3
100
AcDbText
 10
568.3714285714285
 20
104.5
 30
0.0
 40
3.0
  1
1.400
  7
GHS
 72
     2
 11
580.7999999999999
 21
106.0
 31
0.0
100
AcDbText
 73
     2
  0
TEXT
  5
3934
330
1A
100
AcDbEntity
  8
3
100
AcDbText
 10
568.3714285714285
 20
97.3
 30
0.0
 40
3.0
  1
8.510
  7
GHS
 72
     2
 11
580.7999999999999
 21
98.8
 31
0.0
100
AcDbText
 73
     2
  0
TEXT
  5
3935
330
1A
100
AcDbEntity
  8
3
100
AcDbText
 10
565.5142857142855
 20
90.09999999999999
 30
0.0
 40
3.0
  1
13.200
  7
GHS
 72
     2
 11
580.7999999999999
 21
91.6
 31
0.0
100
AcDbText
 73
     2
  0
TEXT
  5
3936
330
1A
100
AcDbEntity
  8
3
100
AcDbText
 10
656.3571428571428
 20
356.5
 30
0.0
 40
3.0
  1
W1
  7
GHS
 72
     4
 11
659.0
 21
358.0
 31
0.0
100
AcDbText
  0
TEXT
  5
3937
330
1A
100
AcDbEntity
  8
3
100
AcDbText
 10
671.5714285714285
 20
356.5
 30
0.0
 40
3.0
  1
D25
  7
GHS
 72
     4
 11
676.0
 21
358.0
 31
0.0
100
AcDbText
  0
TEXT
  5
3938
330
1A
100
AcDbEntity
  8
3
100
AcDbText
 10
689.5714285714285
 20
356.5
 30
0.0
 40
3.0
  1
9.100
  7
GHS
 72
     2
 11
702.0
 21
358.0
 31
0.0
100
AcDbText
 73
     2
  0
TEXT
  5
3939
330
1A
100
AcDbEntity
  8
3
100
AcDbText
 10
711.5
 20
356.5
 30
0.0
 40
3.0
  1
4
  7
GHS
 72
     4
 11
713.0
 21
358.0
 31
0.0
100
AcDbText
  0
TEXT
  5
393A
330
1A
100
AcDbEntity
  8
3
100
AcDbText
 10
726.7142857142856
 20
356.5
 30
0.0
 40
3.0
  1
36.400
  7
GHS
 72
     2
 11
742.0
 21
358.0
 31
0.0
100
AcDbText
 73
     2
  0
LINE
  5
393B
330
1A
100
AcDbEntity
  8
0
100
AcDbLine
 10
652.0
 20
355.0
 30
0.0
 11
818.0
 21
355.0
 31
0.0
  0
TEXT
  5
393C
330
1A
100
AcDbEntity
  8
3
100
AcDbText
 10
655.9285714285714
 20
350.5
 30
0.0
 40
3.0
  1
W2
  7
GHS
 72
     4
 11
659.0
 21
352.0
 31
0.0
100
AcDbText
  0
TEXT
  5
393D
330
1A
100
AcDbEntity
  8
3
100
AcDbText
 10
689.5714285714285
 20
350.5
 30
0.0
 40
3.0
  1
5.140
  7
GHS
 72
     2
 11
702.0
 21
352.0
 31
0.0
100
AcDbText
 73
     2
  0
TEXT
  5
393E
330
1A
100
AcDbEntity
  8
3
100
AcDbText
 10
711.5
 20
350.5
 30
0.0
 40
3.0
  1
4
  7
GHS
 72
     4
 11
713.0
 21
352.0
 31
0.0
100
AcDbText
  0
TEXT
  5
393F
330
1A
100
AcDbEntity
  8
3
100
AcDbText
 10
726.7142857142856
 20
350.5
 30
0.0
 40
3.0
  1
20.560
  7
GHS
 72
     2
 11
742.0
 21
352.0
 31
0.0
100
AcDbText
 73
     2
  0
LINE
  5
3940
330
1A
100
AcDbEntity
  8
0
100
AcDbLine
 10
652.0
 20
349.0
 30
0.0
 11
818.0
 21
349.0
 31
0.0
  0
TEXT
  5
3941
330
1A
100
AcDbEntity
  8
3
100
AcDbText
 10
656.2142857142856
 20
344.5
 30
0.0
 40
3.0
  1
F2
  7
GHS
 72
     4
 11
659.0
 21
346.0
 31
0.0
100
AcDbText
  0
TEXT
  5
3942
330
1A
100
AcDbEntity
  8
3
100
AcDbText
 10
689.5714285714285
 20
344.5
 30
0.0
 40
3.0
  1
5.020
  7
GHS
 72
     2
 11
702.0
 21
346.0
 31
0.0
100
AcDbText
 73
     2
  0
TEXT
  5
3943
330
1A
100
AcDbEntity
  8
3
100
AcDbText
 10
711.5
 20
344.5
 30
0.0
 40
3.0
  1
4
  7
GHS
 72
     4
 11
713.0
 21
346.0
 31
0.0
100
AcDbText
  0
TEXT
  5
3944
330
1A
100
AcDbEntity
  8
3
100
AcDbText
 10
726.7142857142856
 20
344.5
 30
0.0
 40
3.0
  1
20.080
  7
GHS
 72
     2
 11
742.0
 21
346.0
 31
0.0
100
AcDbText
 73
     2
  0
LINE
  5
3945
330
1A
100
AcDbEntity
  8
0
100
AcDbLine
 10
652.0
 20
343.0
 30
0.0
 11
818.0
 21
343.0
 31
0.0
  0
TEXT
  5
3946
330
1A
100
AcDbEntity
  8
3
100
AcDbText
 10
656.2142857142856
 20
338.5
 30
0.0
 40
3.0
  1
F3
  7
GHS
 72
     4
 11
659.0
 21
340.0
 31
0.0
100
AcDbText
  0
TEXT
  5
3947
330
1A
100
AcDbEntity
  8
3
100
AcDbText
 10
689.5714285714285
 20
338.5
 30
0.0
 40
3.0
  1
5.810
  7
GHS
 72
     2
 11
702.0
 21
340.0
 31
0.0
100
AcDbText
 73
     2
  0
TEXT
  5
3948
330
1A
100
AcDbEntity
  8
3
100
AcDbText
 10
711.5
 20
338.5
 30
0.0
 40
3.0
  1
4
  7
GHS
 72
     4
 11
713.0
 21
340.0
 31
0.0
100
AcDbText
  0
TEXT
  5
3949
330
1A
100
AcDbEntity
  8
3
100
AcDbText
 10
726.7142857142856
 20
338.5
 30
0.0
 40
3.0
  1
23.240
  7
GHS
 72
     2
 11
742.0
 21
340.0
 31
0.0
100
AcDbText
 73
     2
  0
LINE
  5
394A
330
1A
100
AcDbEntity
  8
0
100
AcDbLine
 10
652.0
 20
337.0
 30
0.0
 11
818.0
 21
337.0
 31
0.0
  0
INSERT
  5
394F
330
1A
100
AcDbEntity
  8
3
100
AcDbBlockReference
  2
STB10
 10
652.0
 20
331.0
 30
0.0
 41
2.0
 42
2.0
 43
2.0
  0
TEXT
  5
3950
330
1A
100
AcDbEntity
  8
3
100
AcDbText
 10
723.8571428571429
 20
332.5
 30
0.0
 40
3.0
  1
100.280
  7
GHS
 72
     2
 11
742.0
 21
334.0
 31
0.0
100
AcDbText
 73
     2
  0
TEXT
  5
3951
330
1A
100
AcDbEntity
  8
3
100
AcDbText
 10
749.5714285714285
 20
332.5
 30
0.0
 40
3.0
  1
3.980
  7
GHS
 72
     4
 11
756.0
 21
334.0
 31
0.0
100
AcDbText
  0
TEXT
  5
3952
330
1A
100
AcDbEntity
  8
3
100
AcDbText
 10
775.7142857142857
 20
332.5
 30
0.0
 40
3.0
  1
0.399
  7
GHS
 72
     2
 11
788.0
 21
334.0
 31
0.0
100
AcDbText
 73
     2
  0
LINE
  5
3953
330
1A
100
AcDbEntity
  8
0
100
AcDbLine
 10
652.0
 20
331.0
 30
0.0
 11
818.0
 21
331.0
 31
0.0
  0
LINE
  5
3954
330
1A
100
AcDbEntity
  8
0
100
AcDbLine
 10
666.0
 20
373.0
 30
0.0
 11
666.0
 21
337.0
 31
0.0
  0
LINE
  5
3955
330
1A
100
AcDbEntity
  8
0
100
AcDbLine
 10
686.0
 20
373.0
 30
0.0
 11
686.0
 21
337.0
 31
0.0
  0
LINE
  5
3956
330
1A
100
AcDbEntity
  8
0
100
AcDbLine
 10
706.0
 20
373.0
 30
0.0
 11
706.0
 21
337.0
 31
0.0
  0
TEXT
  5
3957
330
1A
100
AcDbEntity
  8
3
100
AcDbText
 10
656.6428571428571
 20
326.5
 30
0.0
 40
3.0
  1
F1
  7
GHS
 72
     4
 11
659.0
 21
328.0
 31
0.0
100
AcDbText
  0
TEXT
  5
3958
330
1A
100
AcDbEntity
  8
3
100
AcDbText
 10
671.5714285714285
 20
326.5
 30
0.0
 40
3.0
  1
D22
  7
GHS
 72
     4
 11
676.0
 21
328.0
 31
0.0
100
AcDbText
  0
TEXT
  5
3959
330
1A
100
AcDbEntity
  8
3
100
AcDbText
 10
689.5714285714285
 20
326.5
 30
0.0
 40
3.0
  1
5.800
  7
GHS
 72
     2
 11
702.0
 21
328.0
 31
0.0
100
AcDbText
 73
     2
  0
TEXT
  5
395A
330
1A
100
AcDbEntity
  8
3
100
AcDbText
 10
711.5
 20
326.5
 30
0.0
 40
3.0
  1
4
  7
GHS
 72
     4
 11
713.0
 21
328.0
 31
0.0
100
AcDbText
  0
TEXT
  5
395B
330
1A
100
AcDbEntity
  8
3
100
AcDbText
 10
726.7142857142856
 20
326.5
 30
0.0
 40
3.0
  1
23.200
  7
GHS
 72
     2
 11
742.0
 21
328.0
 31
0.0
100
AcDbText
 73
     2
  0
LINE
  5
395C
330
1A
100
AcDbEntity
  8
0
100
AcDbLine
 10
652.0
 20
325.0
 30
0.0
 11
818.0
 21
325.0
 31
0.0
  0
INSERT
  5
395D
330
1A
100
AcDbEntity
  8
3
100
AcDbBlockReference
  2
STB10
 10
652.0
 20
319.0
 30
0.0
 41
2.0
 42
2.0
 43
2.0
  0
TEXT
  5
395E
330
1A
100
AcDbEntity
  8
3
100
AcDbText
 10
726.7142857142856
 20
320.5
 30
0.0
 40
3.0
  1
23.200
  7
GHS
 72
     2
 11
742.0
 21
322.0
 31
0.0
100
AcDbText
 73
     2
  0
TEXT
  5
395F
330
1A
100
AcDbEntity
  8
3
100
AcDbText
 10
749.5714285714285
 20
320.5
 30
0.0
 40
3.0
  1
3.040
  7
GHS
 72
     4
 11
756.0
 21
322.0
 31
0.0
100
AcDbText
  0
TEXT
  5
3960
330
1A
100
AcDbEntity
  8
3
100
AcDbText
 10
776.4285714285714
 20
320.5
 30
0.0
 40
3.0
  1
0.071
  7
GHS
 72
     2
 11
788.0
 21
322.0
 31
0.0
100
AcDbText
 73
     2
  0
LINE
  5
3961
330
1A
100
AcDbEntity
  8
0
100
AcDbLine
 10
652.0
 20
319.0
 30
0.0
 11
818.0
 21
319.0
 31
0.0
  0
LINE
  5
3962
330
1A
100
AcDbEntity
  8
0
100
AcDbLine
 10
666.0
 20
331.0
 30
0.0
 11
666.0
 21
325.0
 31
0.0
  0
LINE
  5
3963
330
1A
100
AcDbEntity
  8
0
100
AcDbLine
 10
686.0
 20
331.0
 30
0.0
 11
686.0
 21
325.0
 31
0.0
  0
LINE
  5
3964
330
1A
100
AcDbEntity
  8
0
100
AcDbLine
 10
706.0
 20
331.0
 30
0.0
 11
706.0
 21
325.0
 31
0.0
  0
TEXT
  5
3965
330
1A
100
AcDbEntity
  8
3
100
AcDbText
 10
655.8571428571428
 20
314.5
 30
0.0
 40
3.0
  1
W4
  7
GHS
 72
     4
 11
659.0
 21
316.0
 31
0.0
100
AcDbText
  0
TEXT
  5
3966
330
1A
100
AcDbEntity
  8
3
100
AcDbText
 10
671.5714285714285
 20
314.5
 30
0.0
 40
3.0
  1
D16
  7
GHS
 72
     4
 11
676.0
 21
316.0
 31
0.0
100
AcDbText
  0
TEXT
  5
3967
330
1A
100
AcDbEntity
  8
3
100
AcDbText
 10
689.5714285714285
 20
314.5
 30
0.0
 40
3.0
  1
1.050
  7
GHS
 72
     2
 11
702.0
 21
316.0
 31
0.0
100
AcDbText
 73
     2
  0
TEXT
  5
3968
330
1A
100
AcDbEntity
  8
3
100
AcDbText
 10
710.1428571428571
 20
314.5
 30
0.0
 40
3.0
  1
36
  7
GHS
 72
     4
 11
713.0
 21
316.0
 31
0.0
100
AcDbText
  0
TEXT
  5
3969
330
1A
100
AcDbEntity
  8
3
100
AcDbText
 10
726.7142857142856
 20
314.5
 30
0.0
 40
3.0
  1
37.800
  7
GHS
 72
     2
 11
742.0
 21
316.0
 31
0.0
100
AcDbText
 73
     2
  0
LINE
  5
396A
330
1A
100
AcDbEntity
  8
0
100
AcDbLine
 10
652.0
 20
313.0
 30
0.0
 11
818.0
 21
313.0
 31
0.0
  0
TEXT
  5
396B
330
1A
100
AcDbEntity
  8
3
100
AcDbText
 10
655.9285714285714
 20
308.5
 30
0.0
 40
3.0
  1
W5
  7
GHS
 72
     4
 11
659.0
 21
310.0
 31
0.0
100
AcDbText
  0
TEXT
  5
396C
330
1A
100
AcDbEntity
  8
3
100
AcDbText
 10
689.5714285714285
 20
308.5
 30
0.0
 40
3.0
  1
1.050
  7
GHS
 72
     2
 11
702.0
 21
310.0
 31
0.0
100
AcDbText
 73
     2
  0
TEXT
  5
396D
330
1A
100
AcDbEntity
  8
3
100
AcDbText
 10
710.1428571428571
 20
308.5
 30
0.0
 40
3.0
  1
36
  7
GHS
 72
     4
 11
713.0
 21
310.0
 31
0.0
100
AcDbText
  0
TEXT
  5
396E
330
1A
100
AcDbEntity
  8
3
100
AcDbText
 10
726.7142857142856
 20
308.5
 30
0.0
 40
3.0
  1
37.800
  7
GHS
 72
     2
 11
742.0
 21
310.0
 31
0.0
100
AcDbText
 73
     2
  0
LINE
  5
396F
330
1A
100
AcDbEntity
  8
0
100
AcDbLine
 10
652.0
 20
307.0
 30
0.0
 11
818.0
 21
307.0
 31
0.0
  0
TEXT
  5
3970
330
1A
100
AcDbEntity
  8
3
100
AcDbText
 10
656.1428571428571
 20
302.5
 30
0.0
 40
3.0
  1
F4
  7
GHS
 72
     4
 11
659.0
 21
304.0
 31
0.0
100
AcDbText
  0
TEXT
  5
3971
330
1A
100
AcDbEntity
  8
3
100
AcDbText
 10
689.5714285714285
 20
302.5
 30
0.0
 40
3.0
  1
1.050
  7
GHS
 72
     2
 11
702.0
 21
304.0
 31
0.0
100
AcDbText
 73
     2
  0
TEXT
  5
3972
330
1A
100
AcDbEntity
  8
3
100
AcDbText
 10
710.1428571428571
 20
302.5
 30
0.0
 40
3.0
  1
22
  7
GHS
 72
     4
 11
713.0
 21
304.0
 31
0.0
100
AcDbText
  0
TEXT
  5
3973
330
1A
100
AcDbEntity
  8
3
100
AcDbText
 10
726.7142857142856
 20
302.5
 30
0.0
 40
3.0
  1
23.100
  7
GHS
 72
     2
 11
742.0
 21
304.0
 31
0.0
100
AcDbText
 73
     2
  0
LINE
  5
3974
330
1A
100
AcDbEntity
  8
0
100
AcDbLine
 10
652.0
 20
301.0
 30
0.0
 11
818.0
 21
301.0
 31
0.0
  0
TEXT
  5
3975
330
1A
100
AcDbEntity
  8
3
100
AcDbText
 10
656.2142857142856
 20
296.5
 30
0.0
 40
3.0
  1
F5
  7
GHS
 72
     4
 11
659.0
 21
298.0
 31
0.0
100
AcDbText
  0
TEXT
  5
3976
330
1A
100
AcDbEntity
  8
3
100
AcDbText
 10
689.5714285714285
 20
296.5
 30
0.0
 40
3.0
  1
1.050
  7
GHS
 72
     2
 11
702.0
 21
298.0
 31
0.0
100
AcDbText
 73
     2
  0
TEXT
  5
3977
330
1A
100
AcDbEntity
  8
3
100
AcDbText
 10
710.1428571428571
 20
296.5
 30
0.0
 40
3.0
  1
20
  7
GHS
 72
     4
 11
713.0
 21
298.0
 31
0.0
100
AcDbText
  0
TEXT
  5
3978
330
1A
100
AcDbEntity
  8
3
100
AcDbText
 10
726.7142857142856
 20
296.5
 30
0.0
 40
3.0
  1
21.000
  7
GHS
 72
     2
 11
742.0
 21
298.0
 31
0.0
100
AcDbText
 73
     2
  0
LINE
  5
3979
330
1A
100
AcDbEntity
  8
0
100
AcDbLine
 10
652.0
 20
295.0
 30
0.0
 11
818.0
 21
295.0
 31
0.0
  0
INSERT
  5
397A
330
1A
100
AcDbEntity
  8
3
100
AcDbBlockReference
  2
STB10
 10
652.0
 20
289.0
 30
0.0
 41
2.0
 42
2.0
 43
2.0
  0
TEXT
  5
397B
330
1A
100
AcDbEntity
  8
3
100
AcDbText
 10
723.8571428571429
 20
290.5
 30
0.0
 40
3.0
  1
119.700
  7
GHS
 72
     2
 11
742.0
 21
292.0
 31
0.0
100
AcDbText
 73
     2
  0
TEXT
  5
397C
330
1A
100
AcDbEntity
  8
3
100
AcDbText
 10
749.3571428571429
 20
290.5
 30
0.0
 40
3.0
  1
1.560
  7
GHS
 72
     4
 11
756.0
 21
292.0
 31
0.0
100
AcDbText
  0
TEXT
  5
397D
330
1A
100
AcDbEntity
  8
3
100
AcDbText
 10
775.5714285714285
 20
290.5
 30
0.0
 40
3.0
  1
0.187
  7
GHS
 72
     2
 11
788.0
 21
292.0
 31
0.0
100
AcDbText
 73
     2
  0
LINE
  5
397E
330
1A
100
AcDbEntity
  8
0
100
AcDbLine
 10
652.0
 20
289.0
 30
0.0
 11
818.0
 21
289.0
 31
0.0
  0
LINE
  5
397F
330
1A
100
AcDbEntity
  8
0
100
AcDbLine
 10
666.0
 20
319.0
 30
0.0
 11
666.0
 21
295.0
 31
0.0
  0
LINE
  5
3980
330
1A
100
AcDbEntity
  8
0
100
AcDbLine
 10
686.0
 20
319.0
 30
0.0
 11
686.0
 21
295.0
 31
0.0
  0
LINE
  5
3981
330
1A
100
AcDbEntity
  8
0
100
AcDbLine
 10
706.0
 20
319.0
 30
0.0
 11
706.0
 21
295.0
 31
0.0
  0
TEXT
  5
3982
330
1A
100
AcDbEntity
  8
3
100
AcDbText
 10
655.9285714285714
 20
284.5
 30
0.0
 40
3.0
  1
W3
  7
GHS
 72
     4
 11
659.0
 21
286.0
 31
0.0
100
AcDbText
  0
TEXT
  5
3983
330
1A
100
AcDbEntity
  8
3
100
AcDbText
 10
671.5714285714285
 20
284.5
 30
0.0
 40
3.0
  1
D13
  7
GHS
 72
     4
 11
676.0
 21
286.0
 31
0.0
100
AcDbText
  0
TEXT
  5
3984
330
1A
100
AcDbEntity
  8
3
100
AcDbText
 10
689.5714285714285
 20
284.5
 30
0.0
 40
3.0
  1
8.000
  7
GHS
 72
     2
 11
702.0
 21
286.0
 31
0.0
100
AcDbText
 73
     2
  0
TEXT
  5
3985
330
1A
100
AcDbEntity
  8
3
100
AcDbText
 10
711.5
 20
284.5
 30
0.0
 40
3.0
  1
4
  7
GHS
 72
     4
 11
713.0
 21
286.0
 31
0.0
100
AcDbText
  0
TEXT
  5
3986
330
1A
100
AcDbEntity
  8
3
100
AcDbText
 10
726.7142857142856
 20
284.5
 30
0.0
 40
3.0
  1
32.000
  7
GHS
 72
     2
 11
742.0
 21
286.0
 31
0.0
100
AcDbText
 73
     2
  0
LINE
  5
3987
330
1A
100
AcDbEntity
  8
0
100
AcDbLine
 10
652.0
 20
283.0
 30
0.0
 11
818.0
 21
283.0
 31
0.0
  0
TEXT
  5
3988
330
1A
100
AcDbEntity
  8
3
100
AcDbText
 10
655.9285714285714
 20
278.5
 30
0.0
 40
3.0
  1
W6
  7
GHS
 72
     4
 11
659.0
 21
280.0
 31
0.0
100
AcDbText
  0
TEXT
  5
3989
330
1A
100
AcDbEntity
  8
3
100
AcDbText
 10
689.5714285714285
 20
278.5
 30
0.0
 40
3.0
  1
0.630
  7
GHS
 72
     2
 11
702.0
 21
280.0
 31
0.0
100
AcDbText
 73
     2
  0
TEXT
  5
398A
330
1A
100
AcDbEntity
  8
3
100
AcDbText
 10
711.5
 20
278.5
 30
0.0
 40
3.0
  1
4
  7
GHS
 72
     4
 11
713.0
 21
280.0
 31
0.0
100
AcDbText
  0
TEXT
  5
398B
330
1A
100
AcDbEntity
  8
3
100
AcDbText
 10
729.5714285714285
 20
278.5
 30
0.0
 40
3.0
  1
2.520
  7
GHS
 72
     2
 11
742.0
 21
280.0
 31
0.0
100
AcDbText
 73
     2
  0
LINE
  5
398C
330
1A
100
AcDbEntity
  8
0
100
AcDbLine
 10
652.0
 20
277.0
 30
0.0
 11
818.0
 21
277.0
 31
0.0
  0
TEXT
  5
398D
330
1A
100
AcDbEntity
  8
3
100
AcDbText
 10
655.9285714285714
 20
272.5
 30
0.0
 40
3.0
  1
W7
  7
GHS
 72
     4
 11
659.0
 21
274.0
 31
0.0
100
AcDbText
  0
TEXT
  5
398E
330
1A
100
AcDbEntity
  8
3
100
AcDbText
 10
689.5714285714285
 20
272.5
 30
0.0
 40
3.0
  1
0.680
  7
GHS
 72
     2
 11
702.0
 21
274.0
 31
0.0
100
AcDbText
 73
     2
  0
TEXT
  5
398F
330
1A
100
AcDbEntity
  8
3
100
AcDbText
 10
710.0714285714285
 20
272.5
 30
0.0
 40
3.0
  1
34
  7
GHS
 72
     4
 11
713.0
 21
274.0
 31
0.0
100
AcDbText
  0
TEXT
  5
3990
330
1A
100
AcDbEntity
  8
3
100
AcDbText
 10
726.7142857142856
 20
272.5
 30
0.0
 40
3.0
  1
23.120
  7
GHS
 72
     2
 11
742.0
 21
274.0
 31
0.0
100
AcDbText
 73
     2
  0
LINE
  5
3991
330
1A
100
AcDbEntity
  8
0
100
AcDbLine
 10
652.0
 20
271.0
 30
0.0
 11
818.0
 21
271.0
 31
0.0
  0
TEXT
  5
3992
330
1A
100
AcDbEntity
  8
3
100
AcDbText
 10
656.2142857142856
 20
266.5
 30
0.0
 40
3.0
  1
F6
  7
GHS
 72
     4
 11
659.0
 21
268.0
 31
0.0
100
AcDbText
  0
TEXT
  5
3993
330
1A
100
AcDbEntity
  8
3
100
AcDbText
 10
689.5714285714285
 20
266.5
 30
0.0
 40
3.0
  1
1.930
  7
GHS
 72
     2
 11
702.0
 21
268.0
 31
0.0
100
AcDbText
 73
     2
  0
TEXT
  5
3994
330
1A
100
AcDbEntity
  8
3
100
AcDbText
 10
711.5714285714285
 20
266.5
 30
0.0
 40
3.0
  1
2
  7
GHS
 72
     4
 11
713.0
 21
268.0
 31
0.0
100
AcDbText
  0
TEXT
  5
3995
330
1A
100
AcDbEntity
  8
3
100
AcDbText
 10
729.5714285714285
 20
266.5
 30
0.0
 40
3.0
  1
3.860
  7
GHS
 72
     2
 11
742.0
 21
268.0
 31
0.0
100
AcDbText
 73
     2
  0
LINE
  5
3996
330
1A
100
AcDbEntity
  8
0
100
AcDbLine
 10
652.0
 20
265.0
 30
0.0
 11
818.0
 21
265.0
 31
0.0
  0
TEXT
  5
3997
330
1A
100
AcDbEntity
  8
3
100
AcDbText
 10
656.2142857142856
 20
260.5
 30
0.0
 40
3.0
  1
F7
  7
GHS
 72
     4
 11
659.0
 21
262.0
 31
0.0
100
AcDbText
  0
TEXT
  5
3998
330
1A
100
AcDbEntity
  8
3
100
AcDbText
 10
689.5714285714285
 20
260.5
 30
0.0
 40
3.0
  1
1.850
  7
GHS
 72
     2
 11
702.0
 21
262.0
 31
0.0
100
AcDbText
 73
     2
  0
TEXT
  5
3999
330
1A
100
AcDbEntity
  8
3
100
AcDbText
 10
709.9285714285714
 20
260.5
 30
0.0
 40
3.0
  1
12
  7
GHS
 72
     4
 11
713.0
 21
262.0
 31
0.0
100
AcDbText
  0
TEXT
  5
399A
330
1A
100
AcDbEntity
  8
3
100
AcDbText
 10
726.7142857142856
 20
260.5
 30
0.0
 40
3.0
  1
22.200
  7
GHS
 72
     2
 11
742.0
 21
262.0
 31
0.0
100
AcDbText
 73
     2
  0
LINE
  5
399B
330
1A
100
AcDbEntity
  8
0
100
AcDbLine
 10
652.0
 20
259.0
 30
0.0
 11
818.0
 21
259.0
 31
0.0
  0
INSERT
  5
399C
330
1A
100
AcDbEntity
  8
3
100
AcDbBlockReference
  2
STB10
 10
652.0
 20
253.0
 30
0.0
 41
2.0
 42
2.0
 43
2.0
  0
TEXT
  5
399D
330
1A
100
AcDbEntity
  8
3
100
AcDbText
 10
726.7142857142856
 20
254.5
 30
0.0
 40
3.0
  1
83.700
  7
GHS
 72
     2
 11
742.0
 21
256.0
 31
0.0
100
AcDbText
 73
     2
  0
TEXT
  5
399E
330
1A
100
AcDbEntity
  8
3
100
AcDbText
 10
749.5714285714285
 20
254.5
 30
0.0
 40
3.0
  1
0.995
  7
GHS
 72
     4
 11
756.0
 21
256.0
 31
0.0
100
AcDbText
  0
TEXT
  5
399F
330
1A
100
AcDbEntity
  8
3
100
AcDbText
 10
775.5714285714285
 20
254.5
 30
0.0
 40
3.0
  1
0.083
  7
GHS
 72
     2
 11
788.0
 21
256.0
 31
0.0
100
AcDbText
 73
     2
  0
LINE
  5
39A0
330
1A
100
AcDbEntity
  8
0
100
AcDbLine
 10
652.0
 20
253.0
 30
0.0
 11
818.0
 21
253.0
 31
0.0
  0
LINE
  5
39A1
330
1A
100
AcDbEntity
  8
0
100
AcDbLine
 10
666.0
 20
289.0
 30
0.0
 11
666.0
 21
259.0
 31
0.0
  0
LINE
  5
39A2
330
1A
100
AcDbEntity
  8
0
100
AcDbLine
 10
686.0
 20
289.0
 30
0.0
 11
686.0
 21
259.0
 31
0.0
  0
LINE
  5
39A3
330
1A
100
AcDbEntity
  8
0
100
AcDbLine
 10
706.0
 20
289.0
 30
0.0
 11
706.0
 21
259.0
 31
0.0
  0
INSERT
  5
39A8
330
1A
100
AcDbEntity
  8
3
100
AcDbBlockReference
  2
STB11
 10
652.0
 20
247.0
 30
0.0
 41
2.0
 42
2.0
 43
2.0
  0
TEXT
  5
39A9
330
1A
100
AcDbEntity
  8
3
100
AcDbText
 10
775.5714285714285
 20
248.5
 30
0.0
 40
3.0
  1
0.740
  7
GHS
 72
     2
 11
788.0
 21
250.0
 31
0.0
100
AcDbText
 73
     2
  0
TEXT
  5
39AA
330
1A
100
AcDbEntity
  8
3
100
AcDbText
 10
802.4285714285714
 20
248.5
 30
0.0
 40
3.0
  1
0.761
  7
GHS
 72
     2
 11
814.0
 21
250.0
 31
0.0
100
AcDbText
 73
     2
  0
LINE
  5
39AB
330
1A
100
AcDbEntity
  8
0
100
AcDbLine
 10
720.0
 20
373.0
 30
0.0
 11
720.0
 21
253.0
 31
0.0
  0
LINE
  5
39AC
330
1A
100
AcDbEntity
  8
0
100
AcDbLine
 10
746.0
 20
373.0
 30
0.0
 11
746.0
 21
253.0
 31
0.0
  0
LINE
  5
39AD
330
1A
100
AcDbEntity
  8
0
100
AcDbLine
 10
652.0
 20
247.0
 30
0.0
 11
818.0
 21
247.0
 31
0.0
  0
LINE
  5
39AE
330
1A
100
AcDbEntity
  8
0
100
AcDbLine
 10
652.0
 20
373.0
 30
0.0
 11
652.0
 21
247.0
 31
0.0
  0
LINE
  5
39AF
330
1A
100
AcDbEntity
  8
0
100
AcDbLine
 10
766.0
 20
373.0
 30
0.0
 11
766.0
 21
247.0
 31
0.0
  0
LINE
  5
39B0
330
1A
100
AcDbEntity
  8
0
100
AcDbLine
 10
792.0
 20
373.0
 30
0.0
 11
792.0
 21
247.0
 31
0.0
  0
LINE
  5
39B1
330
1A
100
AcDbEntity
  8
0
100
AcDbLine
 10
818.0
 20
373.0
 30
0.0
 11
818.0
 21
247.0
 31
0.0
  0
TEXT
  5
39B2
330
1A
100
AcDbEntity
  8
3
100
AcDbText
 10
569.2285714285714
 20
75.7
 30
0.0
 40
3.0
  1
0.761
  7
GHS
 72
     2
 11
580.7999999999999
 21
77.2
 31
0.0
100
AcDbText
 73
     2
  0
TEXT
  5
39B3
330
1A
100
AcDbEntity
  8
0
100
AcDbText
 10
222.4285714285715
 20
25.5
 30
0.0
 40
6.0
  1
H = 8.0m
 72
     1
 11
245.0
 21
28.5
 31
0.0
100
AcDbText
 73
     2
  0
TEXT
  5
39B4
330
1A
100
AcDbEntity
  8
0
100
AcDbText
 10
652.4285714285714
 20
25.5
 30
0.0
 40
6.0
  1
H = 8.0m
 72
     1
 11
675.0
 21
28.5
 31
0.0
100
AcDbText
 73
     2
  0
INSERT
  5
39B9
330
1A
100
AcDbEntity
  8
0
100
AcDbBlockReference
  2
STB29
 10
324.0
 20
34.5
 30
0.0
  0
INSERT
  5
39BA
330
1A
100
AcDbEntity
  8
0
100
AcDbBlockReference
  2
STB29
 10
754.0
 20
34.5
 30
0.0
  0
TEXT
  5
39BB
330
1A
100
AcDbEntity
  8
0
100
AcDbText
 10
308.1428571428572
 20
19.0
 30
0.0
 40
6.0
  1
0.00 m
 72
     1
 11
324.0
 21
22.0
 31
0.0
100
AcDbText
 73
     2
  0
TEXT
  5
39BC
330
1A
100
AcDbEntity
  8
0
100
AcDbText
 10
738.1428571428571
 20
19.0
 30
0.0
 40
6.0
  1
0.00 m
 72
     1
 11
754.0
 21
22.0
 31
0.0
100
AcDbText
 73
     2
  0
TEXT
  5
39BD
330
1A
100
AcDbEntity
  8
0
100
AcDbText
 10
369.5
 20
29.375
 30
0.0
 40
5.25
  1
T- 11
 72
     1
 11
380.0
 21
32.0
 31
0.0
100
AcDbText
 73
     2
  0
TEXT
  5
39BE
330
1A
100
AcDbEntity
  8
0
100
AcDbText
 10
799.5
 20
29.375
 30
0.0
 40
5.25
  1
T- 11
 72
     1
 11
810.0
 21
32.0
 31
0.0
100
AcDbText
 73
     2
  0
ENDSEC
  0
SECTION
  2
OBJECTS
  0
DICTIONARY
  5
C
330
0
100
AcDbDictionary
281
     1
  3
ACAD_CIP_PREVIOUS_PRODUCT_INFO
350
3A1C
  3
ACAD_COLOR
350
39F5
  3
ACAD_DETAILVIEWSTYLE
350
3A0F
  3
ACAD_GROUP
350
D
  3
ACAD_LAST_SAVED_VERSION_INFO
350
3A1D
  3
ACAD_LAYOUT
350
39F6
  3
ACAD_MATERIAL
350
39C3
  3
ACAD_MLEADERSTYLE
350
3A0B
  3
ACAD_MLINESTYLE
350
E
  3
ACAD_PLOTSETTINGS
350
3A11
  3
ACAD_PLOTSTYLENAME
350
39C1
  3
ACAD_SCALELIST
350
39F9
  3
ACAD_SECTIONVIEWSTYLE
350
3A0D
  3
ACAD_TABLESTYLE
350
39F7
  3
ACAD_VISUALSTYLE
350
39DC
  3
ACDB_RECOMPOSE_DATA
350
3A45
  3
AcDbVariableDictionary
350
3A38
  0
DICTIONARY
  5
3A1E
330
F
100
AcDbDictionary
280
     1
281
     1
  3
ADSK_XREC_LAYER_RECONCILED
360
3A1F
  0
DICTIONARY
  5
3A20
330
28C
100
AcDbDictionary
280
     1
281
     1
  3
ADSK_XREC_LAYER_RECONCILED
360
3A21
  0
DICTIONARY
  5
3A22
330
28D
100
AcDbDictionary
280
     1
281
     1
  3
ADSK_XREC_LAYER_RECONCILED
360
3A23
  0
DICTIONARY
  5
3A24
330
28E
100
AcDbDictionary
280
     1
281
     1
  3
ADSK_XREC_LAYER_RECONCILED
360
3A25
  0
DICTIONARY
  5
3A26
330
28F
100
AcDbDictionary
280
     1
281
     1
  3
ADSK_XREC_LAYER_RECONCILED
360
3A27
  0
DICTIONARY
  5
3A28
330
290
100
AcDbDictionary
280
     1
281
     1
  3
ADSK_XREC_LAYER_RECONCILED
360
3A29
  0
DICTIONARY
  5
3A2A
330
4F5
100
AcDbDictionary
280
     1
281
     1
  3
ADSK_XREC_LAYER_RECONCILED
360
3A2B
  0
DICTIONARY
  5
3A2C
330
4F6
100
AcDbDictionary
280
     1
281
     1
  3
ADSK_XREC_LAYER_RECONCILED
360
3A2D
  0
DICTIONARY
  5
3A2E
330
4F7
100
AcDbDictionary
280
     1
281
     1
  3
ADSK_XREC_LAYER_RECONCILED
360
3A2F
  0
DICTIONARY
  5
3A30
330
4F8
100
AcDbDictionary
280
     1
281
     1
  3
ADSK_XREC_LAYER_RECONCILED
360
3A31
  0
DICTIONARY
  5
3A32
330
4F9
100
AcDbDictionary
280
     1
281
     1
  3
ADSK_XREC_LAYER_RECONCILED
360
3A33
  0
DICTIONARY
  5
3A34
330
4FA
100
AcDbDictionary
280
     1
281
     1
  3
ADSK_XREC_LAYER_RECONCILED
360
3A35
  0
DICTIONARY
  5
3A36
330
4FB
100
AcDbDictionary
280
     1
281
     1
  3
ADSK_XREC_LAYER_RECONCILED
360
3A37
  0
XRECORD
  5
3A1C
102
{ACAD_REACTORS
330
C
102
}
330
C
100
AcDbXrecord
280
     1
300
ACD
300
2024
300

  0
DICTIONARY
  5
39F5
102
{ACAD_REACTORS
330
C
102
}
330
C
100
AcDbDictionary
281
     1
  0
DICTIONARY
  5
3A0F
102
{ACAD_REACTORS
330
C
102
}
330
C
100
AcDbDictionary
281
     1
  3
Imperial24
350
3A10
  0
DICTIONARY
  5
D
102
{ACAD_REACTORS
330
C
102
}
330
C
100
AcDbDictionary
281
     1
  0
XRECORD
  5
3A1D
102
{ACAD_REACTORS
330
C
102
}
330
C
100
AcDbXrecord
280
     1
300
{8720A22E-50A5-704D-AAC7-07084502C1A6}
301
{3147DD28-7F62-0048-AF6A-55043FA7E361}
302
{8720A22E-50A5-704D-AAC7-07084502C1A6}
303
C:\Users\PCuser\OneDrive\download\기관단체\국토부\옹벽표준도\T-01~T-11\T-011.dxf
  0
DICTIONARY
  5
39F6
102
{ACAD_REACTORS
330
C
102
}
330
C
100
AcDbDictionary
281
     1
  3
Model
350
3A12
  3
배치1
350
3A13
  0
DICTIONARY
  5
39C3
102
{ACAD_REACTORS
330
C
102
}
330
C
100
AcDbDictionary
281
     1
  3
ByBlock
350
39CC
  3
ByLayer
350
39C4
  3
Global
350
39D4
  0
DICTIONARY
  5
3A0B
102
{ACAD_REACTORS
330
C
102
}
330
C
100
AcDbDictionary
281
     1
  3
Standard
350
3A0C
  0
DICTIONARY
  5
E
102
{ACAD_REACTORS
330
C
102
}
330
C
100
AcDbDictionary
281
     1
  3
STANDARD
350
13
  0
DICTIONARY
  5
3A11
102
{ACAD_REACTORS
330
C
102
}
330
C
100
AcDbDictionary
281
     1
  0
ACDBDICTIONARYWDFLT
  5
39C1
102
{ACAD_REACTORS
330
C
102
}
330
C
100
AcDbDictionary
281
     1
  3
Normal
350
39C2
100
AcDbDictionaryWithDefault
340
39C2
  0
DICTIONARY
  5
39F9
102
{ACAD_REACTORS
330
C
102
}
330
C
100
AcDbDictionary
281
     1
  3
A0
350
39FA
  3
A1
350
39FB
  3
A2
350
39FC
  3
A3
350
39FD
  3
A4
350
39FE
  3
A5
350
39FF
  3
A6
350
3A00
  3
A7
350
3A01
  3
A8
350
3A02
  3
A9
350
3A03
  3
B0
350
3A04
  3
B1
350
3A05
  3
B2
350
3A06
  3
B3
350
3A07
  3
B4
350
3A08
  3
B5
350
3A09
  3
B6
350
3A0A
  0
DICTIONARY
  5
3A0D
102
{ACAD_REACTORS
330
C
102
}
330
C
100
AcDbDictionary
281
     1
  3
Imperial24
350
3A0E
  0
DICTIONARY
  5
39F7
102
{ACAD_REACTORS
330
C
102
}
330
C
100
AcDbDictionary
281
     1
  3
Standard
350
39F8
  0
DICTIONARY
  5
39DC
102
{ACAD_REACTORS
330
C
102
}
330
C
100
AcDbDictionary
281
     1
  3
2dWireframe
350
39E2
  3
Basic
350
39E1
  3
Brighten
350
39E8
  3
ColorChange
350
39EC
  3
Conceptual
350
39E5
  3
Dim
350
39E7
  3
EdgeColorOff
350
39F4
  3
Facepattern
350
39EB
  3
Flat
350
39DD
  3
FlatWithEdges
350
39DE
  3
Gouraud
350
39DF
  3
GouraudWithEdges
350
39E0
  3
Hidden
350
39E4
  3
JitterOff
350
39F2
  3
Linepattern
350
39EA
  3
OverhangOff
350
39F3
  3
Realistic
350
39E6
  3
Shaded
350
39F1
  3
Shaded with edges
350
39F0
  3
Shades of Gray
350
39ED
  3
Sketchy
350
39EE
  3
Thicken
350
39E9
  3
Wireframe
350
39E3
  3
X-Ray
350
39EF
  0
XRECORD
  5
3A45
102
{ACAD_REACTORS
330
C
102
}
330
C
100
AcDbXrecord
280
     1
 90
        1
330
39F8
  0
DICTIONARY
  5
3A38
102
{ACAD_REACTORS
330
C
102
}
330
C
100
AcDbDictionary
281
     1
  3
CANNOSCALE
350
3A3E
  3
CMLEADERSTYLE
350
3A3A
  3
CTABLESTYLE
350
3A39
  3
CVIEWDETAILSTYLE
350
3A3B
  3
CVIEWSECTIONSTYLE
350
3A3C
  3
LAYEREVAL
350
3A40
  3
LAYERNOTIFY
350
3A41
  3
LIGHTINGUNITS
350
3A3F
  3
MSLTSCALE
350
3A3D
  0
XRECORD
  5
3A1F
102
{ACAD_REACTORS
330
3A1E
102
}
330
3A1E
100
AcDbXrecord
280
     1
290
     1
  0
XRECORD
  5
3A21
102
{ACAD_REACTORS
330
3A20
102
}
330
3A20
100
AcDbXrecord
280
     1
290
     1
  0
XRECORD
  5
3A23
102
{ACAD_REACTORS
330
3A22
102
}
330
3A22
100
AcDbXrecord
280
     1
290
     1
  0
XRECORD
  5
3A25
102
{ACAD_REACTORS
330
3A24
102
}
330
3A24
100
AcDbXrecord
280
     1
290
     1
  0
XRECORD
  5
3A27
102
{ACAD_REACTORS
330
3A26
102
}
330
3A26
100
AcDbXrecord
280
     1
290
     1
  0
XRECORD
  5
3A29
102
{ACAD_REACTORS
330
3A28
102
}
330
3A28
100
AcDbXrecord
280
     1
290
     1
  0
XRECORD
  5
3A2B
102
{ACAD_REACTORS
330
3A2A
102
}
330
3A2A
100
AcDbXrecord
280
     1
290
     1
  0
XRECORD
  5
3A2D
102
{ACAD_REACTORS
330
3A2C
102
}
330
3A2C
100
AcDbXrecord
280
     1
290
     1
  0
XRECORD
  5
3A2F
102
{ACAD_REACTORS
330
3A2E
102
}
330
3A2E
100
AcDbXrecord
280
     1
290
     1
  0
XRECORD
  5
3A31
102
{ACAD_REACTORS
330
3A30
102
}
330
3A30
100
AcDbXrecord
280
     1
290
     1
  0
XRECORD
  5
3A33
102
{ACAD_REACTORS
330
3A32
102
}
330
3A32
100
AcDbXrecord
280
     1
290
     1
  0
XRECORD
  5
3A35
102
{ACAD_REACTORS
330
3A34
102
}
330
3A34
100
AcDbXrecord
280
     1
290
     1
  0
XRECORD
  5
3A37
102
{ACAD_REACTORS
330
3A36
102
}
330
3A36
100
AcDbXrecord
280
     1
290
     1
  0
ACDBDETAILVIEWSTYLE
  5
3A10
102
{ACAD_REACTORS
330
3A0F
102
}
330
3A0F
100
AcDbModelDocViewStyle
 70
     0
  3
Imperial24
290
     1
300
Imperial24
 90
        0
100
AcDbDetailViewStyle
 70
     0
 71
     0
 90
        3
 71
     1
340
10
 62
   256
 40
0.24
340
0
 62
   256
 40
0.24
300

 40
0.36
280
     3
 71
     2
340
16
 90
       25
 62
   256
 71
     3
340
10
 62
   256
 40
0.24
 90
        1
 40
0.75
 90
        1
300
%<\AcVar ViewType \f "%tc1">% %<\AcVar ViewDetailId>%\PSCALE %<\AcVar ViewScale \f "%sn">%
 71
     4
340
16
 90
       25
 62
   256
340
16
 90
       25
 62
   256
280
     0
  0
LAYOUT
  5
3A12
102
{ACAD_REACTORS
330
39F6
102
}
330
39F6
100
AcDbPlotSettings
  1

  2
Microsoft Print to PDF
  4

  6

 40
0.0
 41
0.0
 42
0.0
 43
0.0
 44
0.0
 45
0.0
 46
0.0
 47
0.0
 48
0.0
 49
0.0
140
0.0
141
0.0
142
1.0
143
1.0
 70
  1712
 72
     0
 73
     0
 74
     0
  7

 75
     0
147
1.0
 76
     0
 77
     2
 78
   300
148
0.0
149
0.0
100
AcDbLayout
  1
Model
 70
     1
 71
     0
 10
0.0
 20
0.0
 11
12.0
 21
9.0
 12
0.0
 22
0.0
 32
0.0
 14
0.0
 24
0.0
 34
0.0
 15
0.0
 25
0.0
 35
0.0
146
0.0
 13
0.0
 23
0.0
 33
0.0
 16
1.0
 26
0.0
 36
0.0
 17
0.0
 27
1.0
 37
0.0
 76
     0
330
1A
331
39BF
  0
LAYOUT
  5
3A13
102
{ACAD_REACTORS
330
39F6
102
}
330
39F6
100
AcDbPlotSettings
  1

  2
Microsoft Print to PDF
  4

  6

 40
0.0
 41
0.0
 42
0.0
 43
0.0
 44
0.0
 45
0.0
 46
0.0
 47
0.0
 48
0.0
 49
0.0
140
0.0
141
0.0
142
1.0
143
1.0
 70
   688
 72
     0
 73
     0
 74
     5
  7

 75
    16
147
1.0
 76
     0
 77
     2
 78
   300
148
0.0
149
0.0
100
AcDbLayout
  1
배치1
 70
     1
 71
     1
 10
0.0
 20
0.0
 11
12.0
 21
9.0
 12
0.0
 22
0.0
 32
0.0
 14
1.000000000000000E+20
 24
1.000000000000000E+20
 34
1.000000000000000E+20
 15
-1.000000000000000E+20
 25
-1.000000000000000E+20
 35
-1.000000000000000E+20
146
0.0
 13
0.0
 23
0.0
 33
0.0
 16
1.0
 26
0.0
 36
0.0
 17
0.0
 27
1.0
 37
0.0
 76
     0
330
17
  0
MATERIAL
  5
39CC
102
{ACAD_XDICTIONARY
360
39CD
102
}
102
{ACAD_REACTORS
330
39C3
102
}
330
39C3
100
AcDbMaterial
  1
ByBlock
 72
     0
 43
0.0208333333333333
 43
0.0
 43
0.0
 43
0.0
 43
0.0
 43
0.0208333333333333
 43
0.0
 43
0.0
 43
0.0
 43
0.0
 43
1.0
 43
0.0
 43
0.0
 43
0.0
 43
0.0
 43
1.0
 77
     0
 47
0.0208333333333333
 47
0.0
 47
0.0
 47
0.0
 47
0.0
 47
0.0208333333333333
 47
0.0
 47
0.0
 47
0.0
 47
0.0
 47
1.0
 47
0.0
 47
0.0
 47
0.0
 47
0.0
 47
1.0
171
     0
 49
0.0208333333333333
 49
0.0
 49
0.0
 49
0.0
 49
0.0
 49
0.0208333333333333
 49
0.0
 49
0.0
 49
0.0
 49
0.0
 49
1.0
 49
0.0
 49
0.0
 49
0.0
 49
0.0
 49
1.0
175
     0
142
0.0208333333333333
142
0.0
142
0.0
142
0.0
142
0.0
142
0.0208333333333333
142
0.0
142
0.0
142
0.0
142
0.0
142
1.0
142
0.0
142
0.0
142
0.0
142
0.0
142
1.0
179
     0
144
0.0208333333333333
144
0.0
144
0.0
144
0.0
144
0.0
144
0.0208333333333333
144
0.0
144
0.0
144
0.0
144
0.0
144
1.0
144
0.0
144
0.0
144
0.0
144
0.0
144
1.0
147
0.0208333333333333
147
0.0
147
0.0
147
0.0
147
0.0
147
0.0208333333333333
147
0.0
147
0.0
147
0.0
147
0.0
147
1.0
147
0.0
147
0.0
147
0.0
147
0.0
147
1.0
  0
MATERIAL
  5
39C4
102
{ACAD_XDICTIONARY
360
39C5
102
}
102
{ACAD_REACTORS
330
39C3
102
}
330
39C3
100
AcDbMaterial
  1
ByLayer
 72
     0
 43
0.0208333333333333
 43
0.0
 43
0.0
 43
0.0
 43
0.0
 43
0.0208333333333333
 43
0.0
 43
0.0
 43
0.0
 43
0.0
 43
1.0
 43
0.0
 43
0.0
 43
0.0
 43
0.0
 43
1.0
 77
     0
 47
0.0208333333333333
 47
0.0
 47
0.0
 47
0.0
 47
0.0
 47
0.0208333333333333
 47
0.0
 47
0.0
 47
0.0
 47
0.0
 47
1.0
 47
0.0
 47
0.0
 47
0.0
 47
0.0
 47
1.0
171
     0
 49
0.0208333333333333
 49
0.0
 49
0.0
 49
0.0
 49
0.0
 49
0.0208333333333333
 49
0.0
 49
0.0
 49
0.0
 49
0.0
 49
1.0
 49
0.0
 49
0.0
 49
0.0
 49
0.0
 49
1.0
175
     0
142
0.0208333333333333
142
0.0
142
0.0
142
0.0
142
0.0
142
0.0208333333333333
142
0.0
142
0.0
142
0.0
142
0.0
142
1.0
142
0.0
142
0.0
142
0.0
142
0.0
142
1.0
179
     0
144
0.0208333333333333
144
0.0
144
0.0
144
0.0
144
0.0
144
0.0208333333333333
144
0.0
144
0.0
144
0.0
144
0.0
144
1.0
144
0.0
144
0.0
144
0.0
144
0.0
144
1.0
147
0.0208333333333333
147
0.0
147
0.0
147
0.0
147
0.0
147
0.0208333333333333
147
0.0
147
0.0
147
0.0
147
0.0
147
1.0
147
0.0
147
0.0
147
0.0
147
0.0
147
1.0
  0
MATERIAL
  5
39D4
102
{ACAD_XDICTIONARY
360
39D5
102
}
102
{ACAD_REACTORS
330
39C3
102
}
330
39C3
100
AcDbMaterial
  1
Global
 72
     0
 43
0.0208333333333333
 43
0.0
 43
0.0
 43
0.0
 43
0.0
 43
0.0208333333333333
 43
0.0
 43
0.0
 43
0.0
 43
0.0
 43
1.0
 43
0.0
 43
0.0
 43
0.0
 43
0.0
 43
1.0
 77
     0
 47
0.0208333333333333
 47
0.0
 47
0.0
 47
0.0
 47
0.0
 47
0.0208333333333333
 47
0.0
 47
0.0
 47
0.0
 47
0.0
 47
1.0
 47
0.0
 47
0.0
 47
0.0
 47
0.0
 47
1.0
171
     0
 49
0.0208333333333333
 49
0.0
 49
0.0
 49
0.0
 49
0.0
 49
0.0208333333333333
 49
0.0
 49
0.0
 49
0.0
 49
0.0
 49
1.0
 49
0.0
 49
0.0
 49
0.0
 49
0.0
 49
1.0
175
     0
142
0.0208333333333333
142
0.0
142
0.0
142
0.0
142
0.0
142
0.0208333333333333
142
0.0
142
0.0
142
0.0
142
0.0
142
1.0
142
0.0
142
0.0
142
0.0
142
0.0
142
1.0
179
     0
144
0.0208333333333333
144
0.0
144
0.0
144
0.0
144
0.0
144
0.0208333333333333
144
0.0
144
0.0
144
0.0
144
0.0
144
1.0
144
0.0
144
0.0
144
0.0
144
0.0
144
1.0
147
0.0208333333333333
147
0.0
147
0.0
147
0.0
147
0.0
147
0.0208333333333333
147
0.0
147
0.0
147
0.0
147
0.0
147
1.0
147
0.0
147
0.0
147
0.0
147
0.0
147
1.0
  0
MLEADERSTYLE
  5
3A0C
102
{ACAD_REACTORS
330
3A0B
102
}
330
3A0B
100
AcDbMLeaderStyle
179
     2
170
     2
171
     1
172
     0
 90
        2
 40
0.0
 41
0.0
173
     1
 91
-1056964608
340
14
 92
       -2
290
     1
 42
0.09
291
     1
 43
0.36
  3
Standard
 44
0.18
300

342
10
174
     1
178
     6
175
     1
176
     0
 93
-1056964608
 45
0.18
292
     0
297
     0
 46
0.18
 94
-1056964608
 47
1.0
 49
1.0
140
1.0
293
     1
141
0.0
294
     1
177
     0
142
1.0
295
     1
296
     0
143
0.125
271
     0
272
     9
273
     9
298
     1
  0
MLINESTYLE
  5
13
102
{ACAD_REACTORS
330
E
102
}
330
E
100
AcDbMlineStyle
  2
STANDARD
 70
     0
  3

 62
     0
 51
90.0
 52
90.0
 71
     2
 49
0.5
 62
   256
  6
BYLAYER
 49
-0.5
 62
   256
  6
BYLAYER
  0
ACDBPLACEHOLDER
  5
39C2
102
{ACAD_REACTORS
330
39C1
102
}
330
39C1
  0
SCALE
  5
39FA
102
{ACAD_REACTORS
330
39F9
102
}
330
39F9
100
AcDbScale
 70
     0
300
1:1
140
1.0
141
1.0
290
     1
  0
SCALE
  5
39FB
102
{ACAD_REACTORS
330
39F9
102
}
330
39F9
100
AcDbScale
 70
     0
300
1/128" = 1'-0"
140
0.0078125
141
12.0
290
     0
  0
SCALE
  5
39FC
102
{ACAD_REACTORS
330
39F9
102
}
330
39F9
100
AcDbScale
 70
     0
300
1/64" = 1'-0"
140
0.015625
141
12.0
290
     0
  0
SCALE
  5
39FD
102
{ACAD_REACTORS
330
39F9
102
}
330
39F9
100
AcDbScale
 70
     0
300
1/32" = 1'-0"
140
0.03125
141
12.0
290
     0
  0
SCALE
  5
39FE
102
{ACAD_REACTORS
330
39F9
102
}
330
39F9
100
AcDbScale
 70
     0
300
1/16" = 1'-0"
140
0.0625
141
12.0
290
     0
  0
SCALE
  5
39FF
102
{ACAD_REACTORS
330
39F9
102
}
330
39F9
100
AcDbScale
 70
     0
300
3/32" = 1'-0"
140
0.09375
141
12.0
290
     0
  0
SCALE
  5
3A00
102
{ACAD_REACTORS
330
39F9
102
}
330
39F9
100
AcDbScale
 70
     0
300
1/8" = 1'-0"
140
0.125
141
12.0
290
     0
  0
SCALE
  5
3A01
102
{ACAD_REACTORS
330
39F9
102
}
330
39F9
100
AcDbScale
 70
     0
300
3/16" = 1'-0"
140
0.1875
141
12.0
290
     0
  0
SCALE
  5
3A02
102
{ACAD_REACTORS
330
39F9
102
}
330
39F9
100
AcDbScale
 70
     0
300
1/4" = 1'-0"
140
0.25
141
12.0
290
     0
  0
SCALE
  5
3A03
102
{ACAD_REACTORS
330
39F9
102
}
330
39F9
100
AcDbScale
 70
     0
300
3/8" = 1'-0"
140
0.375
141
12.0
290
     0
  0
SCALE
  5
3A04
102
{ACAD_REACTORS
330
39F9
102
}
330
39F9
100
AcDbScale
 70
     0
300
1/2" = 1'-0"
140
0.5
141
12.0
290
     0
  0
SCALE
  5
3A05
102
{ACAD_REACTORS
330
39F9
102
}
330
39F9
100
AcDbScale
 70
     0
300
3/4" = 1'-0"
140
0.75
141
12.0
290
     0
  0
SCALE
  5
3A06
102
{ACAD_REACTORS
330
39F9
102
}
330
39F9
100
AcDbScale
 70
     0
300
1" = 1'-0"
140
1.0
141
12.0
290
     0
  0
SCALE
  5
3A07
102
{ACAD_REACTORS
330
39F9
102
}
330
39F9
100
AcDbScale
 70
     0
300
1-1/2" = 1'-0"
140
1.5
141
12.0
290
     0
  0
SCALE
  5
3A08
102
{ACAD_REACTORS
330
39F9
102
}
330
39F9
100
AcDbScale
 70
     0
300
3" = 1'-0"
140
3.0
141
12.0
290
     0
  0
SCALE
  5
3A09
102
{ACAD_REACTORS
330
39F9
102
}
330
39F9
100
AcDbScale
 70
     0
300
6" = 1'-0"
140
6.0
141
12.0
290
     0
  0
SCALE
  5
3A0A
102
{ACAD_REACTORS
330
39F9
102
}
330
39F9
100
AcDbScale
 70
     0
300
1'-0" = 1'-0"
140
12.0
141
12.0
290
     0
  0
ACDBSECTIONVIEWSTYLE
  5
3A0E
102
{ACAD_REACTORS
330
3A0D
102
}
330
3A0D
100
AcDbModelDocViewStyle
 70
     0
  3
Imperial24
290
     1
300
Imperial24
 90
        0
100
AcDbSectionViewStyle
 70
     0
 71
     0
 90
       78
 71
     1
340
10
 62
   256
 40
0.24
340
0
340
0
 62
   256
 40
0.24
300
I, O, Q, S, X, Z
 40
0.48
 90
        3
 40
0.18
 90
        1
 71
     2
340
16
 90
       25
 62
   256
340
16
 90
       50
 62
   256
 40
0.24
 40
0.0
 40
0.24
 71
     3
340
10
 62
   256
 40
0.24
 90
        1
 40
0.75
 90
        1
300
%<\AcVar ViewType \f "%tc1">% %<\AcVar ViewSectionStartId>%-%<\AcVar ViewSectionEndId>%\PSCALE %<\AcVar ViewScale \f "%sn">%
 71
     4
 62
   256
 62
   257
300
ANSI31
 40
1.0
 90
        0
290
     0
290
     0
 90
        6
 40
0.0
 40
1.570796326794896
 40
0.2617993877991494
 40
1.308996938995747
 40
-0.2617993877991494
 40
1.832595714594046
  0
TABLESTYLE
  5
39F8
102
{ACAD_XDICTIONARY
360
3A43
102
}
102
{ACAD_REACTORS
330
39F7
102
}
330
39F7
100
AcDbTableStyle
280
     0
  3
Standard
 70
     0
 71
     0
 40
0.06
 41
0.06
280
     0
281
     0
  7
STANDARD
140
0.18
170
     2
 62
     0
 63
     7
283
     0
 90
      512
 91
        0
  1

274
    -2
284
     1
 64
     0
275
    -2
285
     1
 65
     0
276
    -2
286
     1
 66
     0
277
    -2
287
     1
 67
     0
278
    -2
288
     1
 68
     0
279
    -2
289
     1
 69
     0
  7
STANDARD
140
0.25
170
     5
 62
     0
 63
     7
283
     0
 90
      512
 91
        0
  1

274
    -2
284
     1
 64
     0
275
    -2
285
     1
 65
     0
276
    -2
286
     1
 66
     0
277
    -2
287
     1
 67
     0
278
    -2
288
     1
 68
     0
279
    -2
289
     1
 69
     0
  7
STANDARD
140
0.18
170
     5
 62
     0
 63
     7
283
     0
 90
      512
 91
        0
  1

274
    -2
284
     1
 64
     0
275
    -2
285
     1
 65
     0
276
    -2
286
     1
 66
     0
277
    -2
287
     1
 67
     0
278
    -2
288
     1
 68
     0
279
    -2
289
     1
 69
     0
  0
VISUALSTYLE
  5
39E2
102
{ACAD_REACTORS
330
39DC
102
}
330
39DC
100
AcDbVisualStyle
  2
2dWireframe
 70
     4
177
     3
291
     0
 70
    58
 90
        0
176
     1
 90
        2
176
     1
 90
        0
176
     1
 90
        0
176
     1
 40
0.6
176
     1
 40
30.0
176
     1
 62
     7
420
 16777215
176
     1
 90
        1
176
     1
 90
        4
176
     1
 62
     7
176
     1
 62
   257
176
     1
 90
        1
176
     1
 90
        1
176
     1
 40
1.0
176
     1
 90
        0
176
     1
 62
   257
176
     1
 40
1.0
176
     1
 90
        1
176
     1
 90
        6
176
     1
 90
        2
176
     1
 62
     7
176
     1
 90
        5
176
     1
 90
        0
176
     1
 90
        0
176
     1
290
     0
176
     1
 90
        1
176
     1
 40
0.0
176
     1
 90
        0
176
     1
290
     1
176
     1
290
     1
176
     1
290
     0
176
     1
290
     0
176
     1
290
     0
176
     1
290
     0
176
     1
290
     0
176
     1
290
     0
176
     1
290
     0
176
     1
 90
       50
176
     1
 40
0.0
176
     1
 40
1.0
176
     1
 90
        0
176
     1
 62
    18
420
        0
176
     1
 90
       50
176
     1
 90
        3
176
     1
 62
     5
420
      255
176
     1
290
     0
176
     1
 90
       50
176
     1
 90
       50
176
     1
 90
       50
176
     1
290
     0
176
     1
 90
       50
176
     1
 62
   256
176
     0
 40
1.0
176
     0
 90
        2
176
     1
  1
strokes_ogs.tif
176
     1
290
     0
176
     1
 40
1.0
176
     1
 40
1.0
176
     1
  0
VISUALSTYLE
  5
39E1
102
{ACAD_REACTORS
330
39DC
102
}
330
39DC
100
AcDbVisualStyle
  2
Basic
 70
     7
177
     3
291
     1
 70
    58
 90
        1
176
     1
 90
        0
176
     1
 90
        1
176
     1
 90
        0
176
     1
 40
0.6
176
     1
 40
30.0
176
     1
 62
     7
420
 16777215
176
     1
 90
        0
176
     1
 90
        4
176
     1
 62
     7
176
     1
 62
   257
176
     1
 90
        1
176
     1
 90
        1
176
     1
 40
1.0
176
     1
 90
        8
176
     1
 62
     7
176
     1
 40
1.0
176
     1
 90
        1
176
     1
 90
        6
176
     1
 90
        2
176
     1
 62
     7
176
     1
 90
        5
176
     1
 90
        0
176
     1
 90
        0
176
     1
290
     0
176
     1
 90
        1
176
     1
 40
0.0
176
     1
 90
        0
176
     1
290
     0
176
     1
290
     1
176
     1
290
     1
176
     1
290
     0
176
     1
290
     0
176
     1
290
     0
176
     1
290
     0
176
     1
290
     0
176
     1
290
     0
176
     1
 90
       50
176
     1
 40
0.0
176
     1
 40
1.0
176
     1
 90
        0
176
     1
 62
    18
420
        0
176
     1
 90
       50
176
     1
 90
        3
176
     1
 62
     5
420
      255
176
     1
290
     0
176
     1
 90
       50
176
     1
 90
       50
176
     1
 90
       50
176
     1
290
     0
176
     1
 90
       50
176
     1
 62
   256
176
     0
 40
1.0
176
     0
 90
        2
176
     1
  1
strokes_ogs.tif
176
     1
290
     0
176
     1
 40
1.0
176
     1
 40
1.0
176
     1
  0
VISUALSTYLE
  5
39E8
102
{ACAD_REACTORS
330
39DC
102
}
330
39DC
100
AcDbVisualStyle
  2
Brighten
 70
    12
177
     3
291
     1
 70
    58
 90
        2
176
     1
 90
        2
176
     1
 90
        0
176
     1
 90
        0
176
     1
 40
0.6
176
     1
 40
30.0
176
     1
 62
     7
420
 16777215
176
     1
 90
        1
176
     1
 90
        4
176
     1
 62
     7
176
     1
 62
   257
176
     1
 90
        1
176
     1
 90
        1
176
     1
 40
1.0
176
     1
 90
        8
176
     1
 62
     7
176
     1
 40
1.0
176
     1
 90
        1
176
     1
 90
        6
176
     1
 90
        2
176
     1
 62
     7
176
     1
 90
        5
176
     1
 90
        0
176
     1
 90
        0
176
     1
290
     0
176
     1
 90
        1
176
     1
 40
50.0
176
     1
 90
        0
176
     1
290
     0
176
     1
290
     1
176
     1
290
     1
176
     1
290
     0
176
     1
290
     0
176
     1
290
     0
176
     1
290
     0
176
     1
290
     0
176
     1
290
     0
176
     1
 90
       50
176
     1
 40
0.0
176
     1
 40
1.0
176
     1
 90
        0
176
     1
 62
    18
420
        0
176
     1
 90
       50
176
     1
 90
        3
176
     1
 62
     5
420
      255
176
     1
290
     0
176
     1
 90
       50
176
     1
 90
       50
176
     1
 90
       50
176
     1
290
     0
176
     1
 90
       50
176
     1
 62
   256
176
     0
 40
1.0
176
     0
 90
        2
176
     1
  1
strokes_ogs.tif
176
     1
290
     0
176
     1
 40
1.0
176
     1
 40
1.0
176
     1
  0
VISUALSTYLE
  5
39EC
102
{ACAD_REACTORS
330
39DC
102
}
330
39DC
100
AcDbVisualStyle
  2
ColorChange
 70
    16
177
     3
291
     1
 70
    58
 90
        2
176
     1
 90
        2
176
     1
 90
        3
176
     1
 90
        0
176
     1
 40
0.6
176
     1
 40
30.0
176
     1
 62
     8
420
  8421504
176
     1
 90
        1
176
     1
 90
        4
176
     1
 62
     7
176
     1
 62
   257
176
     1
 90
        1
176
     1
 90
        1
176
     1
 40
1.0
176
     1
 90
        8
176
     1
 62
     8
420
  8421504
176
     1
 40
1.0
176
     1
 90
        1
176
     1
 90
        6
176
     1
 90
        2
176
     1
 62
     7
176
     1
 90
        5
176
     1
 90
        0
176
     1
 90
        0
176
     1
290
     0
176
     1
 90
        1
176
     1
 40
0.0
176
     1
 90
        0
176
     1
290
     0
176
     1
290
     1
176
     1
290
     1
176
     1
290
     0
176
     1
290
     0
176
     1
290
     0
176
     1
290
     0
176
     1
290
     0
176
     1
290
     0
176
     1
 90
       50
176
     1
 40
0.0
176
     1
 40
1.0
176
     1
 90
        0
176
     1
 62
    18
420
        0
176
     1
 90
       50
176
     1
 90
        3
176
     1
 62
     5
420
      255
176
     1
290
     0
176
     1
 90
       50
176
     1
 90
       50
176
     1
 90
       50
176
     1
290
     0
176
     1
 90
       50
176
     1
 62
   256
176
     0
 40
1.0
176
     0
 90
        2
176
     1
  1
strokes_ogs.tif
176
     1
290
     0
176
     1
 40
1.0
176
     1
 40
1.0
176
     1
  0
VISUALSTYLE
  5
39E5
102
{ACAD_REACTORS
330
39DC
102
}
330
39DC
100
AcDbVisualStyle
  2
Conceptual
 70
     9
177
     3
291
     0
 70
    58
 90
        3
176
     1
 90
        2
176
     1
 90
        0
176
     1
 90
        0
176
     1
 40
0.6
176
     1
 40
30.0
176
     1
 62
     7
420
 16777215
176
     1
 90
        2
176
     1
 90
        2
176
     1
 62
     7
176
     1
 62
   257
176
     1
 90
        1
176
     1
 90
        1
176
     1
 40
179.0
176
     1
 90
        8
176
     1
 62
     7
176
     1
 40
1.0
176
     1
 90
        1
176
     1
 90
        6
176
     1
 90
        2
176
     1
 62
     7
176
     1
 90
        3
176
     1
 90
        0
176
     1
 90
        0
176
     1
290
     0
176
     1
 90
        1
176
     1
 40
0.0
176
     1
 90
        0
176
     1
290
     0
176
     1
290
     1
176
     1
290
     1
176
     1
290
     0
176
     1
290
     0
176
     1
290
     0
176
     1
290
     0
176
     1
290
     0
176
     1
290
     0
176
     1
 90
       50
176
     1
 40
0.0
176
     1
 40
1.0
176
     1
 90
        0
176
     1
 62
    18
420
        0
176
     1
 90
       50
176
     1
 90
        3
176
     1
 62
     5
420
      255
176
     1
290
     0
176
     1
 90
       50
176
     1
 90
       50
176
     1
 90
       50
176
     1
290
     0
176
     1
 90
       50
176
     1
 62
   256
176
     0
 40
1.0
176
     0
 90
        2
176
     1
  1
strokes_ogs.tif
176
     1
290
     0
176
     1
 40
1.0
176
     1
 40
1.0
176
     1
  0
VISUALSTYLE
  5
39E7
102
{ACAD_REACTORS
330
39DC
102
}
330
39DC
100
AcDbVisualStyle
  2
Dim
 70
    11
177
     3
291
     1
 70
    58
 90
        2
176
     1
 90
        2
176
     1
 90
        0
176
     1
 90
        0
176
     1
 40
0.6
176
     1
 40
30.0
176
     1
 62
     7
420
 16777215
176
     1
 90
        1
176
     1
 90
        4
176
     1
 62
     7
176
     1
 62
   257
176
     1
 90
        1
176
     1
 90
        1
176
     1
 40
1.0
176
     1
 90
        8
176
     1
 62
     7
176
     1
 40
1.0
176
     1
 90
        1
176
     1
 90
        6
176
     1
 90
        2
176
     1
 62
     7
176
     1
 90
        5
176
     1
 90
        0
176
     1
 90
        0
176
     1
290
     0
176
     1
 90
        1
176
     1
 40
-50.0
176
     1
 90
        0
176
     1
290
     0
176
     1
290
     1
176
     1
290
     1
176
     1
290
     0
176
     1
290
     0
176
     1
290
     0
176
     1
290
     0
176
     1
290
     0
176
     1
290
     0
176
     1
 90
       50
176
     1
 40
0.0
176
     1
 40
1.0
176
     1
 90
        0
176
     1
 62
    18
420
        0
176
     1
 90
       50
176
     1
 90
        3
176
     1
 62
     5
420
      255
176
     1
290
     0
176
     1
 90
       50
176
     1
 90
       50
176
     1
 90
       50
176
     1
290
     0
176
     1
 90
       50
176
     1
 62
   256
176
     0
 40
1.0
176
     0
 90
        2
176
     1
  1
strokes_ogs.tif
176
     1
290
     0
176
     1
 40
1.0
176
     1
 40
1.0
176
     1
  0
VISUALSTYLE
  5
39F4
102
{ACAD_REACTORS
330
39DC
102
}
330
39DC
100
AcDbVisualStyle
  2
EdgeColorOff
 70
    22
177
     3
291
     1
 70
    58
 90
        2
176
     0
 90
        2
176
     0
 90
        0
176
     0
 90
        0
176
     0
 40
0.6
176
     0
 40
30.0
176
     0
 62
     7
420
 16777215
176
     0
 90
        1
176
     0
 90
        4
176
     0
 62
     7
176
     0
 62
   257
176
     0
 90
        1
176
     0
 90
        1
176
     0
 40
1.0
176
     0
 90
        8
176
     2
 62
     7
176
     0
 40
1.0
176
     0
 90
        1
176
     0
 90
        6
176
     0
 90
        2
176
     0
 62
     7
176
     0
 90
        5
176
     0
 90
        0
176
     0
 90
        0
176
     0
290
     0
176
     0
 90
        1
176
     0
 40
0.0
176
     0
 90
        0
176
     0
290
     0
176
     0
290
     1
176
     0
290
     1
176
     0
290
     0
176
     0
290
     0
176
     0
290
     0
176
     0
290
     0
176
     0
290
     0
176
     0
290
     0
176
     0
 90
       50
176
     0
 40
0.0
176
     0
 40
1.0
176
     0
 90
        0
176
     0
 62
    18
420
        0
176
     0
 90
       50
176
     0
 90
        3
176
     0
 62
     5
420
      255
176
     0
290
     0
176
     0
 90
       50
176
     0
 90
       50
176
     0
 90
       50
176
     0
290
     0
176
     0
 90
       50
176
     0
 62
   256
176
     0
 40
1.0
176
     0
 90
        2
176
     0
  1
strokes_ogs.tif
176
     0
290
     0
176
     0
 40
1.0
176
     0
 40
1.0
176
     0
  0
VISUALSTYLE
  5
39EB
102
{ACAD_REACTORS
330
39DC
102
}
330
39DC
100
AcDbVisualStyle
  2
Facepattern
 70
    15
177
     3
291
     1
 70
    58
 90
        2
176
     1
 90
        2
176
     1
 90
        0
176
     1
 90
        0
176
     1
 40
0.6
176
     1
 40
30.0
176
     1
 62
     7
420
 16777215
176
     1
 90
        1
176
     1
 90
        4
176
     1
 62
     7
176
     1
 62
   257
176
     1
 90
        1
176
     1
 90
        1
176
     1
 40
1.0
176
     1
 90
        8
176
     1
 62
     7
176
     1
 40
1.0
176
     1
 90
        1
176
     1
 90
        6
176
     1
 90
        2
176
     1
 62
     7
176
     1
 90
        5
176
     1
 90
        0
176
     1
 90
        0
176
     1
290
     0
176
     1
 90
        1
176
     1
 40
0.0
176
     1
 90
        0
176
     1
290
     0
176
     1
290
     1
176
     1
290
     1
176
     1
290
     0
176
     1
290
     0
176
     1
290
     0
176
     1
290
     0
176
     1
290
     0
176
     1
290
     0
176
     1
 90
       50
176
     1
 40
0.0
176
     1
 40
1.0
176
     1
 90
        0
176
     1
 62
    18
420
        0
176
     1
 90
       50
176
     1
 90
        3
176
     1
 62
     5
420
      255
176
     1
290
     0
176
     1
 90
       50
176
     1
 90
       50
176
     1
 90
       50
176
     1
290
     0
176
     1
 90
       50
176
     1
 62
   256
176
     0
 40
1.0
176
     0
 90
        2
176
     1
  1
strokes_ogs.tif
176
     1
290
     0
176
     1
 40
1.0
176
     1
 40
1.0
176
     1
  0
VISUALSTYLE
  5
39DD
102
{ACAD_REACTORS
330
39DC
102
}
330
39DC
100
AcDbVisualStyle
  2
Flat
 70
     0
177
     3
291
     1
 70
    58
 90
        2
176
     1
 90
        1
176
     1
 90
        1
176
     1
 90
        2
176
     1
 40
0.6
176
     1
 40
30.0
176
     1
 62
     7
420
 16777215
176
     1
 90
        0
176
     1
 90
        0
176
     1
 62
     7
176
     1
 62
   257
176
     1
 90
        1
176
     1
 90
        1
176
     1
 40
1.0
176
     1
 90
        8
176
     1
 62
     7
176
     1
 40
1.0
176
     1
 90
        1
176
     1
 90
        6
176
     1
 90
        2
176
     1
 62
     7
176
     1
 90
        5
176
     1
 90
        0
176
     1
 90
        0
176
     1
290
     0
176
     1
 90
       13
176
     1
 40
0.0
176
     1
 90
        0
176
     1
290
     0
176
     1
290
     1
176
     1
290
     1
176
     1
290
     0
176
     1
290
     0
176
     1
290
     0
176
     1
290
     0
176
     1
290
     0
176
     1
290
     0
176
     1
 90
       50
176
     1
 40
0.0
176
     1
 40
1.0
176
     1
 90
        0
176
     1
 62
    18
420
        0
176
     1
 90
       50
176
     1
 90
        3
176
     1
 62
     5
420
      255
176
     1
290
     0
176
     1
 90
       50
176
     1
 90
       50
176
     1
 90
       50
176
     1
290
     0
176
     1
 90
       50
176
     1
 62
   256
176
     0
 40
1.0
176
     0
 90
        2
176
     1
  1
strokes_ogs.tif
176
     1
290
     0
176
     1
 40
1.0
176
     1
 40
1.0
176
     1
  0
VISUALSTYLE
  5
39DE
102
{ACAD_REACTORS
330
39DC
102
}
330
39DC
100
AcDbVisualStyle
  2
FlatWithEdges
 70
     1
177
     3
291
     1
 70
    58
 90
        2
176
     1
 90
        1
176
     1
 90
        1
176
     1
 90
        2
176
     1
 40
0.6
176
     1
 40
30.0
176
     1
 62
     7
420
 16777215
176
     1
 90
        1
176
     1
 90
        0
176
     1
 62
     7
176
     1
 62
   257
176
     1
 90
        1
176
     1
 90
        1
176
     1
 40
1.0
176
     1
 90
        0
176
     1
 62
   257
176
     1
 40
1.0
176
     1
 90
        1
176
     1
 90
        6
176
     1
 90
        2
176
     1
 62
     7
176
     1
 90
        5
176
     1
 90
        0
176
     1
 90
        0
176
     1
290
     0
176
     1
 90
       13
176
     1
 40
0.0
176
     1
 90
        0
176
     1
290
     0
176
     1
290
     1
176
     1
290
     1
176
     1
290
     0
176
     1
290
     0
176
     1
290
     0
176
     1
290
     0
176
     1
290
     0
176
     1
290
     0
176
     1
 90
       50
176
     1
 40
0.0
176
     1
 40
1.0
176
     1
 90
        0
176
     1
 62
    18
420
        0
176
     1
 90
       50
176
     1
 90
        3
176
     1
 62
     5
420
      255
176
     1
290
     0
176
     1
 90
       50
176
     1
 90
       50
176
     1
 90
       50
176
     1
290
     0
176
     1
 90
       50
176
     1
 62
   256
176
     0
 40
1.0
176
     0
 90
        2
176
     1
  1
strokes_ogs.tif
176
     1
290
     0
176
     1
 40
1.0
176
     1
 40
1.0
176
     1
  0
VISUALSTYLE
  5
39DF
102
{ACAD_REACTORS
330
39DC
102
}
330
39DC
100
AcDbVisualStyle
  2
Gouraud
 70
     2
177
     3
291
     1
 70
    58
 90
        2
176
     1
 90
        2
176
     1
 90
        1
176
     1
 90
        2
176
     1
 40
0.6
176
     1
 40
30.0
176
     1
 62
     7
420
 16777215
176
     1
 90
        0
176
     1
 90
        0
176
     1
 62
     7
176
     1
 62
   257
176
     1
 90
        1
176
     1
 90
        1
176
     1
 40
1.0
176
     1
 90
        0
176
     1
 62
     7
176
     1
 40
1.0
176
     1
 90
        1
176
     1
 90
        6
176
     1
 90
        2
176
     1
 62
     7
176
     1
 90
        5
176
     1
 90
        0
176
     1
 90
        0
176
     1
290
     0
176
     1
 90
       13
176
     1
 40
0.0
176
     1
 90
        0
176
     1
290
     0
176
     1
290
     1
176
     1
290
     1
176
     1
290
     0
176
     1
290
     0
176
     1
290
     0
176
     1
290
     0
176
     1
290
     0
176
     1
290
     0
176
     1
 90
       50
176
     1
 40
0.0
176
     1
 40
1.0
176
     1
 90
        0
176
     1
 62
    18
420
        0
176
     1
 90
       50
176
     1
 90
        3
176
     1
 62
     5
420
      255
176
     1
290
     0
176
     1
 90
       50
176
     1
 90
       50
176
     1
 90
       50
176
     1
290
     0
176
     1
 90
       50
176
     1
 62
   256
176
     0
 40
1.0
176
     0
 90
        2
176
     1
  1
strokes_ogs.tif
176
     1
290
     0
176
     1
 40
1.0
176
     1
 40
1.0
176
     1
  0
VISUALSTYLE
  5
39E0
102
{ACAD_REACTORS
330
39DC
102
}
330
39DC
100
AcDbVisualStyle
  2
GouraudWithEdges
 70
     3
177
     3
291
     1
 70
    58
 90
        2
176
     1
 90
        2
176
     1
 90
        1
176
     1
 90
        2
176
     1
 40
0.6
176
     1
 40
30.0
176
     1
 62
     7
420
 16777215
176
     1
 90
        1
176
     1
 90
        0
176
     1
 62
     7
176
     1
 62
   257
176
     1
 90
        1
176
     1
 90
        1
176
     1
 40
1.0
176
     1
 90
        0
176
     1
 62
   257
176
     1
 40
1.0
176
     1
 90
        1
176
     1
 90
        6
176
     1
 90
        2
176
     1
 62
     7
176
     1
 90
        5
176
     1
 90
        0
176
     1
 90
        0
176
     1
290
     0
176
     1
 90
       13
176
     1
 40
0.0
176
     1
 90
        0
176
     1
290
     0
176
     1
290
     1
176
     1
290
     1
176
     1
290
     0
176
     1
290
     0
176
     1
290
     0
176
     1
290
     0
176
     1
290
     0
176
     1
290
     0
176
     1
 90
       50
176
     1
 40
0.0
176
     1
 40
1.0
176
     1
 90
        0
176
     1
 62
    18
420
        0
176
     1
 90
       50
176
     1
 90
        3
176
     1
 62
     5
420
      255
176
     1
290
     0
176
     1
 90
       50
176
     1
 90
       50
176
     1
 90
       50
176
     1
290
     0
176
     1
 90
       50
176
     1
 62
   256
176
     0
 40
1.0
176
     0
 90
        2
176
     1
  1
strokes_ogs.tif
176
     1
290
     0
176
     1
 40
1.0
176
     1
 40
1.0
176
     1
  0
VISUALSTYLE
  5
39E4
102
{ACAD_REACTORS
330
39DC
102
}
330
39DC
100
AcDbVisualStyle
  2
Hidden
 70
     6
177
     3
291
     0
 70
    58
 90
        1
176
     1
 90
        2
176
     1
 90
        2
176
     1
 90
        0
176
     1
 40
0.6
176
     1
 40
30.0
176
     1
 62
     7
420
 16777215
176
     1
 90
        2
176
     1
 90
        2
176
     1
 62
     7
176
     1
 62
   257
176
     1
 90
        2
176
     1
 90
        1
176
     1
 40
40.0
176
     1
 90
        0
176
     1
 62
   257
176
     1
 40
1.0
176
     1
 90
        1
176
     1
 90
        6
176
     1
 90
        2
176
     1
 62
     7
176
     1
 90
        3
176
     1
 90
        0
176
     1
 90
        0
176
     1
290
     0
176
     1
 90
        1
176
     1
 40
0.0
176
     1
 90
        0
176
     1
290
     0
176
     1
290
     1
176
     1
290
     1
176
     1
290
     0
176
     1
290
     0
176
     1
290
     0
176
     1
290
     0
176
     1
290
     0
176
     1
290
     0
176
     1
 90
       50
176
     1
 40
0.0
176
     1
 40
1.0
176
     1
 90
        0
176
     1
 62
    18
420
        0
176
     1
 90
       50
176
     1
 90
        3
176
     1
 62
     5
420
      255
176
     1
290
     0
176
     1
 90
       50
176
     1
 90
       50
176
     1
 90
       50
176
     1
290
     0
176
     1
 90
       50
176
     1
 62
   256
176
     0
 40
1.0
176
     0
 90
        2
176
     1
  1
strokes_ogs.tif
176
     1
290
     0
176
     1
 40
1.0
176
     1
 40
1.0
176
     1
  0
VISUALSTYLE
  5
39F2
102
{ACAD_REACTORS
330
39DC
102
}
330
39DC
100
AcDbVisualStyle
  2
JitterOff
 70
    20
177
     3
291
     1
 70
    58
 90
        2
176
     0
 90
        2
176
     0
 90
        0
176
     0
 90
        0
176
     0
 40
0.6
176
     0
 40
30.0
176
     0
 62
     7
420
 16777215
176
     0
 90
        1
176
     0
 90
        4
176
     0
 62
     7
176
     0
 62
   257
176
     0
 90
        1
176
     0
 90
        1
176
     0
 40
1.0
176
     0
 90
       10
176
     2
 62
     7
176
     0
 40
1.0
176
     0
 90
        1
176
     0
 90
        6
176
     0
 90
        2
176
     0
 62
     7
176
     0
 90
        5
176
     0
 90
        0
176
     0
 90
        0
176
     0
290
     0
176
     0
 90
        1
176
     0
 40
0.0
176
     0
 90
        0
176
     0
290
     0
176
     0
290
     1
176
     0
290
     1
176
     0
290
     0
176
     0
290
     0
176
     0
290
     0
176
     0
290
     0
176
     0
290
     0
176
     0
290
     0
176
     0
 90
       50
176
     0
 40
0.0
176
     0
 40
1.0
176
     0
 90
        0
176
     0
 62
    18
420
        0
176
     0
 90
       50
176
     0
 90
        3
176
     0
 62
     5
420
      255
176
     0
290
     0
176
     0
 90
       50
176
     0
 90
       50
176
     0
 90
       50
176
     0
290
     0
176
     0
 90
       50
176
     0
 62
   256
176
     0
 40
1.0
176
     0
 90
        2
176
     0
  1
strokes_ogs.tif
176
     0
290
     0
176
     0
 40
1.0
176
     0
 40
1.0
176
     0
  0
VISUALSTYLE
  5
39EA
102
{ACAD_REACTORS
330
39DC
102
}
330
39DC
100
AcDbVisualStyle
  2
Linepattern
 70
    14
177
     3
291
     1
 70
    58
 90
        2
176
     1
 90
        2
176
     1
 90
        0
176
     1
 90
        0
176
     1
 40
0.6
176
     1
 40
30.0
176
     1
 62
     7
420
 16777215
176
     1
 90
        1
176
     1
 90
        4
176
     1
 62
     7
176
     1
 62
   257
176
     1
 90
        7
176
     1
 90
        7
176
     1
 40
1.0
176
     1
 90
        8
176
     1
 62
     7
176
     1
 40
1.0
176
     1
 90
        1
176
     1
 90
        6
176
     1
 90
        2
176
     1
 62
     7
176
     1
 90
        5
176
     1
 90
        0
176
     1
 90
        0
176
     1
290
     0
176
     1
 90
        1
176
     1
 40
0.0
176
     1
 90
        0
176
     1
290
     0
176
     1
290
     1
176
     1
290
     1
176
     1
290
     0
176
     1
290
     0
176
     1
290
     0
176
     1
290
     0
176
     1
290
     0
176
     1
290
     0
176
     1
 90
       50
176
     1
 40
0.0
176
     1
 40
1.0
176
     1
 90
        0
176
     1
 62
    18
420
        0
176
     1
 90
       50
176
     1
 90
        3
176
     1
 62
     5
420
      255
176
     1
290
     0
176
     1
 90
       50
176
     1
 90
       50
176
     1
 90
       50
176
     1
290
     0
176
     1
 90
       50
176
     1
 62
   256
176
     0
 40
1.0
176
     0
 90
        2
176
     1
  1
strokes_ogs.tif
176
     1
290
     0
176
     1
 40
1.0
176
     1
 40
1.0
176
     1
  0
VISUALSTYLE
  5
39F3
102
{ACAD_REACTORS
330
39DC
102
}
330
39DC
100
AcDbVisualStyle
  2
OverhangOff
 70
    21
177
     3
291
     1
 70
    58
 90
        2
176
     0
 90
        2
176
     0
 90
        0
176
     0
 90
        0
176
     0
 40
0.6
176
     0
 40
30.0
176
     0
 62
     7
420
 16777215
176
     0
 90
        1
176
     0
 90
        4
176
     0
 62
     7
176
     0
 62
   257
176
     0
 90
        1
176
     0
 90
        1
176
     0
 40
1.0
176
     0
 90
        9
176
     2
 62
     7
176
     0
 40
1.0
176
     0
 90
        1
176
     0
 90
        6
176
     0
 90
        2
176
     0
 62
     7
176
     0
 90
        5
176
     0
 90
        0
176
     0
 90
        0
176
     0
290
     0
176
     0
 90
        1
176
     0
 40
0.0
176
     0
 90
        0
176
     0
290
     0
176
     0
290
     1
176
     0
290
     1
176
     0
290
     0
176
     0
290
     0
176
     0
290
     0
176
     0
290
     0
176
     0
290
     0
176
     0
290
     0
176
     0
 90
       50
176
     0
 40
0.0
176
     0
 40
1.0
176
     0
 90
        0
176
     0
 62
    18
420
        0
176
     0
 90
       50
176
     0
 90
        3
176
     0
 62
     5
420
      255
176
     0
290
     0
176
     0
 90
       50
176
     0
 90
       50
176
     0
 90
       50
176
     0
290
     0
176
     0
 90
       50
176
     0
 62
   256
176
     0
 40
1.0
176
     0
 90
        2
176
     0
  1
strokes_ogs.tif
176
     0
290
     0
176
     0
 40
1.0
176
     0
 40
1.0
176
     0
  0
VISUALSTYLE
  5
39E6
102
{ACAD_REACTORS
330
39DC
102
}
330
39DC
100
AcDbVisualStyle
  2
Realistic
 70
     8
177
     3
291
     0
 70
    58
 90
        2
176
     1
 90
        3
176
     1
 90
        0
176
     1
 90
        2
176
     1
 40
0.6
176
     1
 40
30.0
176
     1
 62
     7
420
 16777215
176
     1
 90
        0
176
     1
 90
        0
176
     1
 62
     7
176
     1
 62
   257
176
     1
 90
        1
176
     1
 90
        1
176
     1
 40
1.0
176
     1
 90
        8
176
     1
 62
   257
176
     1
 40
1.0
176
     1
 90
        1
176
     1
 90
        6
176
     1
 90
        2
176
     1
 62
     7
176
     1
 90
        3
176
     1
 90
        0
176
     1
 90
        0
176
     1
290
     0
176
     1
 90
       13
176
     1
 40
0.0
176
     1
 90
        0
176
     1
290
     0
176
     1
290
     1
176
     1
290
     1
176
     1
290
     0
176
     1
290
     0
176
     1
290
     0
176
     1
290
     0
176
     1
290
     0
176
     1
290
     0
176
     1
 90
       50
176
     1
 40
0.0
176
     1
 40
1.0
176
     1
 90
        0
176
     1
 62
    18
420
        0
176
     1
 90
       50
176
     1
 90
        3
176
     1
 62
     5
420
      255
176
     1
290
     0
176
     1
 90
       50
176
     1
 90
       50
176
     1
 90
       50
176
     1
290
     0
176
     1
 90
       50
176
     1
 62
   256
176
     0
 40
1.0
176
     0
 90
        2
176
     1
  1
strokes_ogs.tif
176
     1
290
     0
176
     1
 40
1.0
176
     1
 40
1.0
176
     1
  0
VISUALSTYLE
  5
39F1
102
{ACAD_REACTORS
330
39DC
102
}
330
39DC
100
AcDbVisualStyle
  2
Shaded
 70
    27
177
     3
291
     0
 70
    58
 90
        2
176
     1
 90
        2
176
     1
 90
        1
176
     1
 90
        2
176
     1
 40
0.6
176
     1
 40
30.0
176
     1
 62
     7
420
 16777215
176
     1
 90
        0
176
     1
 90
        4
176
     1
 62
     7
176
     1
 62
   257
176
     1
 90
        1
176
     1
 90
        1
176
     1
 40
1.0
176
     1
 90
        8
176
     1
 62
   257
176
     1
 40
1.0
176
     1
 90
        1
176
     1
 90
        6
176
     1
 90
        2
176
     1
 62
     8
420
  7895160
176
     1
 90
        3
176
     1
 90
        0
176
     1
 90
        0
176
     1
290
     0
176
     1
 90
        5
176
     1
 40
0.0
176
     1
 90
        0
176
     1
290
     0
176
     1
290
     1
176
     1
290
     1
176
     1
290
     0
176
     1
290
     0
176
     1
290
     0
176
     1
290
     0
176
     1
290
     0
176
     1
290
     0
176
     1
 90
       50
176
     1
 40
0.0
176
     1
 40
1.0
176
     1
 90
        0
176
     1
 62
    18
420
        0
176
     1
 90
       50
176
     1
 90
        3
176
     1
 62
     5
420
      255
176
     1
290
     0
176
     1
 90
       50
176
     1
 90
       50
176
     1
 90
       50
176
     1
290
     0
176
     1
 90
       50
176
     1
 62
   256
176
     0
 40
1.0
176
     0
 90
        2
176
     1
  1
strokes_ogs.tif
176
     1
290
     0
176
     1
 40
1.0
176
     1
 40
1.0
176
     1
  0
VISUALSTYLE
  5
39F0
102
{ACAD_REACTORS
330
39DC
102
}
330
39DC
100
AcDbVisualStyle
  2
Shaded with edges
 70
    26
177
     3
291
     0
 70
    58
 90
        2
176
     1
 90
        2
176
     1
 90
        1
176
     1
 90
        2
176
     1
 40
0.6
176
     1
 40
30.0
176
     1
 62
     7
420
 16777215
176
     1
 90
        1
176
     1
 90
        2
176
     1
 62
     7
176
     1
 62
   257
176
     1
 90
        2
176
     1
 90
        1
176
     1
 40
1.0
176
     1
 90
        8
176
     1
 62
   257
176
     1
 40
1.0
176
     1
 90
        1
176
     1
 90
        6
176
     1
 90
        2
176
     1
 62
     7
176
     1
 90
        3
176
     1
 90
        0
176
     1
 90
        0
176
     1
290
     0
176
     1
 90
        5
176
     1
 40
0.0
176
     1
 90
        0
176
     1
290
     0
176
     1
290
     1
176
     1
290
     1
176
     1
290
     0
176
     1
290
     0
176
     1
290
     0
176
     1
290
     0
176
     1
290
     0
176
     1
290
     0
176
     1
 90
       50
176
     1
 40
0.0
176
     1
 40
1.0
176
     1
 90
        0
176
     1
 62
    18
420
        0
176
     1
 90
       50
176
     1
 90
        3
176
     1
 62
     5
420
      255
176
     1
290
     0
176
     1
 90
       50
176
     1
 90
       50
176
     1
 90
       50
176
     1
290
     0
176
     1
 90
       50
176
     1
 62
   256
176
     0
 40
1.0
176
     0
 90
        2
176
     1
  1
strokes_ogs.tif
176
     1
290
     0
176
     1
 40
1.0
176
     1
 40
1.0
176
     1
  0
VISUALSTYLE
  5
39ED
102
{ACAD_REACTORS
330
39DC
102
}
330
39DC
100
AcDbVisualStyle
  2
Shades of Gray
 70
    23
177
     3
291
     0
 70
    58
 90
        2
176
     1
 90
        2
176
     1
 90
        3
176
     1
 90
        0
176
     1
 40
0.6
176
     1
 40
30.0
176
     1
 62
     7
420
 16777215
176
     1
 90
        2
176
     1
 90
        2
176
     1
 62
     7
176
     1
 62
     7
176
     1
 90
        1
176
     1
 90
        1
176
     1
 40
40.0
176
     1
 90
        8
176
     1
 62
     7
176
     1
 40
1.0
176
     1
 90
        1
176
     1
 90
        6
176
     1
 90
        2
176
     1
 62
     7
176
     1
 90
        3
176
     1
 90
        0
176
     1
 90
        0
176
     1
290
     0
176
     1
 90
        1
176
     1
 40
0.0
176
     1
 90
        0
176
     1
290
     0
176
     1
290
     1
176
     1
290
     1
176
     1
290
     0
176
     1
290
     0
176
     1
290
     0
176
     1
290
     0
176
     1
290
     0
176
     1
290
     0
176
     1
 90
       50
176
     1
 40
0.0
176
     1
 40
1.0
176
     1
 90
        0
176
     1
 62
    18
420
        0
176
     1
 90
       50
176
     1
 90
        3
176
     1
 62
     5
420
      255
176
     1
290
     0
176
     1
 90
       50
176
     1
 90
       50
176
     1
 90
       50
176
     1
290
     0
176
     1
 90
       50
176
     1
 62
   256
176
     0
 40
1.0
176
     0
 90
        2
176
     1
  1
strokes_ogs.tif
176
     1
290
     0
176
     1
 40
1.0
176
     1
 40
1.0
176
     1
  0
VISUALSTYLE
  5
39EE
102
{ACAD_REACTORS
330
39DC
102
}
330
39DC
100
AcDbVisualStyle
  2
Sketchy
 70
    24
177
     3
291
     0
 70
    58
 90
        1
176
     1
 90
        2
176
     1
 90
        2
176
     1
 90
        0
176
     1
 40
0.6
176
     1
 40
30.0
176
     1
 62
     7
420
 16777215
176
     1
 90
        2
176
     1
 90
        2
176
     1
 62
     7
176
     1
 62
     7
176
     1
 90
        1
176
     1
 90
        1
176
     1
 40
40.0
176
     1
 90
       11
176
     1
 62
     7
176
     1
 40
1.0
176
     1
 90
        1
176
     1
 90
        6
176
     1
 90
        2
176
     1
 62
     7
176
     1
 90
        6
176
     1
 90
        0
176
     1
 90
        0
176
     1
290
     0
176
     1
 90
        1
176
     1
 40
0.0
176
     1
 90
        0
176
     1
290
     0
176
     1
290
     1
176
     1
290
     1
176
     1
290
     0
176
     1
290
     0
176
     1
290
     0
176
     1
290
     0
176
     1
290
     0
176
     1
290
     0
176
     1
 90
       50
176
     1
 40
0.0
176
     1
 40
1.0
176
     1
 90
        0
176
     1
 62
    18
420
        0
176
     1
 90
       50
176
     1
 90
        3
176
     1
 62
     5
420
      255
176
     1
290
     0
176
     1
 90
       50
176
     1
 90
       50
176
     1
 90
       50
176
     1
290
     0
176
     1
 90
       50
176
     1
 62
   256
176
     0
 40
1.0
176
     0
 90
        2
176
     1
  1
strokes_ogs.tif
176
     1
290
     0
176
     1
 40
1.0
176
     1
 40
1.0
176
     1
  0
VISUALSTYLE
  5
39E9
102
{ACAD_REACTORS
330
39DC
102
}
330
39DC
100
AcDbVisualStyle
  2
Thicken
 70
    13
177
     3
291
     1
 70
    58
 90
        2
176
     1
 90
        2
176
     1
 90
        0
176
     1
 90
        0
176
     1
 40
0.6
176
     1
 40
30.0
176
     1
 62
     7
420
 16777215
176
     1
 90
        1
176
     1
 90
        4
176
     1
 62
     7
176
     1
 62
   257
176
     1
 90
        1
176
     1
 90
        1
176
     1
 40
1.0
176
     1
 90
       12
176
     1
 62
     7
176
     1
 40
1.0
176
     1
 90
        1
176
     1
 90
        6
176
     1
 90
        2
176
     1
 62
     7
176
     1
 90
        5
176
     1
 90
        0
176
     1
 90
        0
176
     1
290
     0
176
     1
 90
        1
176
     1
 40
0.0
176
     1
 90
        0
176
     1
290
     0
176
     1
290
     1
176
     1
290
     1
176
     1
290
     0
176
     1
290
     0
176
     1
290
     0
176
     1
290
     0
176
     1
290
     0
176
     1
290
     0
176
     1
 90
       50
176
     1
 40
0.0
176
     1
 40
1.0
176
     1
 90
        0
176
     1
 62
    18
420
        0
176
     1
 90
       50
176
     1
 90
        3
176
     1
 62
     5
420
      255
176
     1
290
     0
176
     1
 90
       50
176
     1
 90
       50
176
     1
 90
       50
176
     1
290
     0
176
     1
 90
       50
176
     1
 62
   256
176
     0
 40
1.0
176
     0
 90
        2
176
     1
  1
strokes_ogs.tif
176
     1
290
     0
176
     1
 40
1.0
176
     1
 40
1.0
176
     1
  0
VISUALSTYLE
  5
39E3
102
{ACAD_REACTORS
330
39DC
102
}
330
39DC
100
AcDbVisualStyle
  2
Wireframe
 70
     5
177
     3
291
     0
 70
    58
 90
        0
176
     1
 90
        2
176
     1
 90
        0
176
     1
 90
        0
176
     1
 40
0.6
176
     1
 40
30.0
176
     1
 62
     7
420
 16777215
176
     1
 90
        1
176
     1
 90
        4
176
     1
 62
     7
176
     1
 62
   257
176
     1
 90
        1
176
     1
 90
        1
176
     1
 40
1.0
176
     1
 90
        0
176
     1
 62
   257
176
     1
 40
1.0
176
     1
 90
        1
176
     1
 90
        6
176
     1
 90
        2
176
     1
 62
     7
176
     1
 90
        3
176
     1
 90
        0
176
     1
 90
        0
176
     1
290
     0
176
     1
 90
        1
176
     1
 40
0.0
176
     1
 90
        0
176
     1
290
     0
176
     1
290
     1
176
     1
290
     1
176
     1
290
     0
176
     1
290
     0
176
     1
290
     0
176
     1
290
     0
176
     1
290
     0
176
     1
290
     0
176
     1
 90
       50
176
     1
 40
0.0
176
     1
 40
1.0
176
     1
 90
        0
176
     1
 62
    18
420
        0
176
     1
 90
       50
176
     1
 90
        3
176
     1
 62
     5
420
      255
176
     1
290
     0
176
     1
 90
       50
176
     1
 90
       50
176
     1
 90
       50
176
     1
290
     0
176
     1
 90
       50
176
     1
 62
   256
176
     0
 40
1.0
176
     0
 90
        2
176
     1
  1
strokes_ogs.tif
176
     1
290
     0
176
     1
 40
1.0
176
     1
 40
1.0
176
     1
  0
VISUALSTYLE
  5
39EF
102
{ACAD_REACTORS
330
39DC
102
}
330
39DC
100
AcDbVisualStyle
  2
X-Ray
 70
    25
177
     3
291
     0
 70
    58
 90
        2
176
     1
 90
        2
176
     1
 90
        1
176
     1
 90
        1
176
     1
 40
0.5
176
     1
 40
30.0
176
     1
 62
     7
420
 16777215
176
     1
 90
        1
176
     1
 90
        0
176
     1
 62
     7
176
     1
 62
   257
176
     1
 90
        1
176
     1
 90
        1
176
     1
 40
1.0
176
     1
 90
        8
176
     1
 62
     7
176
     1
 40
1.0
176
     1
 90
        1
176
     1
 90
        6
176
     1
 90
        2
176
     1
 62
     7
176
     1
 90
        3
176
     1
 90
        0
176
     1
 90
        0
176
     1
290
     0
176
     1
 90
       13
176
     1
 40
0.0
176
     1
 90
        0
176
     1
290
     0
176
     1
290
     1
176
     1
290
     1
176
     1
290
     0
176
     1
290
     0
176
     1
290
     0
176
     1
290
     0
176
     1
290
     0
176
     1
290
     0
176
     1
 90
       50
176
     1
 40
0.0
176
     1
 40
1.0
176
     1
 90
        0
176
     1
 62
    18
420
        0
176
     1
 90
       50
176
     1
 90
        3
176
     1
 62
     5
420
      255
176
     1
290
     0
176
     1
 90
       50
176
     1
 90
       50
176
     1
 90
       50
176
     1
290
     0
176
     1
 90
       50
176
     1
 62
   256
176
     0
 40
1.0
176
     0
 90
        2
176
     1
  1
strokes_ogs.tif
176
     1
290
     0
176
     1
 40
1.0
176
     1
 40
1.0
176
     1
  0
DICTIONARYVAR
  5
3A3E
102
{ACAD_REACTORS
330
3A38
102
}
330
3A38
100
DictionaryVariables
280
     0
  1
1:1
  0
DICTIONARYVAR
  5
3A3A
102
{ACAD_REACTORS
330
3A38
102
}
330
3A38
100
DictionaryVariables
280
     0
  1
STANDARD
  0
DICTIONARYVAR
  5
3A39
102
{ACAD_REACTORS
330
3A38
102
}
330
3A38
100
DictionaryVariables
280
     0
  1
STANDARD
  0
DICTIONARYVAR
  5
3A3B
102
{ACAD_REACTORS
330
3A38
102
}
330
3A38
100
DictionaryVariables
280
     0
  1
Imperial24
  0
DICTIONARYVAR
  5
3A3C
102
{ACAD_REACTORS
330
3A38
102
}
330
3A38
100
DictionaryVariables
280
     0
  1
Imperial24
  0
DICTIONARYVAR
  5
3A40
102
{ACAD_REACTORS
330
3A38
102
}
330
3A38
100
DictionaryVariables
280
     0
  1
1
  0
DICTIONARYVAR
  5
3A41
102
{ACAD_REACTORS
330
3A38
102
}
330
3A38
100
DictionaryVariables
280
     0
  1
15
  0
DICTIONARYVAR
  5
3A3F
102
{ACAD_REACTORS
330
3A38
102
}
330
3A38
100
DictionaryVariables
280
     0
  1
0
  0
DICTIONARYVAR
  5
3A3D
102
{ACAD_REACTORS
330
3A38
102
}
330
3A38
100
DictionaryVariables
280
     0
  1
0
  0
DICTIONARY
  5
39CD
330
39CC
100
AcDbDictionary
280
     1
281
     1
  3
BUMPTILE
360
39CF
  3
DIFFUSETILE
360
39CE
  3
OPACITYTILE
360
39D2
  3
REFLECTIONTILE
360
39D1
  3
REFRACTIONTILE
360
39D3
  3
SPECULARTILE
360
39D0
  0
DICTIONARY
  5
39C5
330
39C4
100
AcDbDictionary
280
     1
281
     1
  3
BUMPTILE
360
39C7
  3
DIFFUSETILE
360
39C6
  3
OPACITYTILE
360
39CA
  3
REFLECTIONTILE
360
39C9
  3
REFRACTIONTILE
360
39CB
  3
SPECULARTILE
360
39C8
  0
DICTIONARY
  5
39D5
330
39D4
100
AcDbDictionary
280
     1
281
     1
  3
BUMPTILE
360
39D7
  3
DIFFUSETILE
360
39D6
  3
OPACITYTILE
360
39DA
  3
REFLECTIONTILE
360
39D9
  3
REFRACTIONTILE
360
39DB
  3
SPECULARTILE
360
39D8
  0
DICTIONARY
  5
3A43
330
39F8
100
AcDbDictionary
280
     1
281
     1
  3
ACAD_ROUNDTRIP_2008_TABLESTYLE_CELLSTYLEMAP
360
3A44
  0
XRECORD
  5
39CF
102
{ACAD_REACTORS
330
39CD
102
}
330
39CD
100
AcDbXrecord
280
     1
270
     1
271
     1
  0
XRECORD
  5
39CE
102
{ACAD_REACTORS
330
39CD
102
}
330
39CD
100
AcDbXrecord
280
     1
270
     1
271
     1
  0
XRECORD
  5
39D2
102
{ACAD_REACTORS
330
39CD
102
}
330
39CD
100
AcDbXrecord
280
     1
270
     1
271
     1
  0
XRECORD
  5
39D1
102
{ACAD_REACTORS
330
39CD
102
}
330
39CD
100
AcDbXrecord
280
     1
270
     1
271
     1
  0
XRECORD
  5
39D3
102
{ACAD_REACTORS
330
39CD
102
}
330
39CD
100
AcDbXrecord
280
     1
270
     1
271
     1
  0
XRECORD
  5
39D0
102
{ACAD_REACTORS
330
39CD
102
}
330
39CD
100
AcDbXrecord
280
     1
270
     1
271
     1
  0
XRECORD
  5
39C7
102
{ACAD_REACTORS
330
39C5
102
}
330
39C5
100
AcDbXrecord
280
     1
270
     1
271
     1
  0
XRECORD
  5
39C6
102
{ACAD_REACTORS
330
39C5
102
}
330
39C5
100
AcDbXrecord
280
     1
270
     1
271
     1
  0
XRECORD
  5
39CA
102
{ACAD_REACTORS
330
39C5
102
}
330
39C5
100
AcDbXrecord
280
     1
270
     1
271
     1
  0
XRECORD
  5
39C9
102
{ACAD_REACTORS
330
39C5
102
}
330
39C5
100
AcDbXrecord
280
     1
270
     1
271
     1
  0
XRECORD
  5
39CB
102
{ACAD_REACTORS
330
39C5
102
}
330
39C5
100
AcDbXrecord
280
     1
270
     1
271
     1
  0
XRECORD
  5
39C8
102
{ACAD_REACTORS
330
39C5
102
}
330
39C5
100
AcDbXrecord
280
     1
270
     1
271
     1
  0
XRECORD
  5
39D7
102
{ACAD_REACTORS
330
39D5
102
}
330
39D5
100
AcDbXrecord
280
     1
270
     1
271
     1
  0
XRECORD
  5
39D6
102
{ACAD_REACTORS
330
39D5
102
}
330
39D5
100
AcDbXrecord
280
     1
270
     1
271
     1
  0
XRECORD
  5
39DA
102
{ACAD_REACTORS
330
39D5
102
}
330
39D5
100
AcDbXrecord
280
     1
270
     1
271
     1
  0
XRECORD
  5
39D9
102
{ACAD_REACTORS
330
39D5
102
}
330
39D5
100
AcDbXrecord
280
     1
270
     1
271
     1
  0
XRECORD
  5
39DB
102
{ACAD_REACTORS
330
39D5
102
}
330
39D5
100
AcDbXrecord
280
     1
270
     1
271
     1
  0
XRECORD
  5
39D8
102
{ACAD_REACTORS
330
39D5
102
}
330
39D5
100
AcDbXrecord
280
     1
270
     1
271
     1
  0
CELLSTYLEMAP
  5
3A44
102
{ACAD_REACTORS
330
3A43
102
}
330
3A43
100
AcDbCellStyleMap
 90
        3
300
CELLSTYLE
  1
TABLEFORMAT_BEGIN
 90
        5
170
     1
 91
        0
 92
    32768
 62
   257
 93
        1
300
CONTENTFORMAT
  1
CONTENTFORMAT_BEGIN
 90
        0
 91
        0
 92
      512
 93
        0
300

 40
0.0
140
1.0
 94
        5
 62
     0
340
10
144
0.25
309
CONTENTFORMAT_END
171
     0
 94
        0
309
TABLEFORMAT_END
  1
CELLSTYLE_BEGIN
 90
        1
 91
        1
300
_TITLE
309
CELLSTYLE_END
300
CELLSTYLE
  1
TABLEFORMAT_BEGIN
 90
        5
170
     1
 91
        0
 92
        0
 62
   257
 93
        1
300
CONTENTFORMAT
  1
CONTENTFORMAT_BEGIN
 90
        0
 91
        0
 92
      512
 93
        0
300

 40
0.0
140
1.0
 94
        5
 62
     0
340
10
144
0.18
309
CONTENTFORMAT_END
171
     0
 94
        0
309
TABLEFORMAT_END
  1
CELLSTYLE_BEGIN
 90
        2
 91
        1
300
_HEADER
309
CELLSTYLE_END
300
CELLSTYLE
  1
TABLEFORMAT_BEGIN
 90
        5
170
     1
 91
        0
 92
        0
 62
   257
 93
        1
300
CONTENTFORMAT
  1
CONTENTFORMAT_BEGIN
 90
        0
 91
        0
 92
      512
 93
        0
300

 40
0.0
140
1.0
 94
        2
 62
     0
340
10
144
0.18
309
CONTENTFORMAT_END
171
     0
 94
        0
309
TABLEFORMAT_END
  1
CELLSTYLE_BEGIN
 90
        3
 91
        2
300
_DATA
309
CELLSTYLE_END
  0
ENDSEC
  0
EOF
